-- phpMyAdmin SQL Dump
-- version 4.4.15.10
-- https://www.phpmyadmin.net
--
-- Host: localhost
-- Generation Time: Jan 21, 2025 at 07:16 AM
-- Server version: 8.0.36
-- PHP Version: 7.4.33

SET SQL_MODE = "NO_AUTO_VALUE_ON_ZERO";
SET time_zone = "+00:00";


/*!40101 SET @OLD_CHARACTER_SET_CLIENT=@@CHARACTER_SET_CLIENT */;
/*!40101 SET @OLD_CHARACTER_SET_RESULTS=@@CHARACTER_SET_RESULTS */;
/*!40101 SET @OLD_COLLATION_CONNECTION=@@COLLATION_CONNECTION */;
/*!40101 SET NAMES utf8mb4 */;

--
-- Database: `mso_automation`
--
CREATE DATABASE IF NOT EXISTS `mso_automation` DEFAULT CHARACTER SET latin1 COLLATE latin1_swedish_ci;
USE `mso_automation`;

-- --------------------------------------------------------

--
-- Table structure for table `automation_dashboard_child`
--

DROP TABLE IF EXISTS `automation_dashboard_child`;
CREATE TABLE IF NOT EXISTS `automation_dashboard_child` (
  `id` int NOT NULL,
  `automation_dashboard_id` int NOT NULL,
  `automation_name` varchar(255) DEFAULT NULL,
  `automation_desc` varchar(255) DEFAULT NULL
) ENGINE=InnoDB AUTO_INCREMENT=230 DEFAULT CHARSET=utf8mb4 COLLATE=utf8mb4_0900_ai_ci;

--
-- Dumping data for table `automation_dashboard_child`
--

INSERT INTO `automation_dashboard_child` (`id`, `automation_dashboard_id`, `automation_name`, `automation_desc`) VALUES
(1, 1, '', ''),
(2, 2, '', ''),
(3, 3, '', ''),
(4, 4, '', ''),
(5, 5, '', ''),
(6, 6, '', ''),
(7, 7, '', ''),
(8, 8, '', ''),
(9, 9, '', ''),
(10, 10, '', ''),
(60, 59, '', ''),
(61, 60, '', ''),
(62, 61, '', ''),
(63, 62, '', ''),
(64, 63, '', ''),
(65, 64, '', ''),
(66, 65, '', ''),
(67, 66, '', ''),
(68, 67, '', ''),
(69, 68, '', ''),
(70, 69, '', ''),
(71, 70, '', ''),
(72, 71, '', ''),
(73, 72, '', ''),
(74, 73, '', ''),
(75, 74, '', ''),
(76, 75, '', ''),
(77, 76, '', ''),
(78, 77, 'MTNA', 'MTNA'),
(79, 78, 'NA', 'NA'),
(80, 79, 'NA', 'NA'),
(81, 80, 'NA', 'NA'),
(82, 81, 'NA', 'NA'),
(83, 82, 'NA', 'NA'),
(84, 83, '', ''),
(85, 84, 'NA', 'NA'),
(86, 85, '', ''),
(87, 86, 'NA', 'NA'),
(88, 87, 'NA', 'NA'),
(89, 88, '', ''),
(90, 89, 'NA', 'NA'),
(91, 90, '', ''),
(92, 91, 'NA', 'NA'),
(93, 92, '', ''),
(94, 93, '', ''),
(95, 94, '', ''),
(96, 95, '', ''),
(97, 96, '', ''),
(98, 97, '', ''),
(99, 98, '', ''),
(100, 99, 'NA', 'NA'),
(101, 100, 'NA', 'NA'),
(102, 101, '', ''),
(103, 102, 'NA', 'NA'),
(104, 103, 'NA', 'NA'),
(105, 104, 'NA', 'NA'),
(106, 105, 'NA', 'NA'),
(107, 106, 'NA', 'NA'),
(108, 107, 'NA', 'NA'),
(109, 108, 'NA', 'NA'),
(110, 109, 'NA', 'NA'),
(111, 110, 'NA', 'NA'),
(112, 111, 'NA', 'NA'),
(113, 112, 'NA', 'NA'),
(114, 113, 'NA', 'NA'),
(115, 114, 'NA', 'NA'),
(116, 115, 'NA', 'NA'),
(117, 116, 'NA', 'NA'),
(118, 117, 'NA', 'NA'),
(119, 118, 'NA', 'NA'),
(120, 119, 'NA', 'NA'),
(121, 120, 'NA', 'NA'),
(122, 121, 'NA', 'NA'),
(123, 122, 'NA', 'NA'),
(124, 123, 'NA', 'NA'),
(125, 124, 'NA', 'NA'),
(126, 125, 'NA', 'NA'),
(127, 126, 'NA', 'NA'),
(128, 127, 'NA', 'NA'),
(129, 128, 'NA', 'NA'),
(130, 129, 'NA', 'NA'),
(131, 130, 'NA', 'NA'),
(132, 131, 'NA', 'NA'),
(133, 132, 'NA', 'NA'),
(134, 133, 'NA', 'NA'),
(135, 134, 'NA', 'NA'),
(136, 135, 'NA', 'NA'),
(137, 136, 'NA', 'NA'),
(138, 137, 'NA', 'NA'),
(139, 138, 'NA', 'NA'),
(140, 139, 'NA', 'NA'),
(141, 140, 'NA', 'NA'),
(142, 141, 'NA', 'NA'),
(143, 142, 'NA', 'NA'),
(144, 143, 'NA', 'NA'),
(145, 144, 'NA', 'NA'),
(146, 145, 'NA', 'NA'),
(147, 146, 'NA', 'NA'),
(148, 147, 'NA', 'NA'),
(149, 148, 'NA', 'NA'),
(150, 149, 'NA', 'NA'),
(151, 150, 'NA', 'NA'),
(152, 151, 'NA', 'NA'),
(153, 152, 'NA', 'NA'),
(154, 153, 'NA', 'NA'),
(155, 154, 'NA', 'NA'),
(156, 155, 'NA', 'NA'),
(157, 156, 'NA', 'NA'),
(158, 157, 'NA', 'NA'),
(159, 158, 'NA', 'NA'),
(160, 159, 'NA', 'NA'),
(161, 160, 'NA', 'NA'),
(162, 161, 'NA', 'NA'),
(163, 162, 'NA', 'NA'),
(164, 163, 'NA', 'NA'),
(165, 164, 'NA', 'NA'),
(166, 165, 'NA', 'NA'),
(167, 166, 'NA', 'NA'),
(168, 167, 'NA', 'NA'),
(169, 168, 'NA', 'NA'),
(170, 169, 'NA', 'NA'),
(171, 170, 'NA', 'NA'),
(172, 171, 'NA', 'NA'),
(173, 172, 'NA', 'NA'),
(174, 173, 'NA', 'NA'),
(175, 174, 'NA', 'NA'),
(176, 175, 'NA', 'NA'),
(177, 176, 'NA', 'NA'),
(178, 177, 'NA', 'NA'),
(179, 178, 'NA', 'NA'),
(180, 179, 'NA', 'NA'),
(181, 180, 'NA', 'NA'),
(182, 181, 'NA', 'NA'),
(183, 182, 'NA', 'NA'),
(184, 183, 'NA', 'NA'),
(185, 184, 'NA', 'NA'),
(186, 185, 'NA', 'NA'),
(187, 186, 'NA', 'NA'),
(188, 187, 'NA', 'NA'),
(189, 188, 'NA', 'NA'),
(190, 189, 'NA', 'NA'),
(191, 190, 'NA', 'NA'),
(192, 191, 'NA', 'NA'),
(193, 192, 'NA', 'NA'),
(194, 193, 'NA', 'NA'),
(195, 194, 'NA', 'NA'),
(196, 195, 'NA', 'NA'),
(197, 196, 'NA', 'NA'),
(198, 197, 'NA', 'NA'),
(199, 198, 'NA', 'NA'),
(200, 199, 'NA', 'NA'),
(201, 200, '0', '00'),
(202, 201, '0', '0'),
(203, 202, 'NA', 'NA'),
(204, 203, '1', '1'),
(205, 204, 'NA', 'NA'),
(206, 205, 'NA', 'NA'),
(207, 206, 'NA', 'NA'),
(208, 207, 'NA', 'NA'),
(209, 208, 'NA', 'NA'),
(210, 209, 'NA', 'NA'),
(211, 210, 'NA', 'NA'),
(212, 211, 'NA', 'NA'),
(213, 212, 'NA', 'NA'),
(214, 213, 'NA', 'NA'),
(215, 214, 'NA', 'NA'),
(216, 215, 'NA', 'NA'),
(217, 216, 'NA', 'NA'),
(218, 217, 'NA', 'NA'),
(219, 218, 'NA', 'NA'),
(220, 219, 'NA', 'NA'),
(221, 220, 'NA', 'NA'),
(222, 221, 'NA', 'NA'),
(223, 222, 'NA', 'NA'),
(224, 223, 'NA', 'NA'),
(225, 224, 'NA', 'NA'),
(226, 225, 'NA', 'NA'),
(227, 226, 'NA', 'NA'),
(228, 227, 'NA', 'NA'),
(229, 228, 'NA', 'NA');

-- --------------------------------------------------------

--
-- Table structure for table `automation_dashboard_master`
--

DROP TABLE IF EXISTS `automation_dashboard_master`;
CREATE TABLE IF NOT EXISTS `automation_dashboard_master` (
  `id` int NOT NULL,
  `opcos_list_id` int NOT NULL,
  `month_number` int NOT NULL,
  `year` int NOT NULL,
  `automation_count` int NOT NULL,
  `add1` varchar(45) DEFAULT NULL,
  `add2` varchar(45) DEFAULT NULL,
  `add3` varchar(45) DEFAULT NULL
) ENGINE=InnoDB AUTO_INCREMENT=229 DEFAULT CHARSET=utf8mb4 COLLATE=utf8mb4_0900_ai_ci;

--
-- Dumping data for table `automation_dashboard_master`
--

INSERT INTO `automation_dashboard_master` (`id`, `opcos_list_id`, `month_number`, `year`, `automation_count`, `add1`, `add2`, `add3`) VALUES
(1, 76, 5, 2023, 1, NULL, NULL, NULL),
(2, 77, 5, 2023, 0, NULL, NULL, NULL),
(3, 78, 5, 2023, 0, NULL, NULL, NULL),
(4, 79, 5, 2023, 0, NULL, NULL, NULL),
(5, 80, 5, 2023, 0, NULL, NULL, NULL),
(6, 81, 5, 2023, 0, NULL, NULL, NULL),
(7, 82, 5, 2023, 0, NULL, NULL, NULL),
(8, 83, 5, 2023, 0, NULL, NULL, NULL),
(9, 85, 5, 2023, 0, NULL, NULL, NULL),
(10, 91, 5, 2023, 0, NULL, NULL, NULL),
(60, 76, 6, 2023, 0, NULL, NULL, NULL),
(61, 80, 6, 2023, 0, NULL, NULL, NULL),
(62, 83, 6, 2023, 0, NULL, NULL, NULL),
(63, 84, 6, 2023, 0, NULL, NULL, NULL),
(64, 90, 5, 2023, 0, NULL, NULL, NULL),
(65, 78, 6, 2023, 0, NULL, NULL, NULL),
(66, 82, 6, 2023, 0, NULL, NULL, NULL),
(67, 86, 6, 2023, 0, NULL, NULL, NULL),
(68, 85, 6, 2023, 0, NULL, NULL, NULL),
(69, 79, 6, 2023, 0, NULL, NULL, NULL),
(70, 77, 6, 2023, 0, NULL, NULL, NULL),
(71, 81, 6, 2023, 0, NULL, NULL, NULL),
(72, 90, 6, 2023, 0, NULL, NULL, NULL),
(73, 91, 6, 2023, 0, NULL, NULL, NULL),
(76, 76, 7, 2023, 0, NULL, NULL, NULL),
(77, 76, 1, 2023, 1, NULL, NULL, NULL),
(78, 77, 1, 2023, 0, NULL, NULL, NULL),
(79, 78, 1, 2023, 1, NULL, NULL, NULL),
(80, 79, 1, 2023, 1, NULL, NULL, NULL),
(81, 80, 1, 2023, 1, NULL, NULL, NULL),
(82, 81, 1, 2023, 1, NULL, NULL, NULL),
(83, 76, 2, 2023, 0, NULL, NULL, NULL),
(84, 82, 1, 2023, 1, NULL, NULL, NULL),
(85, 77, 2, 2023, 0, NULL, NULL, NULL),
(86, 83, 1, 2023, 1, NULL, NULL, NULL),
(87, 84, 1, 2023, 1, NULL, NULL, NULL),
(88, 78, 2, 2023, 0, NULL, NULL, NULL),
(89, 85, 1, 2023, 1, NULL, NULL, NULL),
(90, 79, 2, 2023, 0, NULL, NULL, NULL),
(91, 86, 1, 2023, 1, NULL, NULL, NULL),
(92, 80, 2, 2023, 0, NULL, NULL, NULL),
(93, 81, 2, 2023, 0, NULL, NULL, NULL),
(94, 82, 2, 2023, 0, NULL, NULL, NULL),
(95, 83, 2, 2023, 0, NULL, NULL, NULL),
(96, 84, 2, 2023, 0, NULL, NULL, NULL),
(97, 85, 2, 2023, 0, NULL, NULL, NULL),
(98, 86, 2, 2023, 0, NULL, NULL, NULL),
(99, 76, 7, 2023, 1, NULL, NULL, NULL),
(100, 76, 7, 2023, 1, NULL, NULL, NULL),
(101, 90, 2, 2023, 0, NULL, NULL, NULL),
(102, 76, 3, 2023, 1, NULL, NULL, NULL),
(103, 77, 3, 2023, 0, NULL, NULL, NULL),
(104, 78, 3, 2023, 0, NULL, NULL, NULL),
(105, 79, 3, 2023, 0, NULL, NULL, NULL),
(106, 80, 3, 2023, 0, NULL, NULL, NULL),
(107, 81, 3, 2023, 0, NULL, NULL, NULL),
(108, 82, 3, 2023, 0, NULL, NULL, NULL),
(109, 83, 3, 2023, 0, NULL, NULL, NULL),
(110, 84, 3, 2023, 0, NULL, NULL, NULL),
(111, 85, 3, 2023, 0, NULL, NULL, NULL),
(112, 86, 3, 2023, 0, NULL, NULL, NULL),
(113, 76, 4, 2023, 0, NULL, NULL, NULL),
(114, 77, 4, 2023, 0, NULL, NULL, NULL),
(115, 78, 4, 2023, 0, NULL, NULL, NULL),
(116, 79, 4, 2023, 0, NULL, NULL, NULL),
(117, 80, 4, 2023, 0, NULL, NULL, NULL),
(118, 81, 4, 2023, 0, NULL, NULL, NULL),
(119, 82, 4, 2023, 0, NULL, NULL, NULL),
(120, 83, 4, 2023, 0, NULL, NULL, NULL),
(121, 84, 4, 2023, 0, NULL, NULL, NULL),
(122, 85, 4, 2023, 0, NULL, NULL, NULL),
(123, 86, 4, 2023, 0, NULL, NULL, NULL),
(124, 76, 7, 2023, 0, NULL, NULL, NULL),
(125, 76, 7, 2023, 0, NULL, NULL, NULL),
(126, 86, 7, 2023, 0, NULL, NULL, NULL),
(127, 85, 7, 2023, 0, NULL, NULL, NULL),
(128, 76, 7, 2023, 0, NULL, NULL, NULL),
(129, 76, 7, 2023, 0, NULL, NULL, NULL),
(130, 77, 7, 2023, 0, NULL, NULL, NULL),
(131, 84, 7, 2023, 0, NULL, NULL, NULL),
(132, 83, 7, 2023, 0, NULL, NULL, NULL),
(133, 82, 7, 2023, 0, NULL, NULL, NULL),
(134, 81, 7, 2023, 0, NULL, NULL, NULL),
(135, 80, 7, 2023, 0, NULL, NULL, NULL),
(136, 79, 7, 2023, 0, NULL, NULL, NULL),
(137, 78, 7, 2023, 0, NULL, NULL, NULL),
(138, 76, 8, 2023, 0, NULL, NULL, NULL),
(139, 77, 8, 2023, 0, NULL, NULL, NULL),
(140, 78, 8, 2023, 0, NULL, NULL, NULL),
(141, 79, 9, 2023, 0, NULL, NULL, NULL),
(142, 80, 8, 2023, 0, NULL, NULL, NULL),
(143, 81, 8, 2023, 0, NULL, NULL, NULL),
(144, 86, 8, 2023, 0, NULL, NULL, NULL),
(145, 85, 8, 2023, 0, NULL, NULL, NULL),
(146, 84, 8, 2023, 0, NULL, NULL, NULL),
(147, 83, 8, 2023, 0, NULL, NULL, NULL),
(148, 76, 9, 2023, 0, NULL, NULL, NULL),
(149, 77, 9, 2023, 0, NULL, NULL, NULL),
(150, 78, 9, 2023, 0, NULL, NULL, NULL),
(151, 79, 9, 2023, 0, NULL, NULL, NULL),
(152, 79, 9, 2023, 0, NULL, NULL, NULL),
(153, 79, 9, 2023, 0, NULL, NULL, NULL),
(154, 80, 9, 2023, 0, NULL, NULL, NULL),
(155, 80, 9, 2023, 0, NULL, NULL, NULL),
(156, 81, 9, 2023, 0, NULL, NULL, NULL),
(157, 82, 8, 2023, 0, NULL, NULL, NULL),
(158, 79, 8, 2023, 0, NULL, NULL, NULL),
(159, 81, 9, 2023, 0, NULL, NULL, NULL),
(160, 82, 9, 2023, 0, NULL, NULL, NULL),
(161, 83, 9, 2023, 0, NULL, NULL, NULL),
(162, 84, 9, 2023, 0, NULL, NULL, NULL),
(163, 85, 9, 2023, 0, NULL, NULL, NULL),
(164, 86, 9, 2023, 0, NULL, NULL, NULL),
(165, 76, 10, 2023, 0, NULL, NULL, NULL),
(166, 77, 10, 2023, 0, NULL, NULL, NULL),
(167, 78, 10, 2023, 0, NULL, NULL, NULL),
(168, 79, 10, 2023, 0, NULL, NULL, NULL),
(169, 80, 10, 2023, 0, NULL, NULL, NULL),
(170, 81, 10, 2023, 0, NULL, NULL, NULL),
(171, 82, 10, 2023, 0, NULL, NULL, NULL),
(172, 83, 10, 2023, 0, NULL, NULL, NULL),
(173, 84, 10, 2023, 0, NULL, NULL, NULL),
(174, 86, 10, 2023, 0, NULL, NULL, NULL),
(175, 85, 10, 2023, 0, NULL, NULL, NULL),
(176, 91, 1, 2023, 0, NULL, NULL, NULL),
(177, 91, 2, 2023, 0, NULL, NULL, NULL),
(178, 91, 3, 2023, 0, NULL, NULL, NULL),
(179, 91, 4, 2023, 0, NULL, NULL, NULL),
(180, 91, 7, 2023, 0, NULL, NULL, NULL),
(181, 91, 8, 2023, 0, NULL, NULL, NULL),
(182, 91, 9, 2023, 0, NULL, NULL, NULL),
(183, 91, 10, 2023, 0, NULL, NULL, NULL),
(184, 91, 11, 2023, 0, NULL, NULL, NULL),
(188, 81, 11, 2023, 0, NULL, NULL, NULL),
(189, 82, 11, 2023, 0, NULL, NULL, NULL),
(190, 84, 11, 2023, 0, NULL, NULL, NULL),
(191, 86, 11, 2023, 0, NULL, NULL, NULL),
(192, 90, 11, 2023, 0, NULL, NULL, NULL),
(193, 80, 11, 2023, 0, NULL, NULL, NULL),
(194, 83, 11, 2023, 0, NULL, NULL, NULL),
(195, 85, 11, 2023, 0, NULL, NULL, NULL),
(196, 91, 11, 2023, 0, NULL, NULL, NULL),
(197, 77, 11, 2023, 0, NULL, NULL, NULL),
(198, 78, 11, 2023, 0, NULL, NULL, NULL),
(199, 79, 11, 2023, 0, NULL, NULL, NULL),
(200, 77, 11, 2020, 0, NULL, NULL, NULL),
(201, 77, 11, 2023, 0, NULL, NULL, NULL),
(202, 77, 10, 2023, 0, NULL, NULL, NULL),
(203, 78, 11, 2023, 1, NULL, NULL, NULL),
(204, 77, 11, 2023, 0, NULL, NULL, NULL),
(205, 77, 12, 2023, 0, NULL, NULL, NULL),
(206, 78, 12, 2023, 0, NULL, NULL, NULL),
(207, 79, 12, 2023, 0, NULL, NULL, NULL),
(208, 80, 12, 2023, 0, NULL, NULL, NULL),
(209, 81, 12, 2023, 0, NULL, NULL, NULL),
(210, 82, 12, 2023, 0, NULL, NULL, NULL),
(211, 83, 12, 2023, 0, NULL, NULL, NULL),
(212, 84, 12, 2023, 0, NULL, NULL, NULL),
(213, 85, 12, 2023, 0, NULL, NULL, NULL),
(214, 86, 12, 2023, 0, NULL, NULL, NULL),
(215, 90, 12, 2023, 0, NULL, NULL, NULL),
(216, 91, 12, 2023, 0, NULL, NULL, NULL),
(217, 77, 1, 2024, 0, NULL, NULL, NULL),
(218, 78, 1, 2024, 0, NULL, NULL, NULL),
(219, 79, 1, 2024, 0, NULL, NULL, NULL),
(220, 80, 1, 2024, 0, NULL, NULL, NULL),
(221, 81, 1, 2024, 0, NULL, NULL, NULL),
(222, 82, 1, 2024, 0, NULL, NULL, NULL),
(223, 83, 1, 2024, 0, NULL, NULL, NULL),
(224, 84, 1, 2024, 0, NULL, NULL, NULL),
(225, 85, 1, 2024, 0, NULL, NULL, NULL),
(226, 86, 1, 2024, 0, NULL, NULL, NULL),
(227, 90, 1, 2024, 0, NULL, NULL, NULL),
(228, 91, 1, 2024, 0, NULL, NULL, NULL);

-- --------------------------------------------------------

--
-- Table structure for table `bill_cycle_period`
--

DROP TABLE IF EXISTS `bill_cycle_period`;
CREATE TABLE IF NOT EXISTS `bill_cycle_period` (
  `id` int NOT NULL,
  `opcos_list_id` int NOT NULL,
  `main_bill_cycle_period` varchar(50) DEFAULT NULL,
  `add1` varchar(45) DEFAULT NULL,
  `add3` varchar(45) DEFAULT NULL,
  `add4` varchar(45) DEFAULT NULL
) ENGINE=InnoDB AUTO_INCREMENT=92 DEFAULT CHARSET=utf8mb4 COLLATE=utf8mb4_0900_ai_ci;

--
-- Dumping data for table `bill_cycle_period`
--

INSERT INTO `bill_cycle_period` (`id`, `opcos_list_id`, `main_bill_cycle_period`, `add1`, `add3`, `add4`) VALUES
(1, 1, '1st to 31st', NULL, NULL, NULL),
(2, 2, '1st to 31st', NULL, NULL, NULL),
(3, 3, '1st to 31st', NULL, NULL, NULL),
(4, 4, '1st to 31st', NULL, NULL, NULL),
(5, 5, '1st to 31st', NULL, NULL, NULL),
(6, 6, '1st to 31st', NULL, NULL, NULL),
(76, 76, '1st to 31st', NULL, NULL, NULL),
(77, 77, '1st to 31st', NULL, NULL, NULL),
(78, 78, '1st to 31st', NULL, NULL, NULL),
(79, 79, '1st to 31st', NULL, NULL, NULL),
(80, 80, '1st to 31st', NULL, NULL, NULL),
(81, 81, '1st to 31st', NULL, NULL, NULL),
(82, 82, '1st to 31st', NULL, NULL, NULL),
(83, 83, '1st to 31st', NULL, NULL, NULL),
(84, 84, '26th to 25th', NULL, NULL, NULL),
(85, 85, '26th to 25th', NULL, NULL, NULL),
(86, 86, '26th to 25th', NULL, NULL, NULL),
(87, 87, '22nd to 21st', NULL, NULL, NULL),
(88, 88, '1st to 31st', NULL, NULL, NULL),
(89, 89, '1st to 31st', NULL, NULL, NULL),
(90, 90, '1st to 31st', NULL, NULL, NULL),
(91, 91, '0 to 0', NULL, NULL, NULL);

-- --------------------------------------------------------

--
-- Table structure for table `bill_run_status`
--

DROP TABLE IF EXISTS `bill_run_status`;
CREATE TABLE IF NOT EXISTS `bill_run_status` (
  `id` int NOT NULL,
  `opcos_list_id` int NOT NULL,
  `month_number` int NOT NULL,
  `year` int NOT NULL,
  `main_bill_cycle_period` int NOT NULL,
  `main_bill_start_date` date NOT NULL,
  `main_bill_completion_date` date NOT NULL,
  `current_status` varchar(45) NOT NULL,
  `accounts_billed_count` int DEFAULT NULL,
  `service_billed_count` int DEFAULT NULL,
  `processing_time` varchar(45) NOT NULL,
  `invoice_verifcation_time` varchar(45) NOT NULL,
  `total_time` varchar(45) NOT NULL,
  `remarks` varchar(100) DEFAULT NULL,
  `add1` varchar(45) DEFAULT NULL,
  `add2` varchar(45) DEFAULT NULL,
  `add4` varchar(45) DEFAULT NULL,
  `add5` varchar(45) DEFAULT NULL
) ENGINE=InnoDB AUTO_INCREMENT=400 DEFAULT CHARSET=utf8mb4 COLLATE=utf8mb4_0900_ai_ci;

--
-- Dumping data for table `bill_run_status`
--

INSERT INTO `bill_run_status` (`id`, `opcos_list_id`, `month_number`, `year`, `main_bill_cycle_period`, `main_bill_start_date`, `main_bill_completion_date`, `current_status`, `accounts_billed_count`, `service_billed_count`, `processing_time`, `invoice_verifcation_time`, `total_time`, `remarks`, `add1`, `add2`, `add4`, `add5`) VALUES
(90, 76, 5, 2023, 1, '1970-01-01', '1970-01-01', '', 0, 0, '00:00:00', '00:00:00', '00:00:00', NULL, NULL, NULL, NULL, NULL),
(91, 77, 5, 2023, 1, '1970-01-01', '1970-01-01', '', 0, 0, '00:00:00', '00:00:00', '00:00:00', NULL, NULL, NULL, NULL, NULL),
(92, 78, 5, 2023, 1, '1970-01-01', '1970-01-01', '', 0, 0, '00:00:00', '00:00:00', '00:00:00', NULL, NULL, NULL, NULL, NULL),
(93, 79, 5, 2023, 1, '1970-01-01', '1970-01-01', '', 0, 0, '00:00:00', '00:00:00', '00:00:00', NULL, NULL, NULL, NULL, NULL),
(94, 80, 5, 2023, 1, '1970-01-01', '1970-01-01', '', 0, 0, '00:00:00', '00:00:00', '00:00:00', NULL, NULL, NULL, NULL, NULL),
(95, 81, 5, 2023, 1, '1970-01-01', '1970-01-01', '', 0, 0, '00:00:00', '00:00:00', '00:00:00', NULL, NULL, NULL, NULL, NULL),
(96, 82, 5, 2023, 1, '1970-01-01', '1970-01-01', '', 0, 0, '00:00:00', '00:00:00', '00:00:00', NULL, NULL, NULL, NULL, NULL),
(97, 83, 5, 2023, 1, '1970-01-01', '1970-01-01', '', 0, 0, '00:00:00', '00:00:00', '00:00:00', NULL, NULL, NULL, NULL, NULL),
(98, 85, 5, 2023, 26, '1970-01-01', '1970-01-01', '', 0, 0, '00:00:00', '00:00:00', '00:00:00', NULL, NULL, NULL, NULL, NULL),
(99, 91, 5, 2023, 0, '1970-01-01', '1970-01-01', '', 0, 0, '00:00:00', '00:00:00', '00:00:00', NULL, NULL, NULL, NULL, NULL),
(101, 76, 6, 2023, 1, '2023-07-01', '2023-07-01', 'completed', 6002, 6572, '4:17:00', '02:30:00', '6:47:47', NULL, NULL, NULL, NULL, NULL),
(102, 80, 6, 2023, 1, '2023-07-01', '2023-07-01', 'completed', 18658, 205218, '16:55:00', '00:00:00', '16:55:55', NULL, NULL, NULL, NULL, NULL),
(103, 83, 6, 2023, 1, '1970-01-01', '1970-01-01', '', 0, 0, '00:00:00', '00:00:00', '00:00:00', NULL, NULL, NULL, NULL, NULL),
(104, 84, 6, 2023, 26, '2023-06-29', '2023-07-02', 'completed', 5289, 51769, '05:23:21', '42:35:00', '47:58:58', NULL, NULL, NULL, NULL, NULL),
(105, 90, 5, 2023, 1, '2023-07-01', '2023-07-01', 'completed', 76753, 152820, '03:00:45', '00:00:00', '3:0:0', NULL, NULL, NULL, NULL, NULL),
(106, 78, 6, 2023, 1, '2023-07-01', '2023-07-02', 'completed', 59941, 270661, '26:55:55', '12:33:59', '39:29:29', NULL, NULL, NULL, NULL, NULL),
(107, 82, 6, 2023, 1, '2023-07-03', '2023-07-05', 'completed', 151755, 332629, '06:05:52', '04:04:50', '10:10:10', NULL, NULL, NULL, NULL, NULL),
(108, 86, 6, 2023, 26, '2023-06-26', '2023-07-01', 'completed', 2401, 177869, '21:41:40', '78:22:33', '100:4:4', NULL, NULL, NULL, NULL, NULL),
(109, 85, 6, 2023, 26, '2023-06-26', '2023-07-03', 'completed', 17155, 389950, '37:45:00', '14:00:00', '51:45:45', NULL, NULL, NULL, NULL, NULL),
(110, 79, 6, 2023, 1, '2023-07-05', '2023-07-06', 'completed', 2857, 47662, '02:35:36', '01:12:00', '3:47:47', NULL, NULL, NULL, NULL, NULL),
(111, 77, 6, 2023, 1, '2023-07-03', '2023-07-03', 'completed', 20935, 107389, '02:09:42', '00:00:00', '2:9:9', NULL, NULL, NULL, NULL, NULL),
(112, 81, 6, 2023, 1, '2023-07-01', '2023-07-01', 'completed', 2413, 35940, '03:31:47', '00:15:00', '3:46:46', NULL, NULL, NULL, NULL, NULL),
(113, 90, 6, 2023, 1, '1970-01-01', '1970-01-01', '', 0, 0, '00:00:00', '00:00:00', '00:00:00', NULL, NULL, NULL, NULL, NULL),
(114, 91, 6, 2023, 0, '1970-01-01', '1970-01-01', '', 0, 0, '00:00:00', '00:00:00', '00:00:00', NULL, NULL, NULL, NULL, NULL),
(116, 76, 7, 2023, 1, '1970-01-01', '1970-01-01', '', 0, 0, '00:00:00', '00:00:00', '00:00:00', NULL, NULL, NULL, NULL, NULL),
(117, 76, 1, 2023, 1, '2023-03-01', '2023-02-01', 'completed', 7085, 7979, '03:32:00', '07:38:00', '11:10:10', NULL, NULL, NULL, NULL, NULL),
(118, 77, 1, 2023, 1, '2023-02-02', '2023-02-03', 'completed', 20523, 102831, '04:08:55', '00:06:00', '4:14:14', NULL, NULL, NULL, NULL, NULL),
(119, 78, 1, 2023, 1, '2023-02-01', '2023-02-02', 'completed', 59600, 265880, '17:06:54', '15:42:59', '32:49:49', NULL, NULL, NULL, NULL, NULL),
(120, 79, 1, 2023, 1, '2023-02-04', '2023-02-05', 'completed', 2884, 44982, '01:51:10', '04:30:00', '6:21:21', NULL, NULL, NULL, NULL, NULL),
(121, 80, 1, 2023, 1, '2023-02-01', '2023-02-02', 'completed', 18306, 202036, '13:00:00', '00:00:00', '13:0:0', NULL, NULL, NULL, NULL, NULL),
(122, 81, 1, 2023, 1, '2023-02-01', '2023-02-01', 'completed', 2449, 37090, '02:37:17', '00:20:00', '2:57:57', NULL, NULL, NULL, NULL, NULL),
(123, 76, 2, 2023, 1, '2023-03-01', '2023-03-01', '', 6591, 7194, '03:42:00', '06:28:00', '10:10:10', NULL, NULL, NULL, NULL, NULL),
(124, 82, 1, 2023, 1, '2023-02-07', '2023-02-08', 'completed', 152159, 321939, '09:25:23', '05:23:50', '14:49:49', NULL, NULL, NULL, NULL, NULL),
(125, 77, 2, 2023, 1, '2023-03-02', '2023-03-02', '', 20556, 103900, '07:05:18', '01:37:54', '8:43:43', NULL, NULL, NULL, NULL, NULL),
(126, 83, 1, 2023, 1, '2023-03-08', '2023-03-12', 'completed', 99101, 242462, '48:25:30', '00:00:00', '48:25:25', NULL, NULL, NULL, NULL, NULL),
(127, 84, 1, 2023, 26, '2023-01-27', '2023-01-31', 'completed', 4987, 49155, '05:17:19', '91:43:05', '97:0:0', NULL, NULL, NULL, NULL, NULL),
(128, 78, 2, 2023, 1, '2023-03-02', '2023-03-02', '', 59668, 266907, '20:43:55', '12:33:59', '33:17:17', NULL, NULL, NULL, NULL, NULL),
(129, 85, 1, 2023, 26, '2023-01-26', '2023-02-01', 'completed', 17746, 81831, '49:16:00', '26:39:00', '75:55:55', NULL, NULL, NULL, NULL, NULL),
(130, 79, 2, 2023, 1, '2023-02-05', '2023-02-05', '', 2876, 56019, '01:20:00', '02:03:22', '3:23:23', NULL, NULL, NULL, NULL, NULL),
(131, 86, 1, 2023, 26, '2023-01-27', '2023-02-01', 'completed', 2323, 161833, '70:45:13', '48:37:27', '119:22:22', NULL, NULL, NULL, NULL, NULL),
(132, 80, 2, 2023, 1, '2023-03-01', '2023-03-01', '', 18375, 204384, '08:10:00', '00:00:00', '8:10:10', NULL, NULL, NULL, NULL, NULL),
(133, 81, 2, 2023, 1, '2023-03-01', '2023-03-01', '', 2437, 36976, '03:06:47', '00:20:00', '3:26:26', NULL, NULL, NULL, NULL, NULL),
(134, 82, 2, 2023, 1, '2023-03-05', '2023-03-05', '', 152135, 326374, '06:36:34', '01:12:50', '7:49:49', NULL, NULL, NULL, NULL, NULL),
(135, 83, 2, 2023, 1, '2023-03-22', '2023-03-26', '', 99302, 242696, '98:40:20', '00:00:00', '98:40:40', NULL, NULL, NULL, NULL, NULL),
(136, 84, 2, 2023, 26, '2023-02-27', '2023-03-04', '', 5063, 49909, '05:19:25', '17:32:08', '22:51:51', NULL, NULL, NULL, NULL, NULL),
(137, 85, 2, 2023, 26, '2023-02-26', '2023-03-03', '', 17876, 83461, '64:18:00', '30:52:00', '95:10:10', NULL, NULL, NULL, NULL, NULL),
(138, 86, 2, 2023, 26, '2023-02-27', '2023-03-04', '', 2334, 167444, '123:32:26', '47:58:59', '171:31:31', NULL, NULL, NULL, NULL, NULL),
(139, 90, 2, 2023, 1, '2023-03-01', '2023-03-01', '', 75026, 149652, '02:52:01', '00:00:00', '2:52:52', NULL, NULL, NULL, NULL, NULL),
(140, 76, 3, 2023, 1, '2023-04-01', '2023-04-01', 'completed', 6419, 7014, '03:40:00', '03:47:00', '7:27:27', NULL, NULL, NULL, NULL, NULL),
(141, 77, 3, 2023, 1, '2023-04-03', '2023-04-03', 'completed', 20679, 106319, '04:14:56', '00:16:00', '4:30:30', NULL, NULL, NULL, NULL, NULL),
(142, 78, 3, 2023, 1, '2023-04-01', '2023-04-02', 'completed', 59708, 268070, '33:32:55', '14:42:59', '48:15:15', NULL, NULL, NULL, NULL, NULL),
(143, 79, 3, 2023, 1, '2023-04-03', '2023-04-04', 'completed', 2877, 46014, '02:08:33', '01:16:00', '3:24:24', NULL, NULL, NULL, NULL, NULL),
(144, 80, 3, 2023, 1, '2023-04-01', '2023-04-01', 'completed', 18434, 206971, '27:50:00', '00:00:00', '27:50:50', NULL, NULL, NULL, NULL, NULL),
(145, 81, 3, 2023, 1, '2023-04-01', '2023-04-01', 'completed', 2449, 36376, '03:08:47', '00:20:00', '3:28:28', NULL, NULL, NULL, NULL, NULL),
(146, 82, 3, 2023, 1, '2023-04-04', '2023-04-05', 'completed', 152048, 326720, '06:20:47', '11:23:50', '17:44:44', NULL, NULL, NULL, NULL, NULL),
(147, 83, 3, 2023, 1, '2023-04-08', '2023-04-13', 'completed', 99368, 278836, '97:40:25', '00:00:00', '97:40:40', NULL, NULL, NULL, NULL, NULL),
(148, 84, 3, 2023, 26, '2023-04-27', '2023-04-01', 'completed', 5098, 50168, '05:22:39', '85:45:00', '91:7:7', NULL, NULL, NULL, NULL, NULL),
(149, 85, 3, 2023, 26, '2023-03-26', '2023-04-03', 'completed', 17242, 83852, '147:24:00', '28:00:00', '175:24:24', NULL, NULL, NULL, NULL, NULL),
(150, 86, 3, 2023, 26, '2023-03-27', '2023-03-29', 'completed', 2351, 169705, '47:35:44', '70:12:46', '117:48:48', NULL, NULL, NULL, NULL, NULL),
(151, 76, 4, 2023, 1, '2023-05-01', '2023-05-01', 'completed', 6297, 6866, '03:26:00', '04:29:00', '7:55:55', NULL, NULL, NULL, NULL, NULL),
(152, 77, 4, 2023, 1, '2023-05-02', '2023-05-03', 'completed', 20747, 106654, '14:32:15', '00:30:00', '15:2:2', NULL, NULL, NULL, NULL, NULL),
(153, 78, 4, 2023, 1, '2023-05-01', '2023-05-02', 'completed', 59810, 269437, '19:04:55', '12:14:59', '31:19:19', NULL, NULL, NULL, NULL, NULL),
(154, 79, 4, 2023, 1, '2023-05-03', '2023-05-04', 'completed', 2863, 63294, '03:37:21', '06:15:00', '9:52:52', NULL, NULL, NULL, NULL, NULL),
(155, 80, 4, 2023, 1, '2023-05-01', '2023-05-02', 'completed', 18784, 202582, '21:50:00', '00:00:00', '21:50:50', NULL, NULL, NULL, NULL, NULL),
(156, 81, 4, 2023, 1, '2023-04-01', '2023-04-01', 'completed', 2436, 36204, '03:23:47', '00:20:00', '3:43:43', NULL, NULL, NULL, NULL, NULL),
(157, 82, 4, 2023, 1, '2023-04-04', '2023-04-06', 'completed', 151614, 329526, '04:44:28', '07:05:50', '11:50:50', NULL, NULL, NULL, NULL, NULL),
(158, 83, 4, 2023, 1, '2023-05-01', '2023-05-04', 'completed', 99476, 242888, '65:50:28', '00:00:00', '65:50:50', NULL, NULL, NULL, NULL, NULL),
(159, 84, 4, 2023, 26, '2023-04-28', '2023-04-30', 'completed', 5171, 50890, '05:22:16', '41:43:00', '47:5:5', NULL, NULL, NULL, NULL, NULL),
(160, 85, 4, 2023, 26, '2023-04-26', '2023-05-02', 'completed', 17227, 88461, '127:08:00', '08:30:00', '135:38:38', NULL, NULL, NULL, NULL, NULL),
(161, 86, 4, 2023, 26, '2023-04-26', '2023-04-29', 'completed', 2370, 179145, '64:53:19', '59:02:51', '123:56:56', NULL, NULL, NULL, NULL, NULL),
(162, 86, 7, 2023, 26, '2023-07-26', '2023-06-27', 'completed', 2389, 176756, '22:13:23', '37:48:19', '60:1:1', NULL, NULL, NULL, NULL, NULL),
(163, 85, 7, 2023, 26, '2023-06-26', '2023-07-03', 'completed', 19691, 91871, '57:45:00', '11:00:00', '68:45:45', NULL, NULL, NULL, NULL, NULL),
(164, 77, 7, 2023, 1, '2023-08-03', '2023-08-03', 'completed', 7789, 83603, '01:47:00', '00:00:00', '1:47:47', NULL, NULL, NULL, NULL, NULL),
(165, 84, 7, 2023, 26, '2023-07-28', '2023-08-01', 'completed', 5247, 52076, '15:51:23', '43:41:58', '59:33:33', NULL, NULL, NULL, NULL, NULL),
(166, 83, 7, 2023, 1, '2023-08-01', '2023-08-02', 'completed', 31938, 247164, '35:19:59', '00:00:00', '35:19:19', NULL, NULL, NULL, NULL, NULL),
(167, 82, 7, 2023, 1, '2023-08-04', '2023-08-05', 'completed', 151628, 334811, '06:45:35', '1:27:50', '8:13:13', NULL, NULL, NULL, NULL, NULL),
(168, 81, 7, 2023, 1, '1970-01-01', '1970-01-01', 'completed', 0, 0, '00:00:00', '00:00:00', '00:00:00', NULL, NULL, NULL, NULL, NULL),
(169, 80, 7, 2023, 1, '2023-08-01', '2023-08-01', 'completed', 18656, 163037, '16:06:00', '00:00:00', '16:6:6', NULL, NULL, NULL, NULL, NULL),
(170, 79, 7, 2023, 1, '2023-08-05', '2023-08-07', 'completed', 2853, 43144, '02:45:09', '1:15:00', '4:0:0', NULL, NULL, NULL, NULL, NULL),
(171, 78, 7, 2023, 1, '2023-08-01', '2023-08-02', 'completed', 59894, 271834, '18:39:55', '10:24:59', '29:4:4', NULL, NULL, NULL, NULL, NULL),
(172, 76, 8, 2023, 1, '2023-09-01', '2023-09-01', 'completed', 5754, 6317, '06:40:00', '03:41:00', '10:21:21', NULL, NULL, NULL, NULL, NULL),
(173, 77, 8, 2023, 1, '2023-09-03', '2023-09-03', 'completed', 3836, 83535, '1:45:29', '00:00:00', '1:45:45', NULL, NULL, NULL, NULL, NULL),
(174, 78, 8, 2023, 1, '2023-09-01', '2023-09-02', 'completed', 59916, 273048, '13:34:54', '12:28:59', '26:3:3', NULL, NULL, NULL, NULL, NULL),
(175, 79, 9, 2023, 1, '2023-09-06', '2023-09-08', 'completed', 2742, 40133, '02:26:19', '01:12:00', '3:38:38', NULL, NULL, NULL, NULL, NULL),
(176, 80, 8, 2023, 1, '2023-09-01', '2023-09-02', 'completed', 18736, 209903, '26:00:00', '26:00:00', '52:0:0', NULL, NULL, NULL, NULL, NULL),
(177, 81, 8, 2023, 1, '2023-09-04', '2023-09-06', 'completed', 151788, 336495, '06:38:47', '00:17:50', '6:56:56', NULL, NULL, NULL, NULL, NULL),
(178, 86, 8, 2023, 26, '2023-08-26', '2023-08-31', 'completed', 2391, 180342, '115:46:51', '102:05:16', '217:52:52', NULL, NULL, NULL, NULL, NULL),
(179, 85, 8, 2023, 26, '2023-08-26', '2023-09-03', 'completed', 16954, 91282, '81:45:00', '32:00:00', '113:45:45', NULL, NULL, NULL, NULL, NULL),
(180, 84, 8, 2023, 26, '2023-08-29', '2023-08-31', 'completed', 5312, 51608, '15:46:09', '34:08:00', '49:54:54', NULL, NULL, NULL, NULL, NULL),
(181, 83, 8, 2023, 1, '2023-09-01', '2023-09-03', 'completed', 31708, 241716, '38:42:00', '00:00:00', '38:42:42', NULL, NULL, NULL, NULL, NULL),
(182, 76, 9, 2023, 1, '2023-10-01', '2023-10-01', 'completed', 5611, 6159, '03:34:00', '04:55:00', '8:29:29', NULL, NULL, NULL, NULL, NULL),
(183, 77, 9, 2023, 1, '2023-10-03', '2023-10-04', '', 3870, 79015, '02:12:28', '00:00:00', '2:12:12', NULL, NULL, NULL, NULL, NULL),
(184, 78, 9, 2023, 1, '2023-10-01', '2023-10-02', '', 59951, 273916, '27:38:55', '12:31:59', '40:10:10', NULL, NULL, NULL, NULL, NULL),
(185, 80, 9, 2023, 1, '2023-10-01', '2023-10-01', '', 18819, 193306, '16:20:00', '00:00:00', '16:20:20', NULL, NULL, NULL, NULL, NULL),
(186, 81, 9, 2023, 1, '2023-11-05', '2023-11-05', 'completed', 2431, 36614, '03:54:47', '00:15:00', '4:9:9', NULL, NULL, NULL, NULL, NULL),
(187, 82, 8, 2023, 1, '2023-09-04', '2023-09-06', '', 151788, 336495, '06:38:50', '00:17:50', '6:56:56', NULL, NULL, NULL, NULL, NULL),
(188, 79, 8, 2023, 1, '2023-09-06', '2023-09-08', 'completed', 2742, 40133, '02:26:19', '01:12:00', '3:38:38', NULL, NULL, NULL, NULL, NULL),
(189, 82, 9, 2023, 1, '2023-10-03', '2023-10-04', 'completed', 151552, 337659, '06:11:38', '01:45:50', '7:57:57', NULL, NULL, NULL, NULL, NULL),
(190, 83, 9, 2023, 1, '2023-10-02', '2023-10-04', 'completed', 31342, 234173, '34:13:00', '00:00:00', '34:13:13', NULL, NULL, NULL, NULL, NULL),
(191, 84, 9, 2023, 26, '2023-09-27', '2023-09-29', 'completed', 5338, 52256, '11:35:29', '14:00:59', '25:36:36', NULL, NULL, NULL, NULL, NULL),
(192, 85, 9, 2023, 26, '2023-09-26', '2023-10-03', 'completed', 16801, 92580, '81:45:00', '32:00:00', '113:45:45', NULL, NULL, NULL, NULL, NULL),
(193, 86, 9, 2023, 26, '2023-10-03', '2023-10-04', 'completed', 2307, 0, '14:26:11', '00:00:00', '14:26:26', NULL, NULL, NULL, NULL, NULL),
(194, 76, 10, 2023, 1, '2023-11-01', '2023-11-01', 'completed', 5480, 6024, '03:46:00', '05:14:00', '9:0:0', NULL, NULL, NULL, NULL, NULL),
(195, 77, 10, 2023, 1, '2023-11-04', '2023-11-05', 'completed', 3940, 80333, '02:02:45', '00:00:00', '2:2:2', NULL, NULL, NULL, NULL, NULL),
(196, 78, 10, 2023, 1, '2023-11-01', '2023-11-03', 'completed', 59982, 274653, '27:24:55', '10:16:59', '37:41:41', NULL, NULL, NULL, NULL, NULL),
(197, 79, 10, 2023, 1, '2023-11-07', '2023-11-08', 'completed', 2719, 40531, '06:25:51', '00:33:00', '6:58:58', NULL, NULL, NULL, NULL, NULL),
(198, 80, 10, 2023, 1, '2023-11-01', '2023-11-01', 'completed', 18893, 196071, '20:30:00', '00:00:00', '20:30:30', NULL, NULL, NULL, NULL, NULL),
(199, 81, 10, 2023, 1, '2023-11-07', '2023-11-07', 'completed', 2414, 36160, '03:54:47', '00:15:00', '4:9:9', NULL, NULL, NULL, NULL, NULL),
(200, 82, 10, 2023, 1, '2023-11-03', '2023-11-03', 'completed', 151855, 339139, '05:37:04', '00:55:50', '6:32:32', NULL, NULL, NULL, NULL, NULL),
(201, 83, 10, 2023, 1, '2023-11-03', '2023-11-07', 'completed', 31364, 237136, '40:11:00', '00:00:00', '40:11:11', NULL, NULL, NULL, NULL, NULL),
(202, 84, 10, 2023, 26, '2023-10-28', '2023-11-01', 'completed', 5371, 52609, '38:08:59', '39:10:00', '77:18:18', NULL, NULL, NULL, NULL, NULL),
(203, 86, 10, 2023, 26, '2023-11-02', '2023-11-04', 'completed', 2311, 0, '16:03:48', '00:00:00', '16:3:3', NULL, NULL, NULL, NULL, NULL),
(204, 85, 10, 2023, 26, '2023-10-26', '2023-11-03', 'completed', 16844, 93999, '105:45:00', '22:30:00', '128:15:15', NULL, NULL, NULL, NULL, NULL),
(205, 91, 1, 2023, 0, '2023-01-01', '2023-01-01', '', 0, 0, '00:00:00', '00:00:00', '00:00:00', NULL, NULL, NULL, NULL, NULL),
(206, 91, 2, 2023, 0, '2023-02-01', '2023-01-01', '', 0, 0, '00:00:00', '00:00:00', '00:00:00', NULL, NULL, NULL, NULL, NULL),
(207, 91, 3, 2023, 0, '2023-03-01', '2023-03-01', '', 0, 0, '00:00:00', '00:00:00', '00:00:00', NULL, NULL, NULL, NULL, NULL),
(208, 91, 4, 2023, 0, '2023-04-01', '2023-04-01', '', 0, 0, '0:00:00', '00:00:00', '0:0:0', NULL, NULL, NULL, NULL, NULL),
(209, 91, 7, 2023, 0, '2023-07-01', '2023-07-01', '', 0, 0, '00:00:00', '00:00:00', '00:00:00', NULL, NULL, NULL, NULL, NULL),
(210, 91, 8, 2023, 0, '2023-08-01', '2023-08-01', '', 0, 0, '00:00:00', '00:00:00', '00:00:00', NULL, NULL, NULL, NULL, NULL),
(211, 91, 9, 2023, 0, '2023-09-01', '2023-09-01', '', 0, 0, '00:00:00', '00:00:00', '00:00:00', NULL, NULL, NULL, NULL, NULL),
(212, 91, 10, 2023, 0, '2023-10-01', '2023-10-01', '', 0, 0, '00:00:00', '00:00:00', '00:00:00', NULL, NULL, NULL, NULL, NULL),
(213, 91, 11, 2023, 0, '2023-11-01', '2023-11-01', '', 0, 0, '00:00:00', '00:00:00', '00:00:00', NULL, NULL, NULL, NULL, NULL),
(217, 81, 11, 2023, 1, '2023-12-01', '2023-12-01', 'completed', 2412, 35711, '03:42:47', '00:15:00', '3:57:57', NULL, NULL, NULL, NULL, NULL),
(218, 82, 11, 2023, 1, '2023-12-04', '2023-12-05', 'completed', 151775, 338012, '06:13:43', '00:58:09', '7:11:11', NULL, NULL, NULL, NULL, NULL),
(219, 84, 11, 2023, 26, '2023-11-24', '2023-11-25', 'completed', 5342, 52060, '13:41:43', '3:36:00', '17:17:17', NULL, NULL, NULL, NULL, NULL),
(220, 86, 11, 2023, 26, '2023-12-01', '2023-12-01', 'completed', 2327, 0, '1:51:27', '00:00:00', '1:51:51', NULL, NULL, NULL, NULL, NULL),
(221, 90, 11, 2023, 1, '2023-12-01', '2023-12-01', 'completed', 79018, 160047, '2:26:44', '00:00:00', '2:26:26', NULL, NULL, NULL, NULL, NULL),
(222, 80, 11, 2023, 1, '2023-12-01', '2023-12-01', 'completed', 18915, 196031, '20:12:00', '00:00:00', '20:12:12', NULL, NULL, NULL, NULL, NULL),
(223, 83, 11, 2023, 1, '2023-12-01', '2023-12-03', 'completed', 31197, 239429, '42:49:00', '00:00:00', '42:49:49', NULL, NULL, NULL, NULL, NULL),
(224, 85, 11, 2023, 26, '2023-11-26', '2023-12-02', 'completed', 15452, 93999, '65:45:00', '22:30:00', '88:15:15', NULL, NULL, NULL, NULL, NULL),
(225, 91, 11, 2023, 0, '2023-12-01', '2023-12-01', '', 0, 0, '00:00:00', '00:00:00', '00:00:00', NULL, NULL, NULL, NULL, NULL),
(226, 77, 11, 2023, 1, '2023-12-04', '2023-12-04', 'completed', 3999, 81115, '02:32:20', '00:00:00', '2:32:32', NULL, NULL, NULL, NULL, NULL),
(227, 78, 11, 2023, 1, '2023-12-01', '2023-12-02', 'completed', 59953, 276681, '32:07:55', '9:48:59', '41:56:56', NULL, NULL, NULL, NULL, NULL),
(228, 79, 11, 2023, 1, '2023-12-04', '2023-12-05', 'completed', 2714, 40246, '2:41:35', '19:30:00', '22:11:11', NULL, NULL, NULL, NULL, NULL),
(229, 77, 11, 2020, 1, '2024-01-11', '2024-01-11', '', 0, 0, '0:0:0', '0:0:0', '0:0:0', NULL, NULL, NULL, NULL, NULL),
(230, 78, 11, 2023, 1, '2024-01-12', '2024-01-12', '', 1, 1, '1:1:1', '1:1:1', '2:2:2', NULL, NULL, NULL, NULL, NULL),
(231, 77, 11, 2023, 1, '2023-12-04', '2023-12-04', 'completed', 3999, 81115, '02:32:20', '00:00:00', '2:32:32', NULL, NULL, NULL, NULL, NULL),
(232, 77, 12, 2023, 1, '2024-01-02', '2024-01-04', 'completed', 4048, 82204, '01:39:12', '00:00:00', '1:39:39', NULL, NULL, NULL, NULL, NULL),
(233, 78, 12, 2023, 1, '2024-01-01', '2024-01-02', 'completed', 59976, 277624, '23:17:56', '10:27:59', '33:45:45', NULL, NULL, NULL, NULL, NULL),
(234, 79, 12, 2023, 1, '2024-01-03', '2024-01-04', 'completed', 2712, 40353, '04:1:54', '8:35:57', '12:37:37', NULL, NULL, NULL, NULL, NULL),
(235, 80, 12, 2023, 1, '2024-01-01', '2024-01-01', 'completed', 18882, 193743, '16:40:00', '00:00:00', '16:40:40', NULL, NULL, NULL, NULL, NULL),
(236, 81, 12, 2023, 1, '2024-01-01', '2024-01-01', 'completed', 2364, 34238, '03:40:47', '00:18:00', '3:58:58', NULL, NULL, NULL, NULL, NULL),
(237, 82, 12, 2023, 1, '2024-01-04', '2024-01-06', 'completed', 151332, 336251, '6:33:55', '1:41:09', '8:15:15', NULL, NULL, NULL, NULL, NULL),
(238, 83, 12, 2023, 1, '2024-01-01', '2024-01-03', 'completed', 31103, 236880, '40:07:00', '00:00:00', '40:7:7', NULL, NULL, NULL, NULL, NULL),
(239, 84, 12, 2023, 26, '2023-11-28', '2023-11-28', 'completed', 5280, 49476, '8:44:22', '00:00:00', '8:44:44', NULL, NULL, NULL, NULL, NULL),
(240, 85, 12, 2023, 26, '2023-11-26', '2024-01-01', 'completed', 14801, 89635, '72:55:00', '27:30:00', '100:25:25', NULL, NULL, NULL, NULL, NULL),
(241, 86, 12, 2023, 26, '2023-12-30', '2023-12-30', 'completed', 2340, 0, '1:18:25', '00:00:00', '1:18:18', NULL, NULL, NULL, NULL, NULL),
(242, 90, 12, 2023, 1, '2024-01-01', '2024-01-03', 'completed', 31103, 236880, '40:07:00', '00:00:00', '40:7:7', NULL, NULL, NULL, NULL, NULL),
(243, 91, 12, 2023, 0, '2024-01-01', '2024-01-01', '', 0, 0, '0:00:00', '00:00:00', '0:0:0', NULL, NULL, NULL, NULL, NULL),
(244, 77, 1, 2024, 1, '2024-02-03', '2024-02-04', 'completed', 4075, 82954, '01:35:06', '00:00:00', '1:35:35', NULL, NULL, NULL, NULL, NULL),
(245, 78, 1, 2024, 1, '2024-02-01', '2024-02-02', 'completed', 59980, 278515, '21:50:56', '08:24:59', '30:15:15', NULL, NULL, NULL, NULL, NULL),
(246, 79, 1, 2024, 1, '2024-02-05', '2024-02-06', 'completed', 2698, 40434, '2:59:14', '14:43:57', '17:43:43', NULL, NULL, NULL, NULL, NULL),
(247, 80, 1, 2024, 1, '2024-02-01', '2024-02-01', 'completed', 18972, 173022, '15:20:00', '00:00:00', '15:20:20', NULL, NULL, NULL, NULL, NULL),
(248, 81, 1, 2024, 1, '2024-02-01', '2024-02-01', 'completed', 2346, 33551, '03:40:05', '00:18:00', '3:58:58', NULL, NULL, NULL, NULL, NULL),
(249, 82, 1, 2024, 1, '2024-02-03', '2024-02-03', 'completed', 151197, 334808, '06:00:23', '2:31:09', '8:31:31', NULL, NULL, NULL, NULL, NULL),
(250, 83, 1, 2024, 1, '2024-02-01', '2024-02-04', 'completed', 30622, 205613, '43:34:00', '00:00:00', '43:34:34', NULL, NULL, NULL, NULL, NULL),
(251, 84, 1, 2024, 26, '2023-12-31', '2024-02-01', 'completed', 5296, 49434, '14:21:00', '00:00:00', '14:21:21', NULL, NULL, NULL, NULL, NULL),
(252, 85, 1, 2024, 26, '2024-01-26', '2024-02-01', 'completed', 14909, 90358, '71:55:00', '26:30:00', '98:25:25', NULL, NULL, NULL, NULL, NULL),
(253, 86, 1, 2024, 26, '2024-01-30', '2024-01-31', 'completed', 2437, 0, '12:42:53', '00:00:00', '12:42:42', NULL, NULL, NULL, NULL, NULL),
(254, 90, 1, 2024, 1, '2024-02-01', '2024-02-01', 'completed', 79717, 162707, '1:45:59', '00:00:00', '1:45:45', NULL, NULL, NULL, NULL, NULL),
(255, 91, 1, 2024, 0, '1970-01-01', '1970-01-01', '', 0, 0, '00:00:00', '00:00:00', '00:00:00', NULL, NULL, NULL, NULL, NULL),
(259, 80, 2, 2024, 1, '2024-03-01', '2024-03-01', 'completed', 19144, 220342, '02:40:00', '00:00:00', '2:40:40', NULL, NULL, NULL, NULL, NULL),
(260, 81, 2, 2024, 1, '2024-03-02', '2024-03-02', 'completed', 2344, 34244, '03:32:11', '00:46:00', '4:18:18', NULL, NULL, NULL, NULL, NULL),
(261, 77, 2, 2024, 1, '2024-03-03', '2024-03-03', 'completed', 4118, 86459, '01:45:15', '00:00:00', '1:45:45', NULL, NULL, NULL, NULL, NULL),
(262, 78, 2, 2024, 1, '2024-03-01', '2024-03-02', 'completed', 60000, 280516, '22:38:58', '12:04:59', '34:43:43', NULL, NULL, NULL, NULL, NULL),
(263, 79, 2, 2024, 1, '2024-03-04', '2024-03-05', '', 2072, 40624, '02:46:38', '13:12:00', '15:58:58', NULL, NULL, NULL, NULL, NULL),
(264, 82, 2, 2024, 1, '2024-03-04', '2024-03-05', 'completed', 151450, 339026, '07:02:28', '02:47:09', '9:49:49', NULL, NULL, NULL, NULL, NULL),
(265, 83, 2, 2024, 1, '2024-03-01', '2024-03-03', 'completed', 30868, 219017, '42:22:00', '00:00:00', '42:22:22', NULL, NULL, NULL, NULL, NULL),
(266, 84, 2, 2024, 26, '2024-03-04', '2024-03-05', '', 5325, 49627, '09:23:53', '00:00:00', '9:23:23', NULL, NULL, NULL, NULL, NULL),
(267, 85, 2, 2024, 26, '2024-02-27', '2024-03-02', 'completed', 15000, 91597, '63:00:00', '15:00:00', '78:0:0', NULL, NULL, NULL, NULL, NULL),
(268, 86, 2, 2024, 26, '2024-03-03', '2024-03-03', '', 2468, 0, '33:40:57', '00:00:00', '33:40:40', NULL, NULL, NULL, NULL, NULL),
(269, 90, 2, 2024, 1, '2024-03-01', '2024-03-02', 'completed', 80359, 163989, '04:46:56', '00:00:00', '4:46:46', NULL, NULL, NULL, NULL, NULL),
(270, 91, 2, 2024, 0, '2024-03-01', '2024-03-01', 'completed', 0, 0, '00:00:00', '00:00:00', '00:00:00', NULL, NULL, NULL, NULL, NULL),
(272, 78, 3, 2024, 1, '2024-04-01', '2024-04-02', 'completed', 60022, 283679, '21:00:56', '11:27:59', '32:28:28', NULL, NULL, NULL, NULL, NULL),
(276, 82, 3, 2024, 1, '2024-04-03', '2024-04-05', 'completed', 151432, 342843, '06:07:53', '00:00:00', '6:7:7', NULL, NULL, NULL, NULL, NULL),
(277, 83, 3, 2024, 1, '2024-04-01', '2024-04-03', 'completed', 30895, 209350, '57:10:00', '00:00:00', '57:10:10', NULL, NULL, NULL, NULL, NULL),
(278, 84, 3, 2024, 26, '2024-03-30', '2024-03-31', 'completed', 5361, 50167, '09:46:40', '00:00:00', '9:46:46', NULL, NULL, NULL, NULL, NULL),
(279, 85, 3, 2024, 26, '2024-03-26', '2024-04-02', 'completed', 14840, 94000, '73:00:00', '10:00:00', '83:0:0', NULL, NULL, NULL, NULL, NULL),
(280, 86, 3, 2024, 26, '2024-03-29', '2024-04-01', 'completed', 2462, 0, '33:34:14', '00:00:00', '33:34:34', NULL, NULL, NULL, NULL, NULL),
(281, 90, 3, 2024, 1, '2024-04-01', '2024-04-01', 'completed', 81031, 165211, '02:09:34', '00:00:00', '2:9:9', NULL, NULL, NULL, NULL, NULL),
(282, 91, 3, 2024, 0, '2024-05-04', '2024-05-04', 'completed', 15642156, 2672178, '02:02:00', '00:00:00', '2:2:2', NULL, NULL, NULL, NULL, NULL),
(304, 77, 3, 2024, 1, '2024-04-03', '2024-04-04', 'completed', 4174, 103283, '04:44:06', '00:00:00', '4:44:44', NULL, NULL, NULL, NULL, NULL),
(305, 79, 3, 2024, 1, '2024-04-05', '2024-04-05', 'Completed', 2704, 45214, '3:36:02', '0:30:00', '4:06:02', NULL, NULL, NULL, NULL, NULL),
(306, 80, 3, 2024, 1, '2024-04-01', '2024-04-02', 'Completed', 19113, 243702, '20:10:00', '0:00:00', '20:10:00', NULL, NULL, NULL, NULL, NULL),
(307, 81, 3, 2024, 1, '2024-04-01', '2024-04-01', 'Completed', 2353, 34534, '3:33:18', '0:47:26', '4:20:44', NULL, NULL, NULL, NULL, NULL),
(308, 77, 4, 2024, 1, '2024-05-03', '2024-05-04', 'completed', 4219, 102962, '01:40:00', '00:00:00', '1:40:40', NULL, NULL, NULL, NULL, NULL),
(309, 78, 4, 2024, 1, '2024-05-01', '2024-05-02', 'completed', 60061, 284752, '23:51:55', '15:19:59', '39:11:11', NULL, NULL, NULL, NULL, NULL),
(310, 79, 4, 2024, 1, '2024-05-03', '2024-05-03', 'completed', 2705, 45222, '02:26:48', '00:34:00', '3:0:0', NULL, NULL, NULL, NULL, NULL),
(311, 80, 4, 2024, 1, '2024-05-01', '2024-05-02', 'completed', 19190, 211810, '23:02:00', '00:00:00', '23:2:2', NULL, NULL, NULL, NULL, NULL),
(312, 81, 4, 2024, 1, '2024-05-01', '2024-05-02', 'completed', 2359, 52466, '03:23:48', '00:37:57', '4:1:1', NULL, NULL, NULL, NULL, NULL),
(313, 82, 4, 2024, 1, '2024-05-04', '2024-05-05', 'completed', 151234, 341163, '06:10:42', '01:07:47', '7:18:18', NULL, NULL, NULL, NULL, NULL),
(314, 83, 4, 2024, 1, '2024-05-01', '2024-05-02', 'completed', 31246, 250214, '38:22:00', '00:00:00', '38:22:22', NULL, NULL, NULL, NULL, NULL),
(315, 84, 4, 2024, 26, '2024-04-27', '2024-04-27', 'completed', 5363, 50147, '10:06:52', '00:00:00', '10:6:6', NULL, NULL, NULL, NULL, NULL),
(316, 85, 4, 2024, 26, '2024-04-26', '2024-05-06', 'completed', 14819, 94481, '103:00:00', '10:00:00', '113:0:0', NULL, NULL, NULL, NULL, NULL),
(317, 86, 4, 2024, 26, '2024-05-02', '2024-05-03', 'completed', 2467, 0, '1:27:37', '00:00:00', '1:27:27', NULL, NULL, NULL, NULL, NULL),
(318, 90, 4, 2024, 1, '2024-05-01', '2024-05-01', 'completed', 81488, 165804, '03:08:14', '00:00:00', '3:8:8', NULL, NULL, NULL, NULL, NULL),
(319, 91, 4, 2024, 0, '1970-01-01', '1970-01-01', '', 0, 0, '00:00:00', '00:00:00', '00:00:00', NULL, NULL, NULL, NULL, NULL),
(320, 77, 5, 2024, 1, '2024-06-02', '2024-06-03', 'completed', 4246, 102888, '01:16:42', '00:00:00', '1:16:16', NULL, NULL, NULL, NULL, NULL),
(321, 78, 5, 2024, 1, '2024-06-01', '2024-06-02', 'completed', 60125, 288347, '25:40:50', '12:02:59', '37:43:43', NULL, NULL, NULL, NULL, NULL),
(322, 79, 5, 2024, 1, '2024-06-05', '2024-06-05', 'completed', 2700, 45069, '03:37:13', '00:47:13', '4:24:24', NULL, NULL, NULL, NULL, NULL),
(323, 80, 5, 2024, 1, '2024-06-01', '2024-06-02', 'completed', 19169, 209521, '19:02:00', '00:00:00', '19:2:2', NULL, NULL, NULL, NULL, NULL),
(324, 81, 5, 2024, 1, '2024-06-01', '2024-06-01', 'completed', 2355, 33696, '03:31:26', '00:31:52', '4:3:3', NULL, NULL, NULL, NULL, NULL),
(325, 82, 5, 2024, 1, '2024-06-03', '2024-06-04', 'completed', 151643, 344084, '05:37:48', '00:55:45', '6:33:33', NULL, NULL, NULL, NULL, NULL),
(326, 83, 5, 2024, 1, '2024-06-01', '2024-06-02', 'completed', 30707, 214845, '41:25:00', '00:00:00', '41:25:25', NULL, NULL, NULL, NULL, NULL),
(327, 84, 5, 2024, 26, '2024-05-29', '2024-05-30', 'completed', 5362, 50827, '09:27:14', '00:00:00', '9:27:27', NULL, NULL, NULL, NULL, NULL),
(328, 85, 5, 2024, 26, '2024-05-26', '2024-06-02', 'completed', 14731, 94961, '61:00:00', '10:00:00', '71:0:0', NULL, NULL, NULL, NULL, NULL),
(329, 86, 5, 2024, 26, '2024-05-31', '2024-06-01', 'completed', 2468, 0, '02:37:00', '00:00:00', '2:37:37', NULL, NULL, NULL, NULL, NULL),
(330, 90, 5, 2024, 1, '2024-06-01', '2024-06-01', '', 81460, 165834, '03:10:01', '00:00:00', '3:10:10', NULL, NULL, NULL, NULL, NULL),
(331, 91, 5, 2024, 0, '2024-07-10', '2024-07-10', 'completed', 0, 0, '00:00:00', '00:00:00', '00:00:00', NULL, NULL, NULL, NULL, NULL),
(332, 77, 6, 2024, 1, '2024-07-21', '2024-07-26', 'completed', 4380, 110862, '02:52:09', '00:00:00', '2:52:52', NULL, NULL, NULL, NULL, NULL),
(333, 78, 6, 2024, 1, '2024-07-01', '2024-07-03', 'completed', 60182, 288910, '23:55:55', '26:40:59', '50:36:36', NULL, NULL, NULL, NULL, NULL),
(334, 79, 6, 2024, 1, '2024-07-05', '2024-07-06', 'completed', 2699, 44975, '3:3:10', '1:19:38', '4:22:22', NULL, NULL, NULL, NULL, NULL),
(335, 80, 6, 2024, 1, '2024-07-01', '2024-07-01', 'completed', 19265, 203855, '25:3:00', '00:00:00', '25:3:3', NULL, NULL, NULL, NULL, NULL),
(336, 81, 6, 2024, 1, '2024-07-01', '2024-07-01', 'completed', 2351, 33650, '02:35:38', '00:28:57', '3:4:4', NULL, NULL, NULL, NULL, NULL),
(337, 82, 6, 2024, 1, '2024-06-05', '2024-07-06', 'completed', 151988, 357066, '05:43:10', '1:25:05', '7:8:8', NULL, NULL, NULL, NULL, NULL),
(338, 83, 6, 2024, 1, '2024-07-01', '2024-07-02', 'completed', 30467, 214809, '44:48:00', '00:00:00', '44:48:48', NULL, NULL, NULL, NULL, NULL),
(339, 84, 6, 2024, 26, '2024-07-01', '2024-07-02', 'completed', 5355, 51536, '09:30:57', '00:00:00', '9:30:30', NULL, NULL, NULL, NULL, NULL),
(340, 85, 6, 2024, 26, '2024-06-26', '2024-07-02', 'completed', 14536, 93465, '71:00:00', '10:00:00', '81:0:0', NULL, NULL, NULL, NULL, NULL),
(341, 86, 6, 2024, 26, '2024-06-28', '2024-06-29', 'completed', 2452, 0, '01:55:00', '00:00:00', '1:55:55', NULL, NULL, NULL, NULL, NULL),
(342, 90, 6, 2024, 1, '2024-07-01', '2024-07-01', 'completed', 81791, 166880, '03:39:58', '00:00:00', '3:39:39', NULL, NULL, NULL, NULL, NULL),
(343, 91, 6, 2024, 0, '2024-09-12', '2024-09-12', '', 0, 0, '00:00:00', '00:00:00', '00:00:00', NULL, NULL, NULL, NULL, NULL),
(344, 78, 7, 2024, 1, '2024-08-02', '2024-08-03', 'completed', 60241, 292342, '26:39:55', '13:57:59', '40:37:37', NULL, NULL, NULL, NULL, NULL),
(345, 77, 7, 2024, 1, '2024-08-19', '2024-08-22', 'completed', 4397, 118611, '1:22:15', '00:00:00', '1:22:22', NULL, NULL, NULL, NULL, NULL),
(346, 79, 7, 2024, 1, '2024-08-08', '2024-08-09', 'completed', 2703, 45820, '05:00:33', '7:46:00', '12:46:46', NULL, NULL, NULL, NULL, NULL),
(347, 80, 7, 2024, 1, '2024-08-02', '2024-08-02', 'completed', 19266, 204229, '21:41:00', '00:00:00', '21:41:41', NULL, NULL, NULL, NULL, NULL),
(348, 81, 7, 2024, 1, '2024-08-01', '2024-08-02', 'completed', 2354, 33679, '02:38:22', '00:32:07', '3:10:10', NULL, NULL, NULL, NULL, NULL),
(349, 82, 7, 0, 1, '2024-08-04', '2024-08-05', 'completed', 151272, 359954, '05:06:29', '00:27:05', '5:33:33', NULL, NULL, NULL, NULL, NULL),
(350, 83, 7, 2024, 1, '2024-08-01', '2024-08-04', 'completed', 30570, 217354, '87:27:00', '00:00:00', '87:27:27', NULL, NULL, NULL, NULL, NULL),
(351, 84, 7, 2024, 26, '2024-07-31', '2024-07-31', 'completed', 5287, 51467, '09:36:23', '00:00:00', '9:36:36', NULL, NULL, NULL, NULL, NULL),
(352, 85, 7, 2024, 26, '2024-07-27', '2024-08-02', 'completed', 13970, 94059, '64:00:00', '9:00:00', '73:0:0', NULL, NULL, NULL, NULL, NULL),
(353, 90, 7, 2024, 1, '2024-08-01', '2024-08-01', 'completed', 82804, 168889, '2:56:08', '00:00:00', '2:56:56', NULL, NULL, NULL, NULL, NULL),
(354, 91, 7, 2024, 0, '1970-01-01', '1970-01-01', '', 0, 0, '00:00:00', '00:00:00', '00:00:00', NULL, NULL, NULL, NULL, NULL),
(355, 77, 8, 2024, 1, '2024-09-07', '2024-09-11', 'completed', 4430, 115150, '01:30:06', '00:00:00', '1:30:30', NULL, NULL, NULL, NULL, NULL),
(356, 78, 8, 2024, 1, '2024-09-01', '2024-09-02', 'completed', 60286, 293069, '28:22:55', '10:23:59', '38:46:46', NULL, NULL, NULL, NULL, NULL),
(357, 79, 8, 2024, 1, '2024-09-05', '2024-09-06', 'completed', 2704, 45257, '06:33:19', '3:49:00', '10:22:22', NULL, NULL, NULL, NULL, NULL),
(358, 80, 8, 2024, 1, '2024-09-02', '2024-09-02', 'completed', 19195, 205772, '29:18:00', '00:00:00', '29:18:18', NULL, NULL, NULL, NULL, NULL),
(359, 81, 8, 2024, 1, '2024-09-01', '2024-09-01', 'completed', 2341, 33943, '02:32:15', '00:31:27', '3:3:3', NULL, NULL, NULL, NULL, NULL),
(360, 82, 8, 2024, 1, '2024-09-05', '2024-09-05', 'completed', 151663, 361043, '06:09:56', '1:42:05', '7:52:52', NULL, NULL, NULL, NULL, NULL),
(361, 83, 8, 2024, 1, '2024-09-01', '2024-09-03', 'completed', 30984, 244417, '52:13:00', '00:00:00', '52:13:13', NULL, NULL, NULL, NULL, NULL),
(362, 84, 8, 2024, 26, '2024-08-31', '2024-09-01', 'completed', 5355, 52036, '09:28:20', '00:00:00', '9:28:28', NULL, NULL, NULL, NULL, NULL),
(363, 85, 8, 2024, 26, '2024-08-26', '2024-09-02', 'completed', 13581, 93287, '70:00:00', '9:00:00', '79:0:0', NULL, NULL, NULL, NULL, NULL),
(364, 90, 8, 2024, 1, '2024-09-01', '2024-09-01', 'completed', 83681, 171695, '03:18:00', '00:00:00', '3:18:18', NULL, NULL, NULL, NULL, NULL),
(365, 91, 8, 2024, 0, '1970-01-01', '1970-01-01', '', 0, 0, '00:00:00', '00:00:00', '00:00:00', NULL, NULL, NULL, NULL, NULL),
(366, 77, 9, 2024, 1, '2024-10-06', '2024-10-07', 'completed', 4452, 84488, '01:13:32', '00:00:00', '1:13:13', NULL, NULL, NULL, NULL, NULL),
(367, 78, 9, 2024, 1, '2024-10-01', '2024-10-02', 'completed', 59874, 295456, '33:15:55', '11:37:59', '44:53:53', NULL, NULL, NULL, NULL, NULL),
(368, 79, 9, 2024, 1, '2024-10-07', '2024-10-08', 'completed', 2704, 45491, '17:55:27', '2:00:8', '19:55:55', NULL, NULL, NULL, NULL, NULL),
(369, 80, 9, 2024, 1, '2024-10-01', '2024-10-02', 'completed', 19365, 202024, '22:09:00', '00:00:00', '22:9:9', NULL, NULL, NULL, NULL, NULL),
(370, 81, 9, 2024, 1, '2024-10-01', '2024-10-01', 'completed', 2294, 33968, '2:18:39', '00:39:16', '2:57:57', NULL, NULL, NULL, NULL, NULL),
(371, 82, 9, 2024, 1, '2024-10-03', '2024-10-04', 'completed', 150910, 360872, '04:31:48', '2:56:59', '7:28:28', NULL, NULL, NULL, NULL, NULL),
(372, 83, 9, 2024, 1, '2024-10-01', '2024-10-03', 'completed', 31069, 238336, '46:44:00', '00:00:00', '46:44:44', NULL, NULL, NULL, NULL, NULL),
(373, 84, 9, 2024, 26, '2024-09-30', '2024-10-01', 'completed', 5314, 52296, '09:33:36', '00:00:00', '9:33:33', NULL, NULL, NULL, NULL, NULL),
(374, 85, 9, 2024, 26, '2024-08-29', '2024-10-02', 'completed', 13590, 92385, '68:00:00', '10:00:00', '78:0:0', NULL, NULL, NULL, NULL, NULL),
(375, 90, 9, 2024, 1, '2024-10-01', '2024-10-02', 'completed', 84392, 175914, '03:38:19', '00:00:00', '3:38:38', NULL, NULL, NULL, NULL, NULL),
(376, 91, 9, 2024, 0, '2024-10-01', '2024-10-01', '', 0, 0, '0:00:00', '00:00:00', '0:0:0', NULL, NULL, NULL, NULL, NULL),
(377, 77, 10, 2024, 1, '2024-11-07', '2024-11-08', 'completed', 4480, 96409, '01:15:18', '00:00:00', '1:15:15', NULL, NULL, NULL, NULL, NULL),
(378, 78, 10, 2024, 1, '2024-11-01', '2024-11-02', 'completed', 59640, 296310, '28:55:55', '13:59:59', '42:55:55', NULL, NULL, NULL, NULL, NULL),
(379, 79, 10, 2024, 1, '2024-11-06', '2024-11-07', 'completed', 2707, 45694, '05:02:09', '02:24:42', '7:26:26', NULL, NULL, NULL, NULL, NULL),
(380, 80, 10, 2024, 1, '2024-11-01', '2024-11-02', 'completed', 19410, 205275, '25:57:00', '00:00:00', '25:57:57', NULL, NULL, NULL, NULL, NULL),
(381, 81, 10, 2024, 1, '2024-11-01', '2024-11-01', '', 2267, 33910, '02:31:48', '00:38:06', '3:9:9', NULL, NULL, NULL, NULL, NULL),
(382, 82, 10, 2024, 1, '2024-11-03', '2024-11-04', 'completed', 150893, 361219, '05:52:46', '00:42:59', '6:35:35', NULL, NULL, NULL, NULL, NULL),
(383, 83, 10, 2024, 1, '2024-11-01', '2024-11-03', 'completed', 31254, 255897, '42:52:00', '00:00:00', '42:52:52', NULL, NULL, NULL, NULL, NULL),
(384, 84, 10, 2024, 26, '2024-10-30', '2024-10-31', 'completed', 5303, 52288, '09:36:56', '00:00:00', '9:36:36', NULL, NULL, NULL, NULL, NULL),
(385, 85, 10, 2024, 26, '2024-10-26', '2024-11-02', 'completed', 13305, 96043, '80:00:00', '11:00:00', '91:0:0', NULL, NULL, NULL, NULL, NULL),
(386, 90, 10, 2024, 1, '2024-11-06', '2024-11-07', 'completed', 99421, 165832, '02:26:01', '00:00:00', '2:26:26', NULL, NULL, NULL, NULL, NULL),
(387, 91, 10, 2024, 0, '2024-12-08', '2024-12-08', '', 0, 0, '00:00:00', '00:00:00', '00:00:00', NULL, NULL, NULL, NULL, NULL),
(388, 77, 11, 2024, 1, '2024-12-04', '2024-12-06', 'completed', 4610, 87802, '01:12:54', '00:00:00', '1:12:12', NULL, NULL, NULL, NULL, NULL),
(389, 78, 11, 2024, 1, '2024-12-01', '2024-12-02', 'completed', 59680, 298309, '26:08:55', '11:19:59', '37:28:28', NULL, NULL, NULL, NULL, NULL),
(390, 79, 11, 2024, 1, '2024-12-04', '2024-12-05', 'completed', 2706, 45845, '14:17:45', '00:01:47', '14:19:19', NULL, NULL, NULL, NULL, NULL),
(391, 80, 10, 2024, 1, '2024-12-01', '2024-12-02', 'completed', 19333, 209369, '26:35:00', '00:00:00', '26:35:35', NULL, NULL, NULL, NULL, NULL),
(392, 80, 11, 2024, 1, '2024-12-01', '2024-12-02', 'completed', 19333, 209369, '26:35:00', '00:00:00', '26:35:35', NULL, NULL, NULL, NULL, NULL),
(393, 81, 11, 2024, 1, '2024-12-01', '2024-12-01', 'completed', 2273, 33932, '02:30:24', '00:28:26', '2:58:58', NULL, NULL, NULL, NULL, NULL),
(394, 82, 11, 2024, 1, '2024-12-04', '2024-12-05', 'completed', 151175, 362120, '07:37:31', '00:30:00', '8:7:7', NULL, NULL, NULL, NULL, NULL),
(395, 83, 11, 2024, 1, '2024-12-01', '2024-12-03', 'completed', 31295, 229397, '44:43:00', '00:00:00', '44:43:43', NULL, NULL, NULL, NULL, NULL),
(396, 84, 11, 2024, 26, '2024-11-30', '2024-12-01', 'completed', 5286, 52410, '09:38:13', '00:00:00', '9:38:38', NULL, NULL, NULL, NULL, NULL),
(397, 85, 11, 2024, 26, '2024-11-26', '2024-12-02', 'completed', 13217, 96261, '79:00:00', '11:00:00', '90:0:0', NULL, NULL, NULL, NULL, NULL),
(398, 90, 11, 2024, 1, '2024-12-01', '2024-12-01', 'completed', 86118, 181798, '02:45:43', '00:00:00', '2:45:45', NULL, NULL, NULL, NULL, NULL),
(399, 91, 11, 2024, 0, '1970-01-01', '1970-01-01', '', 0, 0, '00:00:00', '00:00:00', '00:00:00', NULL, NULL, NULL, NULL, NULL),
(400, 77, 12, 2024, 1, '2025-01-03', '2025-01-06', 'completed', 4633, 87058, '01:12:37', '00:00:00', '1:12:12', NULL, NULL, NULL, NULL, NULL),
(401, 78, 12, 2024, 1, '2025-01-01', '2025-01-02', 'completed', 40472, 271338, '28:03:55', '10:59:59', '39:3:3', NULL, NULL, NULL, NULL, NULL),
(402, 79, 12, 2024, 1, '2025-01-04', '2025-01-13', 'completed', 2703, 45811, '02:1:34', '149:44:24', '151:45:45', NULL, NULL, NULL, NULL, NULL),
(403, 80, 12, 2024, 1, '2025-01-03', '2025-01-04', 'completed', 19379, 212553, '31:03:00', '00:00:00', '31:3:3', NULL, NULL, NULL, NULL, NULL),
(404, 81, 12, 2024, 1, '2025-01-11', '2025-01-11', 'completed', 2256, 16529, '02:35:33', '00:29:00', '3:4:4', NULL, NULL, NULL, NULL, NULL),
(405, 82, 12, 2024, 1, '2025-01-05', '2025-01-07', 'completed', 151365, 363409, '13:37:13', '00:51:00', '14:28:28', NULL, NULL, NULL, NULL, NULL),
(406, 83, 12, 2024, 1, '2025-01-01', '2025-01-03', 'completed', 31027, 230162, '51:46:00', '00:00:00', '51:46:46', NULL, NULL, NULL, NULL, NULL),
(407, 84, 12, 2024, 26, '2024-12-28', '2024-12-28', 'completed', 5245, 52139, '09:36:49', '00:00:00', '9:36:36', NULL, NULL, NULL, NULL, NULL),
(408, 85, 12, 2024, 26, '2024-12-26', '2025-01-02', 'completed', 13097, 93200, '95:10:00', '17:00:00', '112:10:10', NULL, NULL, NULL, NULL, NULL),
(409, 90, 12, 2024, 1, '2025-01-03', '2025-01-03', 'completed', 87249, 183992, '02:25:54', '00:00:00', '2:25:25', NULL, NULL, NULL, NULL, NULL),
(410, 91, 12, 2024, 0, '1970-01-01', '1970-01-01', '', 0, 0, '00:00:00', '00:00:00', '00:00:00', NULL, NULL, NULL, NULL, NULL);

-- --------------------------------------------------------

--
-- Table structure for table `buiseness_kpi_dashboard`
--

DROP TABLE IF EXISTS `buiseness_kpi_dashboard`;
CREATE TABLE IF NOT EXISTS `buiseness_kpi_dashboard` (
  `id` int NOT NULL,
  `opcos_list_id` int NOT NULL,
  `month_number` int NOT NULL,
  `year` int NOT NULL,
  `kpi_type` varchar(255) NOT NULL,
  `kpi_value` varchar(45) NOT NULL,
  `add1` varchar(45) DEFAULT NULL,
  `add2` varchar(45) DEFAULT NULL,
  `add3` varchar(45) DEFAULT NULL,
  `add4` varchar(45) DEFAULT NULL
) ENGINE=InnoDB AUTO_INCREMENT=281 DEFAULT CHARSET=utf8mb4 COLLATE=utf8mb4_0900_ai_ci;

--
-- Dumping data for table `buiseness_kpi_dashboard`
--

INSERT INTO `buiseness_kpi_dashboard` (`id`, `opcos_list_id`, `month_number`, `year`, `kpi_type`, `kpi_value`, `add1`, `add2`, `add3`, `add4`) VALUES
(101, 76, 5, 2023, '', '', NULL, NULL, NULL, NULL),
(102, 77, 5, 2023, '', '', NULL, NULL, NULL, NULL),
(103, 78, 5, 2023, '', '', NULL, NULL, NULL, NULL),
(104, 79, 5, 2023, '', '', NULL, NULL, NULL, NULL),
(105, 80, 5, 2023, '', '', NULL, NULL, NULL, NULL),
(106, 81, 5, 2023, '', '', NULL, NULL, NULL, NULL),
(107, 82, 5, 2023, '', '', NULL, NULL, NULL, NULL),
(108, 83, 5, 2023, '', '', NULL, NULL, NULL, NULL),
(109, 85, 5, 2023, '', '', NULL, NULL, NULL, NULL),
(110, 91, 5, 2023, '', '', NULL, NULL, NULL, NULL),
(112, 76, 6, 2023, '', '', NULL, NULL, NULL, NULL),
(113, 80, 6, 2023, '', '', NULL, NULL, NULL, NULL),
(114, 83, 6, 2023, '', '', NULL, NULL, NULL, NULL),
(115, 84, 6, 2023, '', '', NULL, NULL, NULL, NULL),
(116, 90, 5, 2023, '', '', NULL, NULL, NULL, NULL),
(117, 78, 6, 2023, '', '', NULL, NULL, NULL, NULL),
(118, 82, 6, 2023, '', '', NULL, NULL, NULL, NULL),
(119, 86, 6, 2023, '', '', NULL, NULL, NULL, NULL),
(120, 85, 6, 2023, '', '', NULL, NULL, NULL, NULL),
(121, 79, 6, 2023, '', '', NULL, NULL, NULL, NULL),
(122, 77, 6, 2023, '', '', NULL, NULL, NULL, NULL),
(123, 81, 6, 2023, '', '', NULL, NULL, NULL, NULL),
(124, 90, 6, 2023, '', '', NULL, NULL, NULL, NULL),
(125, 91, 6, 2023, '', '', NULL, NULL, NULL, NULL),
(128, 76, 7, 2023, '', '', NULL, NULL, NULL, NULL),
(129, 76, 1, 2023, 'MTNA', 'MTNA', NULL, NULL, NULL, NULL),
(130, 77, 1, 2023, 'NA', 'NA', NULL, NULL, NULL, NULL),
(131, 78, 1, 2023, 'NA', 'NA', NULL, NULL, NULL, NULL),
(132, 79, 1, 2023, 'NA', 'NA', NULL, NULL, NULL, NULL),
(133, 80, 1, 2023, 'NA', 'NA', NULL, NULL, NULL, NULL),
(134, 81, 1, 2023, 'NA', 'NA', NULL, NULL, NULL, NULL),
(135, 76, 2, 2023, '', '', NULL, NULL, NULL, NULL),
(136, 82, 1, 2023, 'NA', 'NA', NULL, NULL, NULL, NULL),
(137, 77, 2, 2023, '', '', NULL, NULL, NULL, NULL),
(138, 83, 1, 2023, 'NA', 'NA', NULL, NULL, NULL, NULL),
(139, 84, 1, 2023, 'NA', 'NA', NULL, NULL, NULL, NULL),
(140, 78, 2, 2023, '', '', NULL, NULL, NULL, NULL),
(141, 85, 1, 2023, 'NA', 'NA', NULL, NULL, NULL, NULL),
(142, 79, 2, 2023, '', '', NULL, NULL, NULL, NULL),
(143, 86, 1, 2023, 'NA', 'NA', NULL, NULL, NULL, NULL),
(144, 80, 2, 2023, '', '', NULL, NULL, NULL, NULL),
(145, 81, 2, 2023, '', '', NULL, NULL, NULL, NULL),
(146, 82, 2, 2023, '', '', NULL, NULL, NULL, NULL),
(147, 83, 2, 2023, '', '', NULL, NULL, NULL, NULL),
(148, 84, 2, 2023, '', '', NULL, NULL, NULL, NULL),
(149, 85, 2, 2023, '', '', NULL, NULL, NULL, NULL),
(150, 86, 2, 2023, '', '', NULL, NULL, NULL, NULL),
(151, 76, 7, 2023, 'NAN', 'NA', NULL, NULL, NULL, NULL),
(152, 76, 7, 2023, 'NAN', 'NA', NULL, NULL, NULL, NULL),
(153, 90, 2, 2023, '', '', NULL, NULL, NULL, NULL),
(154, 76, 3, 2023, 'NA', 'NA', NULL, NULL, NULL, NULL),
(155, 77, 3, 2023, 'NA', 'NA', NULL, NULL, NULL, NULL),
(156, 78, 3, 2023, 'NA', 'NA', NULL, NULL, NULL, NULL),
(157, 79, 3, 2023, 'NA', 'NA', NULL, NULL, NULL, NULL),
(158, 80, 3, 2023, 'NA', 'NA', NULL, NULL, NULL, NULL),
(159, 81, 3, 2023, 'NA', 'NA', NULL, NULL, NULL, NULL),
(160, 82, 3, 2023, 'NA', 'NA', NULL, NULL, NULL, NULL),
(161, 83, 3, 2023, 'NA', 'NA', NULL, NULL, NULL, NULL),
(162, 84, 3, 2023, 'NA', 'NA', NULL, NULL, NULL, NULL),
(163, 85, 3, 2023, 'NA', 'NA', NULL, NULL, NULL, NULL),
(164, 86, 3, 2023, 'NA', 'NA', NULL, NULL, NULL, NULL),
(165, 76, 4, 2023, 'NA', 'NA', NULL, NULL, NULL, NULL),
(166, 77, 4, 2023, 'NA', 'NA', NULL, NULL, NULL, NULL),
(167, 78, 4, 2023, 'NA', 'NA', NULL, NULL, NULL, NULL),
(168, 79, 4, 2023, 'NA', 'NA', NULL, NULL, NULL, NULL),
(169, 80, 4, 2023, 'NA', 'NA', NULL, NULL, NULL, NULL),
(170, 81, 4, 2023, 'NA', 'NA', NULL, NULL, NULL, NULL),
(171, 82, 4, 2023, 'NA', 'NA', NULL, NULL, NULL, NULL),
(172, 83, 4, 2023, 'NA', 'NA', NULL, NULL, NULL, NULL),
(173, 84, 4, 2023, 'NA', 'NA', NULL, NULL, NULL, NULL),
(174, 85, 4, 2023, 'NA', 'NA', NULL, NULL, NULL, NULL),
(175, 86, 4, 2023, 'NA', 'NA', NULL, NULL, NULL, NULL),
(176, 76, 7, 2023, 'NA', 'NA', NULL, NULL, NULL, NULL),
(177, 76, 7, 2023, 'NA', 'NA', NULL, NULL, NULL, NULL),
(178, 86, 7, 2023, 'NAN', 'NA', NULL, NULL, NULL, NULL),
(179, 85, 7, 2023, 'NAN', 'NA', NULL, NULL, NULL, NULL),
(180, 76, 7, 2023, 'NA', 'NA', NULL, NULL, NULL, NULL),
(181, 76, 7, 2023, 'NA', 'NA', NULL, NULL, NULL, NULL),
(182, 77, 7, 2023, 'NA', 'NA', NULL, NULL, NULL, NULL),
(183, 84, 7, 2023, 'NA', 'NA', NULL, NULL, NULL, NULL),
(184, 83, 7, 2023, 'NA', 'NA', NULL, NULL, NULL, NULL),
(185, 82, 7, 2023, 'NA', 'NA', NULL, NULL, NULL, NULL),
(186, 81, 7, 2023, 'NA', 'NA', NULL, NULL, NULL, NULL),
(187, 80, 7, 2023, 'NA', 'NA', NULL, NULL, NULL, NULL),
(188, 79, 7, 2023, 'NA', 'NA', NULL, NULL, NULL, NULL),
(189, 78, 7, 2023, 'NA', 'NA', NULL, NULL, NULL, NULL),
(190, 76, 8, 2023, 'NA', 'NA', NULL, NULL, NULL, NULL),
(191, 77, 8, 2023, 'NA', 'NA', NULL, NULL, NULL, NULL),
(192, 78, 8, 2023, '0', 'NA', NULL, NULL, NULL, NULL),
(193, 79, 9, 2023, 'NA', 'NA', NULL, NULL, NULL, NULL),
(194, 80, 8, 2023, 'NA', 'NA', NULL, NULL, NULL, NULL),
(195, 81, 8, 2023, 'NA', 'NA', NULL, NULL, NULL, NULL),
(196, 86, 8, 2023, 'NA', 'NA', NULL, NULL, NULL, NULL),
(197, 85, 8, 2023, 'NA', 'NA', NULL, NULL, NULL, NULL),
(198, 84, 8, 2023, 'NA', 'NA', NULL, NULL, NULL, NULL),
(199, 83, 8, 2023, 'NA', 'NA', NULL, NULL, NULL, NULL),
(200, 76, 9, 2023, 'NA', 'NA', NULL, NULL, NULL, NULL),
(201, 77, 9, 2023, 'NA', 'NA', NULL, NULL, NULL, NULL),
(202, 78, 9, 2023, 'NA', 'NA', NULL, NULL, NULL, NULL),
(203, 79, 9, 2023, 'NA', 'NA', NULL, NULL, NULL, NULL),
(204, 79, 9, 2023, 'NA', 'NA', NULL, NULL, NULL, NULL),
(205, 79, 9, 2023, 'NA', 'NA', NULL, NULL, NULL, NULL),
(206, 80, 9, 2023, 'NA', 'NA', NULL, NULL, NULL, NULL),
(207, 80, 9, 2023, 'NA', 'NA', NULL, NULL, NULL, NULL),
(208, 81, 9, 2023, '', '', NULL, NULL, NULL, NULL),
(209, 82, 8, 2023, 'NA', 'NA', NULL, NULL, NULL, NULL),
(210, 79, 8, 2023, 'NA', 'NA', NULL, NULL, NULL, NULL),
(211, 81, 9, 2023, 'NA', 'NA', NULL, NULL, NULL, NULL),
(212, 82, 9, 2023, 'NA', 'NA', NULL, NULL, NULL, NULL),
(213, 83, 9, 2023, 'NA', 'NA', NULL, NULL, NULL, NULL),
(214, 84, 9, 2023, 'NA', 'NA', NULL, NULL, NULL, NULL),
(215, 85, 9, 2023, 'NA', 'NA', NULL, NULL, NULL, NULL),
(216, 86, 9, 2023, ' NA', 'NA', NULL, NULL, NULL, NULL),
(217, 76, 10, 2023, 'NA', 'NA', NULL, NULL, NULL, NULL),
(218, 77, 10, 2023, 'NA', 'NA', NULL, NULL, NULL, NULL),
(219, 78, 10, 2023, 'NA', 'NA', NULL, NULL, NULL, NULL),
(220, 79, 10, 2023, 'NA', 'NA', NULL, NULL, NULL, NULL),
(221, 80, 10, 2023, 'NA', 'NA', NULL, NULL, NULL, NULL),
(222, 81, 10, 2023, 'NA', 'NA', NULL, NULL, NULL, NULL),
(223, 82, 10, 2023, 'NA', 'NA', NULL, NULL, NULL, NULL),
(224, 83, 10, 2023, 'NA', 'NA', NULL, NULL, NULL, NULL),
(225, 84, 10, 2023, 'NA', 'NA', NULL, NULL, NULL, NULL),
(226, 86, 10, 2023, 'NA', 'NA', NULL, NULL, NULL, NULL),
(227, 85, 10, 2023, 'NA', 'NA', NULL, NULL, NULL, NULL),
(228, 91, 1, 2023, 'NA', 'NA', NULL, NULL, NULL, NULL),
(229, 91, 2, 2023, 'NA', 'NA', NULL, NULL, NULL, NULL),
(230, 91, 3, 2023, 'NA', 'NA', NULL, NULL, NULL, NULL),
(231, 91, 4, 2023, 'NA', 'NA', NULL, NULL, NULL, NULL),
(232, 91, 7, 2023, 'NA', 'NA', NULL, NULL, NULL, NULL),
(233, 91, 8, 2023, '', '', NULL, NULL, NULL, NULL),
(234, 91, 9, 2023, 'NA', 'NA', NULL, NULL, NULL, NULL),
(235, 91, 10, 2023, 'NA', 'NA', NULL, NULL, NULL, NULL),
(236, 91, 11, 2023, 'NA', 'NA', NULL, NULL, NULL, NULL),
(240, 81, 11, 2023, 'NA', 'NA', NULL, NULL, NULL, NULL),
(241, 82, 11, 2023, 'NA', 'NA', NULL, NULL, NULL, NULL),
(242, 84, 11, 2023, 'NA', 'NA', NULL, NULL, NULL, NULL),
(243, 86, 11, 2023, 'NA', 'NA', NULL, NULL, NULL, NULL),
(244, 90, 11, 2023, 'NA', 'NA', NULL, NULL, NULL, NULL),
(245, 80, 11, 2023, 'NA', 'NA', NULL, NULL, NULL, NULL),
(246, 83, 11, 2023, 'NA', 'NA', NULL, NULL, NULL, NULL),
(247, 85, 11, 2023, '', '', NULL, NULL, NULL, NULL),
(248, 91, 11, 2023, 'NA', 'NA', NULL, NULL, NULL, NULL),
(249, 77, 11, 2023, 'NA', 'NA', NULL, NULL, NULL, NULL),
(250, 78, 11, 2023, 'NA', 'NA', NULL, NULL, NULL, NULL),
(251, 79, 11, 2023, 'NA', 'NA', NULL, NULL, NULL, NULL),
(252, 77, 11, 2020, '0', '0', NULL, NULL, NULL, NULL),
(253, 77, 11, 2023, '0', '0', NULL, NULL, NULL, NULL),
(254, 77, 10, 2023, 'NA', 'NA', NULL, NULL, NULL, NULL),
(256, 77, 11, 2023, 'NA', 'NA', NULL, NULL, NULL, NULL),
(257, 77, 12, 2023, 'NA', 'NA', NULL, NULL, NULL, NULL),
(258, 78, 12, 2023, 'NA', 'NA', NULL, NULL, NULL, NULL),
(259, 79, 12, 2023, 'NA', 'NA', NULL, NULL, NULL, NULL),
(260, 80, 12, 2023, 'NA', 'NA', NULL, NULL, NULL, NULL),
(261, 81, 12, 2023, 'NA', 'NA', NULL, NULL, NULL, NULL),
(262, 82, 12, 2023, 'NA', 'NA', NULL, NULL, NULL, NULL),
(263, 83, 12, 2023, 'NA', 'NA', NULL, NULL, NULL, NULL),
(264, 84, 12, 2023, 'NA', 'NA', NULL, NULL, NULL, NULL),
(265, 85, 12, 2023, 'NA', 'NA', NULL, NULL, NULL, NULL),
(266, 86, 12, 2023, 'NA', 'NA', NULL, NULL, NULL, NULL),
(267, 90, 12, 2023, 'NA', 'NA', NULL, NULL, NULL, NULL),
(268, 91, 12, 2023, 'NA', 'NA', NULL, NULL, NULL, NULL),
(269, 77, 1, 2024, 'NA', 'NA', NULL, NULL, NULL, NULL),
(270, 78, 1, 2024, 'NA', 'NA', NULL, NULL, NULL, NULL),
(271, 79, 1, 2024, 'NA', 'NA', NULL, NULL, NULL, NULL),
(272, 80, 1, 2024, 'NA', 'NA', NULL, NULL, NULL, NULL),
(273, 81, 1, 2024, 'NA', 'NA', NULL, NULL, NULL, NULL),
(274, 82, 1, 2024, 'NA', 'NA', NULL, NULL, NULL, NULL),
(275, 83, 1, 2024, 'NA', 'NA', NULL, NULL, NULL, NULL),
(276, 84, 1, 2024, 'NA', 'NA', NULL, NULL, NULL, NULL),
(277, 85, 1, 2024, 'NA', 'NA', NULL, NULL, NULL, NULL),
(278, 86, 1, 2024, 'NA', 'NA', NULL, NULL, NULL, NULL),
(279, 90, 1, 2024, 'NA', 'NA', NULL, NULL, NULL, NULL),
(280, 91, 1, 2024, 'NA', 'NA', NULL, NULL, NULL, NULL);

-- --------------------------------------------------------

--
-- Table structure for table `comments_details`
--

DROP TABLE IF EXISTS `comments_details`;
CREATE TABLE IF NOT EXISTS `comments_details` (
  `id` int NOT NULL,
  `opcos_list_id` int NOT NULL,
  `month_number` int NOT NULL,
  `year` int NOT NULL,
  `description` varchar(255) NOT NULL,
  `description_type` varchar(45) NOT NULL,
  `add1` varchar(45) NOT NULL,
  `add2` varchar(45) DEFAULT NULL,
  `add3` varchar(45) DEFAULT NULL
) ENGINE=InnoDB AUTO_INCREMENT=2 DEFAULT CHARSET=utf8mb4 COLLATE=utf8mb4_0900_ai_ci;

--
-- Dumping data for table `comments_details`
--

INSERT INTO `comments_details` (`id`, `opcos_list_id`, `month_number`, `year`, `description`, `description_type`, `add1`, `add2`, `add3`) VALUES
(1, 0, 5, 2022, '', '', '', NULL, NULL);

-- --------------------------------------------------------

--
-- Table structure for table `eup_details`
--

DROP TABLE IF EXISTS `eup_details`;
CREATE TABLE IF NOT EXISTS `eup_details` (
  `id` int NOT NULL,
  `opcos_list_id` int NOT NULL,
  `month_number` int NOT NULL,
  `year` int NOT NULL,
  `pms_efforts` varchar(99) NOT NULL,
  `utilization_perc` varchar(99) NOT NULL,
  `profitability_count` varchar(99) NOT NULL,
  `add1` varchar(45) DEFAULT NULL,
  `add2` varchar(45) DEFAULT NULL,
  `add3` varchar(45) DEFAULT NULL
) ENGINE=InnoDB AUTO_INCREMENT=2 DEFAULT CHARSET=utf8mb4 COLLATE=utf8mb4_0900_ai_ci;

-- --------------------------------------------------------

--
-- Table structure for table `incidents_outages`
--

DROP TABLE IF EXISTS `incidents_outages`;
CREATE TABLE IF NOT EXISTS `incidents_outages` (
  `id` int NOT NULL,
  `opcos_list_id` int DEFAULT NULL,
  `month_number` int DEFAULT NULL,
  `year` int DEFAULT NULL,
  `date_of_outage` date DEFAULT NULL,
  `duration` varchar(20) DEFAULT NULL,
  `description` varchar(500) DEFAULT NULL,
  `cause` varchar(500) DEFAULT NULL,
  `resolution` varchar(500) DEFAULT NULL
) ENGINE=InnoDB AUTO_INCREMENT=311 DEFAULT CHARSET=latin1;

--
-- Dumping data for table `incidents_outages`
--

INSERT INTO `incidents_outages` (`id`, `opcos_list_id`, `month_number`, `year`, `date_of_outage`, `duration`, `description`, `cause`, `resolution`) VALUES
(14, 83, 5, 2023, '2023-05-01', 'None', 'None', 'None', 'None'),
(15, 85, 5, 2023, '2023-05-01', 'None', 'None', 'None', 'None'),
(16, 91, 6, 2023, '1970-01-01', '', '4', '', ''),
(17, 83, 5, 2023, '2023-05-01', 'None', 'None', 'None', 'None'),
(18, 83, 4, 2023, '2023-04-01', '00:00:00', 'NA', 'NA', 'NA'),
(25, 90, 5, 2023, '1970-01-01', 'None', 'None', 'None', 'None '),
(35, 76, 1, 2023, '2023-03-01', '00:00:00', 'MTNA', 'MTNA', 'MTNA'),
(36, 77, 1, 2023, '2023-01-01', '00:00:00', 'NA', 'NA', 'NA'),
(37, 78, 1, 2023, '2023-02-01', '00:00:00', 'NA', 'NA', 'NA'),
(38, 79, 1, 2023, '2023-02-01', '00:00:00', '1', 'NA', 'NA'),
(39, 80, 1, 2023, '2023-02-01', '00:00:00', 'NA', 'NA', 'NA'),
(40, 81, 1, 2023, '2023-02-01', '00:00:00', 'NA', 'NA', 'NA'),
(41, 76, 2, 2023, '1970-01-01', '', '', '', ''),
(42, 82, 1, 2023, '2023-02-01', '00:00:00', 'NA', 'NA', 'NA'),
(43, 77, 2, 2023, '1970-01-01', '', '', '', ''),
(44, 83, 1, 2023, '2023-02-01', '00:00:00', 'NA', 'NA', 'NA'),
(45, 84, 1, 2023, '2023-02-01', '00:00:00', 'NA', 'NA', 'NA'),
(46, 78, 2, 2023, '1970-01-01', '', '', '', ''),
(47, 85, 1, 2023, '2023-02-01', '00:00:00', 'NA', 'NA', 'NA'),
(48, 79, 2, 2023, '1970-01-01', '', '', '', ''),
(49, 86, 1, 2023, '2023-02-01', '00:00:00', 'NA', 'NA', 'NA'),
(50, 80, 2, 2023, '2023-02-17', '04:00:00', 'Impacted system BSS. Some of the users were not able to login to BSS application', 'LDAP connection from BSS system was not working', 'There was volume mounting issue on some of the VM used for LDAP'),
(51, 81, 2, 2023, '1970-01-01', '', '', '', ''),
(52, 82, 2, 2023, '1970-01-01', '', '', '', ''),
(53, 83, 2, 2023, '1970-01-01', '', '', '', ''),
(54, 84, 2, 2023, '1970-01-01', '', '', '', ''),
(55, 85, 2, 2023, '1970-01-01', '', '', '', ''),
(56, 86, 2, 2023, '1970-01-01', '', '', '', ''),
(57, 90, 2, 2023, '1970-01-01', '', '', '', ''),
(58, 76, 3, 2023, '2023-03-01', '00:00:00', 'NA', 'NA', 'NA'),
(59, 77, 3, 2023, '2023-03-01', '00:00:00', 'NA', 'NA', 'NA'),
(60, 78, 3, 2023, '2023-04-01', '00:00:00', 'NA', 'NA', 'NA'),
(61, 79, 3, 2023, '2023-03-01', '00:00:00', 'NA', 'NA', 'NA'),
(62, 80, 3, 2023, '2023-03-01', '00:00:00', 'NA', 'NA', 'NA'),
(63, 81, 3, 2023, '2023-03-01', '00:00:00', 'NA', 'NA', 'NA'),
(64, 82, 3, 2023, '2023-04-01', '00:00:00', 'NA', 'NA', 'NA'),
(65, 83, 3, 2023, '2023-04-01', '00:00:00', 'NA', 'NA', 'NA'),
(66, 84, 3, 2023, '2023-03-01', '00:00:00', 'NA', 'NA', 'NA'),
(67, 85, 3, 2023, '2023-03-01', '00:00:00', 'NA', 'NA', 'NA'),
(68, 86, 3, 2023, '2023-03-01', '00:00:00', 'NA', 'NA', 'NA'),
(69, 76, 4, 2023, '2023-04-01', '00:00:00', 'NA', 'NA', 'NA'),
(70, 77, 4, 2023, '2023-04-01', '00:00:00', 'NA', 'NA', 'NA'),
(71, 78, 4, 2023, '2023-04-01', '00:00:00', 'NA', 'NA', 'NA'),
(72, 79, 4, 2023, '2023-04-01', '00:00:00', 'NA', 'NA', 'NA'),
(73, 80, 4, 2023, '2023-04-01', '00:00:00', 'NA', 'NA', 'NA'),
(74, 81, 4, 2023, '2023-04-01', '00:00:00', 'NA', 'NA', 'NA'),
(75, 82, 4, 2023, '2023-04-01', '00:00:00', 'NA', 'NA', 'NA'),
(76, 84, 4, 2023, '2023-04-01', '00:00:00', 'NA', 'NA', 'NA'),
(77, 85, 4, 2023, '2023-04-01', '00:00:00', 'NA', 'NA', 'NA'),
(78, 86, 4, 2023, '2023-04-01', '00:00:00', 'NA', 'NA', 'NA'),
(122, 91, 1, 2023, '2023-01-01', '00', 'NA', 'NA', 'NA'),
(123, 91, 2, 2023, '2023-01-02', '00', 'NA', 'NA', 'NA'),
(124, 91, 3, 2023, '2023-03-01', '00', 'NA', 'NA', 'NA'),
(125, 91, 4, 2023, '2023-04-01', '00', 'NA', 'NA', 'NA'),
(126, 91, 7, 2023, '2023-07-01', '00', '8', 'NA', 'NA'),
(127, 91, 8, 2023, '2023-08-01', '00', '2', 'NA', 'NA'),
(128, 91, 9, 2023, '2023-09-01', '00', '1', 'NA', 'NA'),
(142, 91, 11, 2023, '2023-12-01', '00', '2', 'NA', 'NA'),
(159, 90, 12, 2023, '2024-01-01', '00', '1', 'NA', 'NA'),
(160, 91, 12, 2023, '2024-01-01', '00', '2', 'NA', 'NA'),
(164, 80, 1, 2024, '2024-01-01', '00', 'NA', 'NA', 'NA'),
(165, 81, 1, 2024, '1970-01-01', '', '', '', ''),
(166, 82, 1, 2024, '1970-01-01', '', '', '', ''),
(167, 83, 1, 2024, '1970-01-01', '', '', '', ''),
(168, 84, 1, 2024, '1970-01-01', '', '', '', ''),
(169, 85, 1, 2024, '1970-01-01', '', '', '', ''),
(170, 86, 1, 2024, '1970-01-01', '', '', '', ''),
(171, 90, 1, 2024, '1970-01-01', '', '', '', ''),
(172, 91, 1, 2024, '2024-03-22', '', '8', '', ''),
(173, 80, 2, 2024, '2024-03-21', '0', 'NA', 'NA', 'NA'),
(174, 81, 2, 2024, '2024-03-21', '0', 'NA', 'NA', 'NA'),
(175, 77, 2, 2024, '2024-03-22', '0', 'NA', 'NA', 'NA'),
(176, 78, 2, 2024, '2024-03-22', '0', 'NA', 'NA', 'NA'),
(177, 79, 2, 2024, '2024-03-22', 'o', 'NA', 'NA', 'NA'),
(178, 82, 2, 2024, '2024-03-22', '0', 'NA', 'NA', 'NA'),
(179, 83, 2, 2024, '2024-03-22', '0', 'NA', 'NA', 'NA'),
(180, 84, 2, 2024, '2024-03-22', '0', '2', 'NA', 'NA'),
(181, 85, 2, 2024, '2024-03-22', '0', 'NA', 'NA', 'NA'),
(182, 86, 2, 2024, '2024-03-22', '0', 'NA', 'NA', 'NA'),
(183, 90, 2, 2024, '2024-03-22', '0', 'NA', 'NA', 'NA'),
(184, 91, 2, 2024, '2024-03-22', '0', '5', 'NA', 'NA'),
(186, 78, 3, 2024, '1970-01-01', '', '', '', ''),
(187, 79, 3, 2024, '2024-05-04', '0', 'NA', 'NA', 'NA'),
(189, 81, 3, 2024, '1970-01-01', '', '', '', ''),
(190, 82, 3, 2024, '1970-01-01', '', '', '', ''),
(191, 83, 3, 2024, '2024-05-04', '0', 'NA', 'NA', 'NA'),
(192, 84, 3, 2024, '2024-05-04', '0', 'NA', 'NA', 'NA'),
(193, 85, 3, 2024, '2024-05-04', '0', 'NA', 'NA', 'NA'),
(194, 86, 3, 2024, '2024-05-04', '0', 'NA', 'NA', 'NA'),
(195, 90, 3, 2024, '2024-05-04', '0', '1', 'NA', 'NA'),
(196, 91, 3, 2024, '2024-05-04', '0', '7', 'NA', 'NA'),
(218, 77, 3, 2024, '2024-05-13', '0', 'NA', 'NA', 'NA'),
(219, 77, 4, 2024, '2024-06-11', '00:00:00', 'NA', 'NA', 'NA'),
(220, 78, 4, 2024, '2024-06-11', '00:00:00', 'NA', 'NA', 'NA'),
(221, 79, 4, 2024, '2024-06-11', '00:00:00', 'NA', 'NA', 'NA'),
(222, 80, 4, 2024, '2024-06-11', '00:00:00', 'NA', 'NA', 'NA'),
(223, 81, 4, 2024, '2024-06-11', '00:00:00', 'NA', 'NA', 'NA'),
(224, 82, 4, 2024, '2024-06-11', '00:00:00', 'NA', 'NA', 'NA'),
(225, 83, 4, 2024, '2024-06-11', '00:00:00', 'NA', 'NA', 'NA'),
(226, 84, 4, 2024, '2024-06-11', '00:00:00', 'NA', 'NA', 'NA'),
(227, 85, 4, 2024, '2024-06-11', '00:00:00', 'NA', 'NA', 'NA'),
(228, 86, 4, 2024, '2024-06-11', '00:00:00', 'NA', 'NA', 'NA'),
(229, 90, 4, 2024, '2024-06-11', '00:00:00', 'NA', 'NA', 'NA'),
(230, 91, 4, 2024, '2024-06-11', '00:00:00', '8', 'NA', 'NA'),
(231, 77, 5, 2024, '2024-07-10', '00:00:00', 'NA', 'NA', 'NA'),
(232, 78, 5, 2024, '2024-07-10', '00:00:00', 'NA', 'NA', 'NA'),
(233, 79, 5, 2024, '2024-07-10', '00:00:00', 'NA', 'NA', 'NA'),
(234, 80, 5, 2024, '2024-07-10', '00:00:00', 'NA', 'NA', 'NA'),
(235, 81, 5, 2024, '2024-07-10', '00:00:00', 'NA', 'NA', 'NA'),
(236, 82, 5, 2024, '2024-07-10', '00:00:00', 'NA', 'NA', 'NA'),
(237, 83, 5, 2024, '2024-07-10', '00:00:00', 'NA', 'NA', 'NA'),
(238, 84, 5, 2024, '2024-07-10', '00:00:00', 'NA', 'NA', 'NA'),
(239, 85, 5, 2024, '2024-07-10', '00:00:00', 'NA', 'NA', 'NA'),
(240, 86, 5, 2024, '2024-07-10', '00:00:00', 'NA', 'NA', 'NA'),
(241, 90, 5, 2024, '2024-07-10', '00:00:00', 'NA', 'NA', 'NA'),
(242, 91, 5, 2024, '2024-07-10', '00:00:00', '7', 'NA', 'NA'),
(243, 77, 6, 2024, '2024-09-11', '0', '0', 'NA', 'NA'),
(244, 78, 6, 2024, '2024-09-11', '00:00:00', '0', 'NA', 'NA'),
(245, 79, 6, 2024, '2024-09-11', '00:00:00', '0', 'NA', 'NA'),
(246, 80, 6, 2024, '2024-09-11', '00:00:00', '0', 'NA', 'NA'),
(247, 81, 6, 2024, '2024-09-11', '00:00:00', '0', 'NA', 'NA'),
(248, 82, 6, 2024, '2024-09-11', '00:00:00', '0', 'NA', 'NA'),
(249, 83, 6, 2024, '2024-09-11', '00:00:00', '0', 'NA', 'NA'),
(250, 84, 6, 2024, '2024-09-11', '00:00:00', '0', 'NA', 'NA'),
(251, 85, 6, 2024, '2024-09-12', '00:00:00', '0', 'NA', 'NA'),
(252, 86, 6, 2024, '2024-09-12', '00:00:00', '0', 'NA', 'NA'),
(253, 90, 6, 2024, '2024-09-12', '00:00:00', '0', 'NA', 'NA'),
(254, 91, 6, 2024, '2024-09-12', '00:00:00', '3', 'NA', 'NA'),
(255, 78, 7, 2024, '2024-09-19', '00:00:00', '0', 'NA', 'NA'),
(256, 77, 7, 2024, '2024-11-07', '00:00:00', '0', 'NA', 'NA'),
(257, 79, 7, 2024, '2024-11-07', '00:00:00', '0', 'NA ', 'NA'),
(258, 80, 7, 2024, '2024-11-08', '00:00:00', '0', 'NA', 'NA'),
(259, 81, 7, 2024, '2024-11-08', '00:00:00', '0', 'NA ', 'NA'),
(260, 82, 7, 0, '2024-11-08', '00:00:00', '0', 'NA ', 'NA'),
(261, 83, 7, 2024, '2024-11-08', '00:00:00', '0', 'NA', 'NA'),
(262, 84, 7, 2024, '2024-11-08', '00:00:00', '0', 'NA', 'NA'),
(263, 85, 7, 2024, '2024-11-08', '00:00:00', '0', 'NA', 'NA'),
(264, 90, 7, 2024, '2024-11-08', '00:00:00', '0', 'NA ', 'NA'),
(265, 91, 7, 2024, '2024-11-08', '00:00:00', '0', 'NA ', 'NA'),
(266, 77, 8, 2024, '2024-11-08', '00:00:00', '0', 'NA', 'NA'),
(267, 78, 8, 2024, '2024-11-08', '00:00:00', '0', 'NA ', 'NA'),
(268, 79, 8, 2024, '2024-11-08', '00:00:00', '0', 'NA', 'NA'),
(269, 80, 8, 2024, '2024-11-08', '00:00:00', '0', 'NA ', 'NA'),
(270, 81, 8, 2024, '2024-11-08', '00:00:00', '0', 'NA', 'NA'),
(271, 82, 8, 2024, '2024-11-08', '00:00:00', '0', 'NA', 'NA'),
(272, 83, 8, 2024, '2024-11-08', '00:00:00', '0', 'NA', 'NA'),
(273, 84, 8, 2024, '2024-11-08', '00:00:00', '0', 'NA', 'NA'),
(274, 85, 8, 2024, '2024-11-08', '00:00:00', '0', 'NA ', 'NA'),
(275, 90, 8, 2024, '2024-11-08', '00:00:00', '0', 'NA ', 'NA'),
(276, 91, 8, 2024, '2024-11-08', '00:00:00', '1', 'NA ', 'NA'),
(277, 77, 9, 2024, '2024-11-18', '00:00:00', '0', 'NA', 'NA'),
(278, 78, 9, 2024, '2024-11-18', '00:00:00', '0', 'NA', 'NA'),
(279, 79, 9, 2024, '2024-11-18', '00:00:00', '0', 'NA', 'NA'),
(280, 80, 9, 2024, '2024-11-18', '00:00:00', '0', 'NA', 'NA'),
(281, 81, 9, 2024, '2024-11-18', '00:00:00', '0', 'NA ', 'NA'),
(282, 82, 9, 2024, '2024-11-18', '00:00:00', '0', 'NA', 'NA'),
(283, 83, 9, 2024, '2024-10-01', '00', '0', '0', '0'),
(284, 84, 9, 2024, '2024-10-01', '0', '0', '0', '0'),
(285, 85, 9, 2024, '2024-10-01', '0', '0', '0', '0'),
(286, 90, 9, 2024, '2024-10-01', '0', '0', '0', '0'),
(287, 91, 9, 2024, '2024-10-01', '0', '1', '0', '0'),
(288, 77, 10, 2024, '1970-01-01', '', '', '', ''),
(289, 78, 10, 2024, '2024-12-06', '0', '0', '0', '0'),
(290, 79, 10, 2024, '2024-12-06', '0', '0', '0', '0'),
(291, 80, 10, 2024, '1970-01-01', '0', '0', '0', '0'),
(292, 81, 10, 2024, '2024-12-06', '0', '0', '0', '0'),
(293, 82, 10, 2024, '1970-01-01', '0', '0', '0', '0'),
(294, 83, 10, 2024, '2024-12-08', '', '', '', ''),
(295, 84, 10, 2024, '2024-12-08', '0', '0', '0', '0'),
(296, 85, 10, 2024, '1970-01-01', '', '0', '0', '0'),
(297, 90, 10, 2024, '2024-12-08', '1', '1', '1', '1'),
(298, 91, 10, 2024, '2024-12-08', '5', '5', '5', '5'),
(299, 77, 11, 2024, '2024-12-23', '00:00:00', '0', 'NA ', 'NA'),
(300, 78, 11, 2024, '2024-12-23', '00:00:00', '0', 'NA', 'NA'),
(301, 79, 11, 2024, '2024-12-26', '00:00:00', '0', 'NA ', 'NA'),
(302, 80, 10, 2024, '2024-12-26', '00:00:00', '0', 'NA', 'NA'),
(303, 80, 11, 2024, '2024-12-26', '00:00:00', '0', 'NA', 'NA'),
(304, 81, 11, 2024, '2024-12-26', '00:00:00', '0', 'NA ', 'NA'),
(305, 82, 11, 2024, '2024-12-28', '00:00:00', '0', 'NA', 'NA'),
(306, 83, 11, 2024, '2024-12-28', '00:00:00', '0', 'NA ', 'NA'),
(307, 84, 11, 2024, '2024-12-28', '00:00:00', '0', 'NA', 'NA'),
(308, 85, 11, 2024, '2024-12-28', '00:00:00', '0', 'NA ', 'NA'),
(309, 90, 11, 2024, '2024-12-28', '00:00:00', '0', 'NA ', 'NA'),
(310, 91, 11, 2024, '2024-12-28', '00:00:00', '1', 'NA', 'NA'),
(311, 77, 12, 2024, '2025-01-20', '00:00:00', '0', 'NA', 'NA'),
(312, 78, 12, 2024, '2025-01-20', '00:00:00', '0', 'NA', 'NA'),
(313, 79, 12, 2024, '2025-01-20', '00:00:00', '0', 'NA', 'NA'),
(314, 80, 12, 2024, '2025-01-20', '00:00:00', '0', 'NA ', 'NA'),
(315, 81, 12, 2024, '2025-01-21', '00:00:00', '0', 'NA', 'NA'),
(316, 82, 12, 2024, '2025-01-21', '00:00:00', '0', 'NA', 'NA'),
(317, 83, 12, 2024, '2025-01-21', '00:00:00', '0', 'NA ', 'NA'),
(318, 84, 12, 2024, '2025-01-21', '00:00:00', '0', 'NA', 'NA'),
(319, 85, 12, 2024, '2025-01-21', '00:00:00', 'NA', '0', '0'),
(320, 90, 12, 2024, '2025-01-21', '00:00:00', '0', 'NA', 'NA'),
(321, 91, 12, 2024, '2025-01-21', '00:00:00', '8', 'NA', 'NA');

-- --------------------------------------------------------

--
-- Table structure for table `incidents_reason`
--

DROP TABLE IF EXISTS `incidents_reason`;
CREATE TABLE IF NOT EXISTS `incidents_reason` (
  `id` int NOT NULL,
  `opcos_list_id` int NOT NULL,
  `month_number` int NOT NULL,
  `year` int NOT NULL,
  `app_issue_count` int NOT NULL,
  `fun_issue_count` int NOT NULL,
  `data_issue_count` int NOT NULL,
  `plat_issue_count` int NOT NULL,
  `NFR_issue_count` int NOT NULL,
  `tec_issue_count` int NOT NULL,
  `3pp_issue_count` int NOT NULL,
  `clar_issue_count` int NOT NULL,
  `no_fcr_count` varchar(255) DEFAULT NULL,
  `process_gap_count` varchar(255) DEFAULT NULL,
  `know_gap_count` varchar(45) NOT NULL,
  `add2` varchar(45) DEFAULT NULL,
  `add3` varchar(45) DEFAULT NULL,
  `add5` varchar(45) DEFAULT NULL
) ENGINE=InnoDB AUTO_INCREMENT=367 DEFAULT CHARSET=utf8mb4 COLLATE=utf8mb4_0900_ai_ci;

--
-- Dumping data for table `incidents_reason`
--

INSERT INTO `incidents_reason` (`id`, `opcos_list_id`, `month_number`, `year`, `app_issue_count`, `fun_issue_count`, `data_issue_count`, `plat_issue_count`, `NFR_issue_count`, `tec_issue_count`, `3pp_issue_count`, `clar_issue_count`, `no_fcr_count`, `process_gap_count`, `know_gap_count`, `add2`, `add3`, `add5`) VALUES
(46, 76, 5, 2023, 1, 0, 3, 0, 2, 0, 0, 3, '0', '0', '0', NULL, NULL, NULL),
(47, 77, 5, 2023, 0, 0, 0, 0, 0, 0, 0, 0, '0', '0', '0', NULL, NULL, NULL),
(48, 78, 5, 2023, 18, 3, 72, 0, 1, 0, 182, 3, '0', '0', '0', NULL, NULL, NULL),
(49, 79, 5, 2023, 0, 0, 0, 0, 0, 0, 0, 0, '0', '0', '0', NULL, NULL, NULL),
(50, 80, 5, 2023, 13, 0, 0, 2, 0, 0, 11, 0, '0', '0', '0', NULL, NULL, NULL),
(51, 81, 5, 2023, 0, 0, 1, 0, 0, 0, 2, 0, '0', '0', '0', NULL, NULL, NULL),
(52, 82, 5, 2023, 22, 0, 17, 1, 0, 0, 1, 1, '0', '0', '0', NULL, NULL, NULL),
(53, 83, 5, 2023, 29, 0, 50, 0, 0, 0, 0, 100, '0', '0', '100', NULL, NULL, NULL),
(54, 85, 5, 2023, 29, 633, 20, 86, 0, 0, 0, 0, '0', '0', '0', NULL, NULL, NULL),
(55, 91, 5, 2023, 0, 0, 0, 0, 0, 0, 0, 0, '0', '0', '0', NULL, NULL, NULL),
(57, 76, 6, 2023, 2, 0, 4, 0, 2, 0, 0, 0, '0', '0', '0', NULL, NULL, NULL),
(58, 80, 6, 2023, 1, 0, 4, 2, 0, 0, 8, 0, '0', '0', '0', NULL, NULL, NULL),
(59, 83, 6, 2023, 20, 0, 20, 0, 0, 0, 0, 50, '0', '0', '26', NULL, NULL, NULL),
(60, 84, 6, 2023, 0, 0, 0, 0, 0, 0, 1, 0, '0', '30', '0', NULL, NULL, NULL),
(61, 90, 5, 2023, 6, 5, 17, 0, 0, 0, 15, 15, '0', '0', '18', NULL, NULL, NULL),
(62, 78, 6, 2023, 1, 6, 58, 0, 14, 0, 168, 0, '0', '0', '0', NULL, NULL, NULL),
(63, 82, 6, 2023, 29, 0, 16, 4, 0, 0, 0, 0, '0', '0', '0', NULL, NULL, NULL),
(64, 86, 6, 2023, 10, 0, 2, 3, 0, 1, 1, 0, '0', '1', '0', NULL, NULL, NULL),
(65, 85, 6, 2023, 31, 575, 8, 0, 0, 0, 0, 0, '0', '87', '0', NULL, NULL, NULL),
(66, 79, 6, 2023, 0, 0, 3, 0, 0, 0, 0, 0, '0', '0', '0', NULL, NULL, NULL),
(67, 77, 6, 2023, 0, 0, 0, 0, 0, 0, 0, 0, '0', '0', '0', NULL, NULL, NULL),
(68, 81, 6, 2023, 0, 0, 6, 0, 0, 0, 0, 0, '0', '0', '0', NULL, NULL, NULL),
(69, 90, 6, 2023, 6, 5, 17, 0, 0, 0, 15, 15, '0', '0', '18', NULL, NULL, NULL),
(70, 91, 6, 2023, 613, 53, 74, 0, 0, 0, 17, 14, '0', '6', '14', NULL, NULL, NULL),
(73, 76, 1, 2023, 3, 3, 2, 0, 2, 0, 0, 0, '0', '0', '0', NULL, NULL, NULL),
(74, 77, 1, 2023, 0, 0, 0, 0, 0, 0, 0, 0, '0', '0', '0', NULL, NULL, NULL),
(75, 78, 1, 2023, 4, 39, 58, 0, 1, 0, 56, 53, '0', '33', '21', NULL, NULL, NULL),
(76, 79, 1, 2023, 0, 0, 3, 1, 0, 0, 0, 0, '0', '0', '0', NULL, NULL, NULL),
(77, 80, 1, 2023, 3, 0, 0, 26, 0, 0, 109, 0, '0', '0', '0', NULL, NULL, NULL),
(78, 81, 1, 2023, 0, 2, 5, 0, 0, 0, 0, 0, '0', '0', '0', NULL, NULL, NULL),
(79, 76, 2, 2023, 4, 0, 0, 0, 3, 0, 0, 0, '0', '0', '0', NULL, NULL, NULL),
(80, 82, 1, 2023, 14, 0, 31, 2, 0, 0, 2, 0, '0', '0', '0', NULL, NULL, NULL),
(81, 77, 2, 2023, 0, 0, 0, 0, 0, 0, 0, 0, '0', '0', '0', NULL, NULL, NULL),
(82, 83, 1, 2023, 80, 40, 26, 0, 0, 0, 0, 40, '0', '0', '2', NULL, NULL, NULL),
(83, 84, 1, 2023, 0, 0, 0, 0, 0, 0, 0, 0, '0', '4', '0', NULL, NULL, NULL),
(84, 78, 2, 2023, 32, 34, 51, 0, 3, 0, 73, 69, '0', '31', '19', NULL, NULL, NULL),
(85, 85, 1, 2023, 31, 583, 19, 0, 0, 0, 0, 0, '0', '0', '0', NULL, NULL, NULL),
(86, 79, 2, 2023, 0, 0, 4, 0, 0, 0, 0, 1, '0', '0', '0', NULL, NULL, NULL),
(87, 86, 1, 2023, 0, 4, 0, 0, 0, 0, 0, 0, '0', '12', '0', NULL, NULL, NULL),
(88, 80, 2, 2023, 20, 0, 0, 1, 0, 0, 86, 0, '0', '0', '0', NULL, NULL, NULL),
(89, 81, 2, 2023, 0, 0, 5, 0, 0, 0, 0, 0, '0', '0', '0', NULL, NULL, NULL),
(90, 82, 2, 2023, 13, 0, 29, 1, 0, 0, 0, 0, '0', '0', '0', NULL, NULL, NULL),
(91, 83, 2, 2023, 20, 40, 40, 0, 0, 0, 0, 40, '0', '0', '23', NULL, NULL, NULL),
(92, 84, 2, 2023, 0, 0, 0, 0, 0, 0, 0, 0, '0', '3', '0', NULL, NULL, NULL),
(93, 85, 2, 2023, 38, 615, 24, 0, 0, 0, 0, 0, '0', '0', '0', NULL, NULL, NULL),
(94, 86, 2, 2023, 1, 1, 0, 11, 0, 0, 0, 0, '0', '5', '0', NULL, NULL, NULL),
(95, 76, 7, 2023, 10, 0, 3, 2, 0, 0, 0, 5, '0', '0', '0', NULL, NULL, NULL),
(96, 90, 2, 2023, 6, 5, 15, 0, 0, 0, 17, 19, '0', '0', '19', NULL, NULL, NULL),
(97, 76, 3, 2023, 2, 1, 2, 0, 2, 0, 2, 0, '0', '0', '0', NULL, NULL, NULL),
(98, 77, 3, 2023, 0, 0, 1, 0, 0, 0, 0, 0, '0', '0', '0', NULL, NULL, NULL),
(99, 78, 3, 2023, 78, 28, 68, 0, 5, 0, 81, 166, '0', '29', '17', NULL, NULL, NULL),
(100, 79, 3, 2023, 0, 0, 1, 0, 0, 0, 2, 0, '0', '0', '0', NULL, NULL, NULL),
(101, 80, 3, 2023, 22, 0, 0, 0, 0, 0, 53, 0, '0', '0', '0', NULL, NULL, NULL),
(102, 81, 3, 2023, 0, 0, 2, 0, 0, 0, 0, 0, '0', '0', '0', NULL, NULL, NULL),
(103, 82, 3, 2023, 18, 0, 27, 2, 0, 0, 0, 0, '0', '0', '0', NULL, NULL, NULL),
(104, 83, 3, 2023, 72, 50, 100, 0, 0, 0, 0, 100, '0', '0', '50', NULL, NULL, NULL),
(105, 84, 3, 2023, 0, 0, 0, 0, 0, 0, 0, 0, '0', '5', '0', NULL, NULL, NULL),
(106, 85, 3, 2023, 48, 815, 24, 0, 0, 0, 0, 0, '0', '0', '82', NULL, NULL, NULL),
(107, 86, 3, 2023, 2, 6, 4, 2, 0, 0, 0, 0, '0', '3', '0', NULL, NULL, NULL),
(108, 76, 4, 2023, 2, 0, 2, 0, 0, 0, 0, 0, '0', '0', '0', NULL, NULL, NULL),
(109, 77, 4, 2023, 0, 0, 0, 0, 0, 0, 0, 0, '0', '0', '0', NULL, NULL, NULL),
(110, 78, 4, 2023, 47, 16, 43, 0, 8, 0, 38, 24, '0', '35', '14', NULL, NULL, NULL),
(111, 79, 4, 2023, 0, 0, 0, 0, 0, 0, 0, 0, '0', '0', '1', NULL, NULL, NULL),
(112, 80, 4, 2023, 18, 0, 0, 0, 0, 0, 15, 0, '0', '0', '0', NULL, NULL, NULL),
(113, 81, 4, 2023, 0, 0, 5, 0, 0, 0, 0, 0, '0', '0', '0', NULL, NULL, NULL),
(114, 82, 4, 2023, 20, 0, 22, 1, 0, 0, 1, 1, '0', '0', '1', NULL, NULL, NULL),
(115, 83, 4, 2023, 75, 50, 100, 0, 0, 0, 0, 100, '0', '0', '70', NULL, NULL, NULL),
(116, 84, 4, 2023, 0, 0, 0, 0, 0, 0, 0, 0, '0', '3', '0', NULL, NULL, NULL),
(117, 85, 4, 2023, 17, 529, 13, 0, 0, 0, 0, 0, '0', '82', '0', NULL, NULL, NULL),
(118, 86, 4, 2023, 7, 11, 0, 0, 0, 0, 0, 0, '0', '0', '18', NULL, NULL, NULL),
(119, 86, 7, 2023, 10, 0, 1, 0, 0, 0, 0, 0, '0', '0', '0', NULL, NULL, NULL),
(120, 85, 7, 2023, 31, 613, 19, 0, 0, 0, 0, 0, '0', '70', '0', NULL, NULL, NULL),
(121, 77, 7, 2023, 0, 0, 0, 0, 0, 0, 0, 0, '0', '0', '0', NULL, NULL, NULL),
(122, 84, 7, 2023, 0, 0, 0, 0, 0, 0, 0, 2, '0', '34', '0', NULL, NULL, NULL),
(123, 83, 7, 2023, 50, 0, 40, 0, 0, 0, 30, 50, '0', '0', '25', NULL, NULL, NULL),
(124, 82, 7, 2023, 27, 9, 18, 0, 0, 0, 0, 0, '0', '0', '0', NULL, NULL, NULL),
(125, 81, 7, 2023, 0, 0, 7, 0, 0, 0, 2, 0, '0', '0', '0', NULL, NULL, NULL),
(126, 80, 7, 2023, 0, 0, 8, 13, 0, 0, 2, 0, '0', '0', '0', NULL, NULL, NULL),
(127, 79, 7, 2023, 0, 0, 0, 0, 0, 0, 0, 0, '0', '0', '0', NULL, NULL, NULL),
(128, 78, 7, 2023, 3, 4, 103, 0, 0, 0, 137, 0, '0', '0', '0', NULL, NULL, NULL),
(129, 76, 8, 2023, 2, 0, 5, 0, 4, 0, 0, 2, '0', '0', '0', NULL, NULL, NULL),
(130, 77, 8, 2023, 0, 0, 0, 0, 0, 0, 0, 0, '0', '0', '0', NULL, NULL, NULL),
(131, 78, 8, 2023, 1, 4, 65, 0, 1, 0, 81, 5, '0', '0', '52', NULL, NULL, NULL),
(132, 79, 9, 2023, 0, 0, 2, 0, 0, 0, 0, 0, '0', '0', '0', NULL, NULL, NULL),
(133, 80, 8, 2023, 9, 0, 13, 5, 0, 0, 0, 0, '0', '0', '0', NULL, NULL, NULL),
(134, 81, 8, 2023, 0, 0, 0, 0, 0, 0, 0, 0, '0', '0', '0', NULL, NULL, NULL),
(135, 86, 8, 2023, 10, 0, 1, 0, 0, 0, 0, 0, '0', '0', '0', NULL, NULL, NULL),
(136, 85, 8, 2023, 38, 627, 19, 0, 0, 0, 0, 0, '0', '60', '0', NULL, NULL, NULL),
(137, 84, 8, 2023, 0, 0, 0, 0, 0, 0, 0, 0, '0', '19', '0', NULL, NULL, NULL),
(138, 83, 8, 2023, 50, 0, 60, 0, 0, 0, 40, 60, '0', '0', '34', NULL, NULL, NULL),
(139, 76, 9, 2023, 1, 0, 2, 0, 4, 0, 0, 0, '0', '0', '0', NULL, NULL, NULL),
(140, 77, 9, 2023, 1, 0, 0, 0, 0, 0, 0, 0, '0', '0', '0', NULL, NULL, NULL),
(141, 78, 9, 2023, 0, 32, 52, 0, 0, 0, 101, 0, '0', '0', '9', NULL, NULL, NULL),
(142, 80, 9, 2023, 12, 0, 34, 0, 0, 0, 29, 0, '0', '0', '0', NULL, NULL, NULL),
(143, 81, 9, 2023, 0, 0, 21, 0, 0, 0, 0, 0, '0', '0', '0', NULL, NULL, NULL),
(144, 82, 8, 2023, 13, 7, 18, 1, 0, 0, 0, 18, '0', '0', '0', NULL, NULL, NULL),
(145, 79, 8, 2023, 0, 0, 0, 0, 0, 0, 0, 0, '0', '0', '0', NULL, NULL, NULL),
(146, 82, 9, 2023, 19, 3, 16, 9, 0, 0, 4, 8, '0', '0', '0', NULL, NULL, NULL),
(147, 83, 9, 2023, 50, 0, 50, 0, 0, 0, 30, 30, '0', '0', '25', NULL, NULL, NULL),
(148, 84, 9, 2023, 0, 0, 0, 0, 0, 0, 3, 0, '0', '16', '0', NULL, NULL, NULL),
(149, 85, 9, 2023, 29, 624, 18, 0, 0, 0, 0, 0, '0', '59', '0', NULL, NULL, NULL),
(150, 86, 9, 2023, 11, 0, 0, 0, 0, 0, 0, 0, '0', '0', '0', NULL, NULL, NULL),
(151, 76, 10, 2023, 0, 1, 1, 0, 0, 0, 0, 0, '0', '0', '0', NULL, NULL, NULL),
(152, 77, 10, 2023, 0, 1, 0, 0, 0, 0, 0, 0, '0', '0', '0', NULL, NULL, NULL),
(153, 78, 10, 2023, 6, 1, 107, 0, 0, 0, 85, 0, '0', '0', '9', NULL, NULL, NULL),
(154, 79, 10, 2023, 0, 0, 0, 0, 0, 0, 0, 0, '0', '0', '0', NULL, NULL, NULL),
(155, 80, 10, 2023, 55, 0, 2, 0, 0, 0, 3, 0, '0', '0', '0', NULL, NULL, NULL),
(156, 81, 10, 2023, 0, 0, 4, 0, 0, 0, 0, 0, '0', '0', '0', NULL, NULL, NULL),
(157, 82, 10, 2023, 21, 6, 8, 5, 0, 0, 4, 11, '0', '0', '0', NULL, NULL, NULL),
(158, 83, 10, 2023, 50, 0, 50, 0, 0, 0, 30, 30, '0', '0', '17', NULL, NULL, NULL),
(159, 84, 10, 2023, 0, 0, 0, 0, 0, 0, 0, 0, '0', '14', '0', NULL, NULL, NULL),
(160, 86, 10, 2023, 8, 0, 0, 0, 0, 0, 0, 0, '0', '0', '0', NULL, NULL, NULL),
(161, 85, 10, 2023, 68, 667, 36, 0, 0, 0, 0, 0, '0', '89', '0', NULL, NULL, NULL),
(162, 91, 1, 2023, 222, 84, 128, 158, 1, 29, 177, 85, '0', '46', '12', NULL, NULL, NULL),
(163, 91, 2, 2023, 0, 181, 238, 0, 0, 0, 0, 477, '0', '0', '7', NULL, NULL, NULL),
(164, 91, 3, 2023, 128, 220, 299, 45, 0, 0, 118, 233, '0', '96', '71', NULL, NULL, NULL),
(165, 91, 4, 2023, 323, 0, 136, 0, 2, 0, 0, 436, '0', '1', '0', NULL, NULL, NULL),
(166, 91, 7, 2023, 741, 0, 0, 0, 0, 0, 98, 0, '0', '70', '79', NULL, NULL, NULL),
(167, 91, 8, 2023, 805, 0, 0, 0, 0, 0, 95, 0, '0', '0', '48', NULL, NULL, NULL),
(168, 91, 9, 2023, 774, 0, 0, 0, 0, 0, 102, 0, '0', '0', '56', NULL, NULL, NULL),
(169, 91, 10, 2023, 623, 0, 0, 0, 0, 0, 169, 0, '0', '0', '52', NULL, NULL, NULL),
(170, 91, 11, 2023, 0, 0, 0, 0, 0, 0, 0, 0, '0', '0', '0', NULL, NULL, NULL),
(174, 81, 11, 2023, 0, 0, 9, 0, 0, 0, 2, 0, '0', '0', '0', NULL, NULL, NULL),
(175, 82, 11, 2023, 12, 26, 9, 4, 0, 0, 0, 11, '0', '0', '0', NULL, NULL, NULL),
(176, 84, 11, 2023, 0, 0, 0, 0, 0, 0, 0, 0, '0', '10', '0', NULL, NULL, NULL),
(177, 86, 11, 2023, 5, 0, 2, 0, 0, 0, 3, 0, '0', '5', '0', NULL, NULL, NULL),
(178, 90, 11, 2023, 4, 3, 4, 0, 0, 0, 10, 9, '0', '0', '12', NULL, NULL, NULL),
(179, 80, 11, 2023, 1, 0, 0, 2, 0, 0, 8, 0, '0', '0', '0', NULL, NULL, NULL),
(180, 83, 11, 2023, 50, 0, 50, 0, 0, 0, 50, 50, '0', '0', '27', NULL, NULL, NULL),
(181, 85, 11, 2023, 92, 680, 84, 0, 0, 0, 0, 0, '0', '97', '0', NULL, NULL, NULL),
(182, 91, 11, 2023, 876, 0, 0, 0, 0, 0, 45, 0, '0', '0', '49', NULL, NULL, NULL),
(183, 77, 11, 2023, 0, 0, 0, 0, 0, 0, 0, 0, '0', '0', '0', NULL, NULL, NULL),
(184, 78, 11, 2023, 3, 1, 51, 0, 2, 0, 56, 13, '0', '23', '2', NULL, NULL, NULL),
(185, 79, 11, 2023, 0, 0, 2, 0, 0, 0, 0, 0, '0', '0', '0', NULL, NULL, NULL),
(186, 77, 11, 2020, 0, 0, 0, 0, 0, 0, 0, 0, '0', '0', '0', NULL, NULL, NULL),
(188, 77, 11, 2023, 0, 0, 0, 0, 0, 0, 3, 0, '0', '0', '0', NULL, NULL, NULL),
(189, 90, 1, 2023, 11, 7, 19, 0, 0, 0, 17, 16, NULL, NULL, '21', NULL, NULL, NULL),
(190, 90, 10, 2023, 4, 3, 4, 0, 0, 0, 14, 13, NULL, NULL, '16', NULL, NULL, NULL),
(191, 90, 9, 2023, 4, 3, 3, 0, 0, 0, 10, 9, NULL, NULL, '12', NULL, NULL, NULL),
(192, 90, 8, 2023, 5, 5, 13, 0, 0, 0, 30, 19, NULL, NULL, '22', NULL, NULL, NULL),
(193, 90, 7, 2023, 5, 5, 13, 0, 0, 0, 12, 11, NULL, NULL, '15', NULL, NULL, NULL),
(194, 84, 5, 2023, 0, 0, 0, 0, 0, 0, 0, 0, NULL, '34', '0', NULL, NULL, NULL),
(195, 86, 5, 2023, 8, 11, 0, 0, 0, 0, 0, 0, NULL, NULL, '0', NULL, NULL, NULL),
(196, 90, 4, 2023, 10, 8, 21, 0, 0, 0, 21, 26, NULL, NULL, '24', NULL, NULL, NULL),
(197, 90, 3, 2023, 8, 6, 16, 0, 0, 0, 17, 21, NULL, NULL, '19', NULL, NULL, NULL),
(198, 77, 12, 2023, 0, 0, 0, 0, 0, 0, 0, 0, '0', '0', '0', NULL, NULL, NULL),
(199, 78, 12, 2023, 40, 65, 75, 0, 0, 0, 35, 0, '0', '0', '25', NULL, NULL, NULL),
(200, 79, 12, 2023, 0, 0, 1, 0, 0, 0, 0, 0, '0', '0', '0', NULL, NULL, NULL),
(201, 80, 12, 2023, 5, 0, 3, 3, 0, 0, 8, 0, '0', '0', '0', NULL, NULL, NULL),
(202, 81, 12, 2023, 0, 0, 3, 0, 0, 0, 0, 0, '0', '0', '0', NULL, NULL, NULL),
(203, 82, 12, 2023, 17, 20, 22, 0, 0, 0, 0, 0, '0', '0', '0', NULL, NULL, NULL),
(204, 83, 12, 2023, 50, 0, 50, 0, 0, 0, 50, 50, '0', '0', '52', NULL, NULL, NULL),
(205, 84, 12, 2023, 0, 0, 0, 0, 0, 0, 0, 0, '0', '8', '0', NULL, NULL, NULL),
(206, 85, 12, 2023, 43, 597, 27, 0, 0, 0, 0, 0, '0', '54', '0', NULL, NULL, NULL),
(207, 86, 12, 2023, 7, 0, 0, 0, 0, 0, 0, 0, '0', '0', '0', NULL, NULL, NULL),
(208, 90, 12, 2023, 4, 3, 5, 0, 0, 0, 10, 9, '0', '0', '12', NULL, NULL, NULL),
(209, 91, 12, 2023, 602, 0, 0, 0, 0, 0, 34, 0, '0', '0', '20', NULL, NULL, NULL),
(210, 77, 1, 2024, 0, 0, 0, 0, 0, 0, 3, 0, '0', '0', '0', NULL, NULL, NULL),
(211, 78, 1, 2024, 45, 27, 34, 0, 19, 0, 18, 0, '0', '5', '3', NULL, NULL, NULL),
(212, 79, 1, 2024, 1, 0, 0, 0, 0, 0, 0, 0, '0', '0', '0', NULL, NULL, NULL),
(213, 80, 1, 2024, 0, 0, 0, 5, 0, 0, 16, 0, '0', '0', '0', NULL, NULL, NULL),
(214, 81, 1, 2024, 0, 0, 2, 0, 0, 0, 0, 0, '0', '0', '0', NULL, NULL, NULL),
(215, 82, 1, 2024, 17, 12, 18, 3, 0, 0, 1, 5, '0', '0', '0', NULL, NULL, NULL),
(216, 83, 1, 2024, 50, 10, 50, 0, 0, 0, 50, 50, '0', '0', '52', NULL, NULL, NULL),
(217, 84, 1, 2024, 0, 0, 0, 0, 0, 0, 0, 0, '0', '11', '0', NULL, NULL, NULL),
(218, 85, 1, 2024, 32, 516, 27, 0, 0, 0, 0, 0, '0', '56', '0', NULL, NULL, NULL),
(219, 86, 1, 2024, 8, 0, 0, 0, 0, 0, 0, 0, '0', '0', '0', NULL, NULL, NULL),
(220, 90, 1, 2024, 2, 2, 3, 0, 0, 0, 5, 4, '0', '0', '7', NULL, NULL, NULL),
(221, 91, 1, 2024, 487, 398, 96, 0, 0, 0, 69, 0, '0', '0', '37', NULL, NULL, NULL),
(222, 80, 2, 2024, 0, 0, 0, 0, 0, 0, 4, 0, '0', '0', '0', NULL, NULL, NULL),
(229, 81, 2, 2024, 0, 0, 14, 0, 0, 0, 0, 0, '0', '0', '0', NULL, NULL, NULL),
(230, 77, 2, 2024, 0, 2, 0, 0, 0, 0, 1, 0, '0', '0', '0', NULL, NULL, NULL),
(231, 78, 2, 2024, 42, 16, 42, 0, 32, 0, 19, 0, '0', '0', '0', NULL, NULL, NULL),
(232, 79, 2, 2024, 0, 0, 2, 0, 0, 0, 0, 0, '0', '0', '0', NULL, NULL, NULL),
(233, 82, 2, 2024, 21, 13, 16, 0, 0, 0, 3, 6, '0', '0', '0', NULL, NULL, NULL),
(234, 83, 2, 2024, 50, 10, 100, 0, 0, 0, 50, 50, '0', '0', '46', NULL, NULL, NULL),
(235, 84, 2, 2024, 0, 0, 0, 0, 0, 0, 2, 0, '0', '22', '0', NULL, NULL, NULL),
(236, 85, 2, 2024, 27, 507, 22, 0, 0, 0, 0, 0, '0', '51', '0', NULL, NULL, NULL),
(237, 86, 2, 2024, 9, 0, 0, 0, 0, 0, 0, 0, '0', '0', '0', NULL, NULL, NULL),
(238, 90, 2, 2024, 2, 2, 5, 0, 0, 0, 7, 8, '0', '0', '9', NULL, NULL, NULL),
(239, 91, 2, 2024, 297, 340, 88, 0, 0, 0, 85, 0, '0', '0', '38', NULL, NULL, NULL),
(241, 78, 3, 2024, 74, 15, 23, 0, 27, 0, 12, 3, '0', '6', '1', NULL, NULL, NULL),
(242, 79, 3, 2024, 0, 0, 7, 0, 0, 0, 0, 0, '0', '0', '0', NULL, NULL, NULL),
(244, 81, 3, 2024, 0, 0, 3, 0, 0, 0, 0, 0, '0', '0', '0', NULL, NULL, NULL),
(245, 82, 3, 2024, 17, 13, 16, 4, 0, 0, 1, 11, '0', '0', '0', NULL, NULL, NULL),
(246, 83, 3, 2024, 50, 10, 100, 0, 0, 0, 11, 50, '0', '0', '46', NULL, NULL, NULL),
(247, 84, 3, 2024, 0, 0, 0, 0, 0, 0, 0, 0, '0', '20', '0', NULL, NULL, NULL),
(248, 85, 3, 2024, 35, 527, 23, 0, 0, 0, 0, 0, '0', '52', '0', NULL, NULL, NULL),
(249, 86, 3, 2024, 14, 0, 3, 0, 0, 0, 0, 0, '0', '0', '0', NULL, NULL, NULL),
(250, 90, 3, 2024, 4, 5, 5, 0, 0, 0, 6, 11, '0', '0', '9', NULL, NULL, NULL),
(251, 91, 3, 2024, 306, 382, 122, 0, 0, 0, 104, 0, '0', '0', '42', NULL, NULL, NULL),
(273, 77, 3, 2024, 0, 5, 0, 0, 0, 0, 0, 0, '0', '0', '0', NULL, NULL, NULL),
(274, 80, 3, 2024, 0, 0, 0, 3, 0, 0, 2, 0, NULL, NULL, '', NULL, NULL, NULL),
(275, 77, 4, 2024, 0, 0, 0, 0, 0, 0, 1, 0, '0', '0', '0', NULL, NULL, NULL),
(276, 78, 4, 2024, 63, 16, 25, 0, 42, 0, 8, 0, '0', '0', '1', NULL, NULL, NULL),
(277, 79, 4, 2024, 0, 0, 0, 0, 0, 0, 0, 0, '0', '0', '0', NULL, NULL, NULL),
(278, 80, 4, 2024, 0, 0, 0, 1, 0, 0, 2, 0, '0', '0', '0', NULL, NULL, NULL),
(279, 81, 4, 2024, 0, 0, 1, 0, 0, 0, 0, 0, '0', '0', '0', NULL, NULL, NULL),
(280, 82, 4, 2024, 32, 8, 16, 0, 0, 0, 0, 10, '0', '0', '0', NULL, NULL, NULL),
(281, 83, 4, 2024, 50, 10, 1000, 0, 0, 0, 12, 50, '0', '0', '20', NULL, NULL, NULL),
(282, 84, 4, 2024, 0, 0, 0, 0, 0, 0, 0, 0, '0', '4', '0', NULL, NULL, NULL),
(283, 85, 4, 2024, 78, 658, 32, 0, 0, 0, 0, 0, '0', '65', '0', NULL, NULL, NULL),
(284, 86, 4, 2024, 13, 5, 4, 0, 0, 0, 0, 0, '0', '0', '0', NULL, NULL, NULL),
(285, 90, 4, 2024, 5, 6, 4, 0, 0, 0, 6, 11, '0', '0', '9', NULL, NULL, NULL),
(286, 91, 4, 2024, 325, 389, 81, 0, 0, 0, 88, 0, '0', '0', '24', NULL, NULL, NULL),
(287, 77, 5, 2024, 0, 5, 0, 0, 0, 0, 1, 0, '0', '0', '0', NULL, NULL, NULL),
(288, 78, 5, 2024, 56, 19, 17, 3, 39, 0, 14, 0, '0', '0', '0', NULL, NULL, NULL),
(289, 79, 5, 2024, 2, 0, 0, 0, 0, 0, 0, 0, '0', '0', '0', NULL, NULL, NULL),
(290, 80, 5, 2024, 0, 0, 0, 0, 0, 0, 5, 0, '0', '0', '0', NULL, NULL, NULL),
(291, 81, 5, 2024, 0, 0, 12, 0, 0, 0, 0, 0, '0', '0', '0', NULL, NULL, NULL),
(292, 82, 5, 2024, 32, 0, 18, 0, 0, 0, 0, 0, '0', '0', '12', NULL, NULL, NULL),
(293, 83, 5, 2024, 50, 10, 100, 0, 0, 0, 16, 100, '0', '0', '50', NULL, NULL, NULL),
(294, 84, 5, 2024, 0, 0, 0, 0, 0, 0, 0, 0, '0', '210', '0', NULL, NULL, NULL),
(295, 85, 5, 2024, 97, 721, 78, 0, 0, 0, 0, 0, '0', '96', '0', NULL, NULL, NULL),
(296, 86, 5, 2024, 182, 34, 27, 7, 0, 0, 0, 0, '0', '11', '13', NULL, NULL, NULL),
(297, 90, 5, 2024, 5, 4, 5, 0, 0, 0, 1, 5, '0', '0', '6', NULL, NULL, NULL),
(298, 91, 5, 2024, 408, 385, 84, 0, 0, 0, 98, 10, '0', '0', '35', NULL, NULL, NULL),
(299, 77, 6, 2024, 0, 2, 0, 3, 0, 0, 0, 0, '0', '0', '0', NULL, NULL, NULL),
(300, 78, 6, 2024, 54, 12, 24, 0, 30, 0, 18, 0, '0', '8', '5', NULL, NULL, NULL),
(301, 79, 6, 2024, 0, 0, 0, 0, 0, 0, 0, 0, '0', '0', '0', NULL, NULL, NULL),
(302, 80, 6, 2024, 0, 0, 0, 4, 0, 0, 4, 0, '0', '0', '0', NULL, NULL, NULL),
(303, 81, 6, 2024, 0, 0, 1, 0, 0, 0, 0, 0, '0', '0', '0', NULL, NULL, NULL),
(304, 82, 6, 2024, 34, 0, 20, 0, 0, 0, 0, 0, '0', '0', '12', NULL, NULL, NULL),
(305, 83, 6, 2024, 25, 10, 35, 0, 0, 0, 15, 100, '0', '0', '50', NULL, NULL, NULL),
(306, 84, 6, 2024, 0, 0, 0, 0, 0, 0, 0, 0, '0', '193', '0', NULL, NULL, NULL),
(307, 85, 6, 2024, 73, 669, 59, 0, 0, 0, 0, 0, '0', '52', '0', NULL, NULL, NULL),
(308, 86, 6, 2024, 128, 24, 19, 2, 0, 0, 0, 0, '0', '3', '5', NULL, NULL, NULL),
(309, 90, 6, 2024, 5, 3, 4, 0, 0, 0, 0, 4, '0', '0', '5', NULL, NULL, NULL),
(310, 91, 6, 2024, 287, 276, 67, 14, 0, 0, 85, 8, '0', '0', '46', NULL, NULL, NULL),
(311, 78, 7, 2024, 39, 15, 39, 0, 23, 0, 5, 0, '0', '15', '2', NULL, NULL, NULL),
(312, 77, 7, 2024, 0, 0, 0, 0, 0, 0, 0, 0, '0', '0', '0', NULL, NULL, NULL),
(313, 79, 7, 2024, 0, 0, 0, 0, 0, 0, 0, 0, '0', '0', '0', NULL, NULL, NULL),
(314, 80, 7, 2024, 0, 0, 0, 0, 0, 1, 0, 0, '0', '0', '0', NULL, NULL, NULL),
(315, 81, 7, 2024, 0, 0, 15, 0, 0, 0, 0, 0, '0', '0', '0', NULL, NULL, NULL),
(316, 82, 7, 0, 29, 6, 13, 5, 0, 0, 2, 8, '0', '0', '0', NULL, NULL, NULL),
(317, 83, 7, 2024, 50, 21, 50, 0, 0, 0, 20, 100, '0', '0', '50', NULL, NULL, NULL),
(318, 84, 7, 2024, 0, 0, 0, 0, 0, 0, 0, 0, '0', '278', '0', NULL, NULL, NULL),
(319, 85, 7, 2024, 96, 697, 81, 0, 0, 0, 0, 0, '0', '68', '0', NULL, NULL, NULL),
(320, 90, 7, 2024, 7, 6, 5, 0, 0, 0, 0, 5, '0', '0', '6', NULL, NULL, NULL),
(321, 91, 7, 2024, 312, 390, 75, 36, 0, 0, 75, 41, '0', '0', '87', NULL, NULL, NULL),
(322, 77, 8, 2024, 0, 0, 0, 0, 0, 0, 1, 0, '0', '0', '0', NULL, NULL, NULL),
(323, 78, 8, 2024, 80, 17, 28, 0, 28, 0, 6, 0, '0', '7', '2', NULL, NULL, NULL),
(324, 79, 8, 2024, 0, 0, 0, 0, 0, 0, 0, 0, '0', '0', '0', NULL, NULL, NULL),
(325, 80, 8, 2024, 2, 0, 0, 1, 0, 0, 0, 0, '0', '0', '0', NULL, NULL, NULL),
(326, 81, 8, 2024, 0, 0, 6, 0, 0, 0, 0, 0, '0', '0', '1', NULL, NULL, NULL),
(327, 82, 8, 2024, 31, 5, 11, 4, 0, 0, 0, 9, '0', '0', '6', NULL, NULL, NULL),
(328, 83, 8, 2024, 50, 38, 50, 0, 0, 0, 50, 100, '0', '0', '50', NULL, NULL, NULL),
(329, 84, 8, 2024, 0, 0, 0, 0, 0, 0, 0, 0, '0', '260', '0', NULL, NULL, NULL),
(330, 85, 8, 2024, 137, 781, 93, 0, 0, 0, 0, 0, '0', '84', '0', NULL, NULL, NULL),
(331, 90, 8, 2024, 8, 7, 5, 0, 0, 0, 0, 5, '0', '0', '6', NULL, NULL, NULL),
(332, 91, 8, 2024, 242, 324, 55, 24, 0, 0, 56, 42, '0', '0', '65', NULL, NULL, NULL),
(333, 77, 9, 2024, 0, 0, 0, 0, 0, 0, 0, 0, '0', '0', '0', NULL, NULL, NULL),
(334, 78, 9, 2024, 65, 12, 79, 0, 25, 0, 15, 0, '0', '7', '0', NULL, NULL, NULL),
(335, 79, 9, 2024, 0, 0, 0, 0, 0, 0, 0, 0, '0', '0', '0', NULL, NULL, NULL),
(336, 80, 9, 2024, 4, 0, 0, 3, 0, 0, 0, 0, '0', '0', '0', NULL, NULL, NULL),
(337, 81, 9, 2024, 0, 0, 3, 0, 1, 0, 2, 0, '0', '0', '0', NULL, NULL, NULL),
(338, 82, 9, 2024, 33, 3, 10, 3, 0, 0, 0, 8, '0', '0', '7', NULL, NULL, NULL),
(339, 83, 9, 2024, 50, 39, 50, 0, 0, 0, 50, 100, '0', '0', '50', NULL, NULL, NULL),
(340, 84, 9, 2024, 0, 0, 0, 0, 0, 0, 0, 0, '0', '233', '0', NULL, NULL, NULL),
(341, 85, 9, 2024, 34, 661, 21, 0, 0, 0, 0, 0, '0', '76', '0', NULL, NULL, NULL),
(342, 90, 9, 2024, 10, 10, 7, 0, 0, 0, 0, 9, '0', '0', '9', NULL, NULL, NULL),
(343, 91, 9, 2024, 259, 353, 61, 32, 0, 0, 65, 42, '0', '0', '63', NULL, NULL, NULL),
(344, 77, 10, 2024, 9, 3, 0, 0, 0, 0, 0, 0, '0', '0', '0', NULL, NULL, NULL),
(345, 78, 10, 2024, 9, 3, 68, 0, 42, 0, 23, 0, '0', '10', '27', NULL, NULL, NULL),
(346, 79, 10, 2024, 0, 0, 0, 0, 0, 0, 0, 0, '0', '0', '0', NULL, NULL, NULL),
(347, 80, 10, 2024, 0, 0, 0, 3, 0, 0, 0, 0, '0', '0', '0', NULL, NULL, NULL),
(348, 81, 10, 2024, 0, 0, 4, 0, 0, 0, 0, 0, '0', '0', '0', NULL, NULL, NULL),
(349, 82, 10, 2024, 31, 3, 8, 3, 0, 0, 0, 7, '0', '0', '6', NULL, NULL, NULL),
(350, 83, 10, 2024, 50, 30, 50, 0, 0, 0, 50, 50, '0', '0', '50', NULL, NULL, NULL),
(351, 84, 10, 2024, 0, 0, 0, 0, 0, 0, 0, 0, '0', '430', '0', NULL, NULL, NULL),
(352, 85, 10, 2024, 28, 591, 19, 0, 0, 0, 0, 0, '0', '66', '0', NULL, NULL, NULL),
(353, 90, 10, 2024, 6, 7, 6, 0, 0, 0, 0, 7, '0', '0', '7', NULL, NULL, NULL),
(354, 91, 10, 2024, 254, 346, 61, 43, 0, 0, 75, 23, '0', '0', '51', NULL, NULL, NULL),
(355, 77, 11, 2024, 1, 3, 0, 0, 0, 0, 0, 0, '0', '0', '0', NULL, NULL, NULL),
(356, 78, 11, 2024, 64, 28, 88, 0, 35, 0, 7, 0, '0', '12', '26', NULL, NULL, NULL),
(357, 79, 11, 2024, 2, 0, 0, 0, 0, 0, 0, 0, '0', '0', '0', NULL, NULL, NULL),
(358, 80, 10, 2024, 0, 0, 0, 1, 0, 0, 0, 0, '0', '0', '0', NULL, NULL, NULL),
(359, 80, 11, 2024, 0, 0, 0, 1, 0, 0, 0, 0, '0', '0', '0', NULL, NULL, NULL),
(360, 81, 11, 2024, 0, 0, 3, 0, 0, 0, 0, 0, '0', '0', '0', NULL, NULL, NULL),
(361, 82, 11, 2024, 35, 2, 8, 4, 0, 0, 0, 0, '0', '0', '8', NULL, NULL, NULL),
(362, 83, 11, 2024, 50, 30, 50, 0, 0, 0, 50, 24, '0', '50', '50', NULL, NULL, NULL),
(363, 84, 11, 2024, 0, 0, 0, 0, 0, 0, 0, 0, '0', '383', '0', NULL, NULL, NULL),
(364, 85, 11, 2024, 67, 486, 43, 0, 0, 0, 0, 0, '0', '38', '0', NULL, NULL, NULL),
(365, 90, 11, 2024, 4, 6, 4, 0, 0, 0, 0, 5, '0', '0', '6', NULL, NULL, NULL),
(366, 91, 11, 2024, 204, 156, 52, 36, 0, 0, 61, 32, '0', '0', '46', NULL, NULL, NULL),
(367, 77, 12, 2024, 4, 0, 0, 0, 0, 0, 0, 0, '0', '0', '0', NULL, NULL, NULL),
(368, 78, 12, 2024, 46, 19, 40, 0, 34, 0, 7, 4, '0', '18', '27', NULL, NULL, NULL),
(369, 79, 12, 2024, 0, 0, 0, 0, 0, 0, 0, 0, '0', '0', '0', NULL, NULL, NULL),
(370, 80, 12, 2024, 0, 0, 0, 2, 0, 0, 0, 0, '0', '0', '0', NULL, NULL, NULL),
(371, 81, 12, 2024, 0, 0, 3, 0, 0, 0, 0, 0, '0', '0', '2', NULL, NULL, NULL),
(372, 82, 12, 2024, 37, 5, 7, 2, 0, 0, 0, 11, '0', '0', '9', NULL, NULL, NULL),
(373, 83, 12, 2024, 50, 25, 25, 0, 0, 0, 25, 25, '0', '7', '50', NULL, NULL, NULL),
(374, 84, 12, 2024, 0, 0, 0, 0, 0, 0, 0, 0, '0', '289', '0', NULL, NULL, NULL),
(375, 85, 12, 2024, 83, 656, 74, 0, 0, 0, 0, 0, '0', '50', '0', NULL, NULL, NULL),
(376, 90, 12, 2024, 3, 3, 0, 0, 0, 0, 0, 0, '0', '0', '2', NULL, NULL, NULL),
(377, 91, 12, 2024, 257, 196, 66, 46, 0, 0, 77, 41, '0', '0', '54', NULL, NULL, NULL);

-- --------------------------------------------------------

--
-- Table structure for table `incidents_summary`
--

DROP TABLE IF EXISTS `incidents_summary`;
CREATE TABLE IF NOT EXISTS `incidents_summary` (
  `id` int NOT NULL,
  `opcos_list_id` int NOT NULL,
  `month_number` int NOT NULL,
  `year` int NOT NULL,
  `s1_incidents_count` int NOT NULL,
  `s1_sla_met_count` int NOT NULL,
  `s2_incidents_count` int NOT NULL,
  `s2_sla_met_count` int NOT NULL,
  `s3_incidents_count` int NOT NULL,
  `s3_sla_met_count` int NOT NULL,
  `s4_incidents_count` int NOT NULL,
  `s4_sla_met_count` int NOT NULL,
  `summary_key_findings` varchar(255) DEFAULT NULL,
  `sla_key_findings` varchar(255) DEFAULT NULL,
  `mean_time_to_resolve` varchar(45) NOT NULL,
  `add2` varchar(45) DEFAULT NULL,
  `add3` varchar(45) DEFAULT NULL,
  `add5` varchar(45) DEFAULT NULL
) ENGINE=InnoDB AUTO_INCREMENT=416 DEFAULT CHARSET=utf8mb4 COLLATE=utf8mb4_0900_ai_ci;

--
-- Dumping data for table `incidents_summary`
--

INSERT INTO `incidents_summary` (`id`, `opcos_list_id`, `month_number`, `year`, `s1_incidents_count`, `s1_sla_met_count`, `s2_incidents_count`, `s2_sla_met_count`, `s3_incidents_count`, `s3_sla_met_count`, `s4_incidents_count`, `s4_sla_met_count`, `summary_key_findings`, `sla_key_findings`, `mean_time_to_resolve`, `add2`, `add3`, `add5`) VALUES
(97, 76, 5, 2023, 0, 0, 0, 0, 3, 3, 6, 6, '', '', '00:00:00', NULL, NULL, NULL),
(98, 77, 5, 2023, 0, 0, 0, 0, 0, 0, 0, 0, '', '', '00:00:00', NULL, NULL, NULL),
(99, 78, 5, 2023, 0, 0, 0, 0, 22, 18, 257, 250, '', '', '00:00:00', NULL, NULL, NULL),
(100, 79, 5, 2023, 0, 0, 0, 0, 0, 0, 0, 0, '', '', '00:00:00', NULL, NULL, NULL),
(101, 80, 5, 2023, 0, 0, 2, 2, 27, 27, 0, 0, '', '', '00:00:00', NULL, NULL, NULL),
(102, 81, 5, 2023, 0, 0, 0, 0, 0, 0, 3, 3, NULL, NULL, '00:00:00', NULL, NULL, NULL),
(103, 82, 5, 2023, 0, 0, 0, 0, 2, 2, 40, 40, '', '', '00:00:00', NULL, NULL, NULL),
(104, 83, 5, 2023, 0, 0, 0, 0, 4, 4, 275, 234, '', '', '00:00:00', NULL, NULL, NULL),
(105, 85, 5, 2023, 0, 0, 0, 0, 10, 8, 758, 740, '', '', '00:00:00', NULL, NULL, NULL),
(106, 91, 5, 2023, 1, 1, 3, 2, 1020, 1012, 1, 1, '', '', '00:00:00', NULL, NULL, NULL),
(108, 76, 6, 2023, 0, 0, 0, 0, 0, 0, 8, 8, '', '', '00:00:00', NULL, NULL, NULL),
(109, 80, 6, 2023, 0, 0, 0, 0, 15, 15, 0, 0, '', '', '00:00:00', NULL, NULL, NULL),
(110, 83, 6, 2023, 0, 0, 0, 0, 3, 3, 113, 79, '', '', '00:00:00', NULL, NULL, NULL),
(111, 84, 6, 2023, 0, 0, 1, 0, 0, 0, 30, 28, '', '', '00:00:00', NULL, NULL, NULL),
(112, 90, 5, 2023, 0, 0, 0, 0, 1, 1, 75, 75, '', '', '00:00:00', NULL, NULL, NULL),
(113, 78, 6, 2023, 0, 0, 0, 0, 21, 20, 226, 224, '', '', '00:00:00', NULL, NULL, NULL),
(114, 82, 6, 2023, 0, 0, 0, 0, 0, 0, 49, 49, '', '', '00:00:00', NULL, NULL, NULL),
(115, 86, 6, 2023, 0, 0, 0, 0, 0, 0, 18, 18, '', '', '00:00:00', NULL, NULL, NULL),
(116, 85, 6, 2023, 0, 0, 0, 0, 6, 6, 695, 670, '', '', '00:00:00', NULL, NULL, NULL),
(117, 79, 6, 2023, 0, 0, 0, 0, 0, 0, 3, 3, '', '', '00:00:00', NULL, NULL, NULL),
(118, 77, 6, 2023, 0, 0, 0, 0, 0, 0, 0, 0, '', '', '00:00:00', NULL, NULL, NULL),
(119, 81, 6, 2023, 0, 0, 0, 0, 0, 0, 6, 6, '', '', '00:00:00', NULL, NULL, NULL),
(120, 90, 6, 2023, 0, 0, 0, 0, 1, 1, 75, 75, '', '', '00:00:00', NULL, NULL, NULL),
(121, 91, 6, 2023, 4, 4, 7, 7, 779, 779, 1, 1, '', '', '00:00:00', NULL, NULL, NULL),
(124, 76, 1, 2023, 0, 0, 0, 0, 1, 1, 9, 9, '', '', '00:00:00', NULL, NULL, NULL),
(125, 77, 1, 2023, 0, 0, 0, 0, 0, 0, 0, 0, '', '', '00:00:00', NULL, NULL, NULL),
(126, 78, 1, 2023, 0, 0, 0, 0, 5, 5, 260, 254, '', '', '00:00:00', NULL, NULL, NULL),
(127, 79, 1, 2023, 1, 1, 0, 0, 0, 0, 3, 3, '', '', '00:00:00', NULL, NULL, NULL),
(128, 80, 1, 2023, 0, 0, 3, 3, 135, 135, 0, 0, '', '', '00:00:00', NULL, NULL, NULL),
(129, 81, 1, 2023, 0, 0, 0, 0, 0, 0, 7, 7, '', '', '00:00:00', NULL, NULL, NULL),
(130, 76, 2, 2023, 0, 0, 0, 0, 0, 0, 7, 7, '', '', '00:00:00', NULL, NULL, NULL),
(131, 82, 1, 2023, 0, 0, 0, 0, 0, 0, 48, 48, '', '', '00:00:00', NULL, NULL, NULL),
(132, 77, 2, 2023, 0, 0, 0, 0, 0, 0, 0, 0, '', '', '00:00:00', NULL, NULL, NULL),
(133, 83, 1, 2023, 0, 0, 0, 0, 2, 1, 186, 176, '', '', '00:00:00', NULL, NULL, NULL),
(134, 84, 1, 2023, 0, 0, 0, 0, 0, 0, 4, 4, '', '', '00:00:00', NULL, NULL, NULL),
(135, 78, 2, 2023, 0, 0, 0, 0, 12, 12, 300, 299, '', '', '00:00:00', NULL, NULL, NULL),
(136, 85, 1, 2023, 0, 0, 0, 0, 18, 18, 588, 580, '', '', '00:00:00', NULL, NULL, NULL),
(137, 79, 2, 2023, 0, 0, 0, 0, 0, 0, 5, 5, '', '', '00:00:00', NULL, NULL, NULL),
(138, 86, 1, 2023, 0, 0, 1, 1, 0, 0, 15, 15, '', '', '00:00:00', NULL, NULL, NULL),
(139, 80, 2, 2023, 1, 1, 2, 2, 104, 104, 0, 0, '', '', '00:00:00', NULL, NULL, NULL),
(140, 81, 2, 2023, 0, 0, 0, 0, 0, 0, 5, 5, '', '', '00:00:00', NULL, NULL, NULL),
(141, 82, 2, 2023, 0, 0, 0, 0, 0, 0, 43, 43, '', '', '00:00:00', NULL, NULL, NULL),
(142, 83, 2, 2023, 0, 0, 1, 1, 1, 1, 161, 148, '', '', '00:00:00', NULL, NULL, NULL),
(143, 84, 2, 2023, 0, 0, 0, 0, 0, 0, 3, 3, '', '', '00:00:00', NULL, NULL, NULL),
(144, 85, 2, 2023, 0, 0, 0, 0, 13, 12, 664, 652, '', '', '00:00:00', NULL, NULL, NULL),
(145, 86, 2, 2023, 0, 0, 0, 0, 2, 2, 16, 16, '', '', '00:00:00', NULL, NULL, NULL),
(146, 76, 7, 2023, 0, 0, 0, 0, 1, 1, 8, 8, '', '', '00:00:00', NULL, NULL, NULL),
(147, 90, 2, 2023, 0, 0, 0, 0, 1, 1, 80, 80, '', '', '00:00:00', NULL, NULL, NULL),
(148, 76, 3, 2023, 0, 0, 0, 0, 1, 1, 8, 8, '', '', '00:00:00', NULL, NULL, NULL),
(149, 77, 3, 2023, 0, 0, 0, 0, 1, 1, 0, 0, '', '', '00:00:00', NULL, NULL, NULL),
(150, 78, 3, 2023, 0, 0, 0, 0, 5, 5, 467, 459, '', '', '00:00:00', NULL, NULL, NULL),
(151, 79, 3, 2023, 0, 0, 0, 0, 0, 0, 3, 3, '', '', '00:00:00', NULL, NULL, NULL),
(152, 80, 3, 2023, 0, 0, 0, 0, 75, 75, 0, 0, '', '', '00:00:00', NULL, NULL, NULL),
(153, 81, 3, 2023, 0, 0, 0, 0, 0, 0, 2, 2, '', '', '00:00:00', NULL, NULL, NULL),
(154, 82, 3, 2023, 0, 0, 0, 0, 0, 0, 47, 47, '', '', '00:00:00', NULL, NULL, NULL),
(155, 83, 3, 2023, 0, 0, 1, 1, 7, 7, 364, 300, '', '', '00:00:00', NULL, NULL, NULL),
(156, 84, 3, 2023, 0, 0, 0, 0, 0, 0, 5, 5, '', '', '00:00:00', NULL, NULL, NULL),
(157, 85, 3, 2023, 0, 0, 0, 0, 9, 9, 969, 961, '', '', '00:00:00', NULL, NULL, NULL),
(158, 86, 3, 2023, 0, 0, 0, 0, 0, 0, 17, 17, '', '', '00:00:00', NULL, NULL, NULL),
(159, 76, 4, 2023, 0, 0, 0, 0, 0, 0, 3, 3, '', '', '00:00:00', NULL, NULL, NULL),
(160, 77, 4, 2023, 0, 0, 0, 0, 0, 0, 0, 0, '', '', '00:00:00', NULL, NULL, NULL),
(161, 78, 4, 2023, 0, 0, 0, 0, 7, 7, 218, 211, '', '', '00:00:00', NULL, NULL, NULL),
(162, 79, 4, 2023, 0, 0, 0, 0, 0, 0, 1, 1, '', '', '00:00:00', NULL, NULL, NULL),
(163, 80, 4, 2023, 0, 0, 0, 0, 33, 33, 0, 0, '', '', '00:00:00', NULL, NULL, NULL),
(164, 81, 4, 2023, 0, 0, 0, 0, 0, 0, 5, 5, '', '', '00:00:00', NULL, NULL, NULL),
(165, 82, 4, 2023, 0, 0, 0, 0, 1, 1, 45, 45, '', '', '00:00:00', NULL, NULL, NULL),
(166, 83, 4, 2023, 0, 0, 0, 0, 3, 3, 392, 324, '', '', '00:00:00', NULL, NULL, NULL),
(167, 84, 4, 2023, 0, 0, 0, 0, 0, 0, 3, 3, '', '', '00:00:00', NULL, NULL, NULL),
(168, 85, 4, 2023, 0, 0, 0, 0, 0, 0, 7, 7, '', '', '00:00:00', NULL, NULL, NULL),
(169, 86, 4, 2023, 0, 0, 0, 0, 0, 0, 18, 18, '', '', '00:00:00', NULL, NULL, NULL),
(170, 86, 7, 2023, 0, 0, 0, 0, 0, 0, 11, 11, '', '', '00', NULL, NULL, NULL),
(171, 85, 7, 2023, 0, 0, 0, 0, 14, 12, 690, 673, '', '', '00', NULL, NULL, NULL),
(172, 77, 7, 2023, 0, 0, 0, 0, 0, 0, 0, 0, '', '', '00:00:00', NULL, NULL, NULL),
(173, 84, 7, 2023, 0, 0, 0, 0, 2, 2, 43, 37, '', '', '00', NULL, NULL, NULL),
(174, 83, 7, 2023, 0, 0, 0, 0, 6, 5, 189, 154, '', '', '00', NULL, NULL, NULL),
(175, 82, 7, 2023, 0, 0, 0, 0, 0, 0, 54, 54, '', '', '00', NULL, NULL, NULL),
(176, 81, 7, 2023, 0, 0, 0, 0, 0, 0, 9, 9, '', '', '00', NULL, NULL, NULL),
(177, 80, 7, 2023, 0, 0, 0, 0, 23, 23, 0, 0, '', '', '00', NULL, NULL, NULL),
(178, 79, 7, 2023, 0, 0, 0, 0, 0, 0, 0, 0, '', '', '00', NULL, NULL, NULL),
(179, 78, 7, 2023, 0, 0, 0, 0, 23, 23, 224, 212, '', '', '00', NULL, NULL, NULL),
(180, 76, 8, 2023, 0, 0, 0, 0, 4, 4, 9, 9, '', '', '00:00:00', NULL, NULL, NULL),
(181, 77, 8, 2023, 0, 0, 0, 0, 0, 0, 0, 0, '', '', '00:00:00', NULL, NULL, NULL),
(182, 78, 8, 2023, 0, 0, 0, 0, 0, 0, 209, 205, '', '', '00:00:00', NULL, NULL, NULL),
(183, 79, 9, 2023, 0, 0, 0, 0, 0, 0, 2, 2, '', '', '00:00:00', NULL, NULL, NULL),
(184, 80, 8, 2023, 0, 0, 3, 3, 33, 33, 0, 0, '', '', '00:00:00', NULL, NULL, NULL),
(185, 81, 8, 2023, 0, 0, 0, 0, 0, 0, 0, 0, '', '', '00:00:00', NULL, NULL, NULL),
(186, 86, 8, 2023, 0, 0, 1, 1, 0, 0, 18, 14, '', '', '0', NULL, NULL, NULL),
(187, 85, 8, 2023, 0, 0, 0, 0, 5, 4, 728, 710, '', '', '00', NULL, NULL, NULL),
(188, 84, 8, 2023, 0, 0, 1, 1, 0, 0, 18, 14, '', '', '00', NULL, NULL, NULL),
(189, 83, 8, 2023, 0, 0, 0, 0, 10, 9, 234, 168, '', '', '00', NULL, NULL, NULL),
(190, 76, 9, 2023, 0, 0, 0, 0, 0, 0, 2, 2, '', '', '00:00:00', NULL, NULL, NULL),
(191, 77, 9, 2023, 0, 0, 0, 0, 1, 1, 0, 0, '', '', '00:00:00', NULL, NULL, NULL),
(192, 78, 9, 2023, 0, 0, 0, 0, 16, 16, 192, 192, '', '', '00:00:00', NULL, NULL, NULL),
(193, 80, 9, 2023, 0, 0, 1, 1, 58, 58, 1, 1, '', '', '00:00:00', NULL, NULL, NULL),
(195, 82, 8, 2023, 0, 0, 0, 0, 2, 2, 55, 55, '', '', '00:00:00', NULL, NULL, NULL),
(196, 79, 8, 2023, 0, 0, 0, 0, 0, 0, 0, 0, '', '', '00:00:00', NULL, NULL, NULL),
(197, 81, 9, 2023, 0, 0, 0, 0, 0, 0, 21, 21, '', '', '00:00:00', NULL, NULL, NULL),
(198, 82, 9, 2023, 0, 0, 0, 0, 0, 0, 59, 59, '', '', '00:00:00', NULL, NULL, NULL),
(199, 83, 9, 2023, 0, 0, 0, 0, 1, 1, 185, 164, '', '', '00:00:00', NULL, NULL, NULL),
(200, 84, 9, 2023, 0, 0, 2, 2, 1, 1, 16, 13, '', '', '00:00:00', NULL, NULL, NULL),
(201, 85, 9, 2023, 0, 0, 0, 0, 8, 8, 717, 708, '', '', '00:00:00', NULL, NULL, NULL),
(202, 86, 9, 2023, 0, 0, 0, 0, 0, 0, 11, 11, '', '', '00:00:00', NULL, NULL, NULL),
(203, 76, 10, 2023, 0, 0, 0, 0, 0, 0, 2, 2, '', '', '00:00:00', NULL, NULL, NULL),
(204, 77, 10, 2023, 0, 0, 0, 0, 0, 0, 1, 1, '', '', '0', NULL, NULL, NULL),
(205, 78, 10, 2023, 0, 0, 0, 0, 16, 16, 192, 192, '', '', '00:00:00', NULL, NULL, NULL),
(206, 79, 10, 2023, 0, 0, 0, 0, 0, 0, 0, 0, '', '', '00:00:00', NULL, NULL, NULL),
(207, 80, 10, 2023, 0, 0, 1, 1, 58, 58, 1, 1, '', '', '00:00:00', NULL, NULL, NULL),
(208, 81, 10, 2023, 0, 0, 0, 0, 0, 0, 4, 4, '', '', '00:00:00', NULL, NULL, NULL),
(209, 82, 10, 2023, 0, 0, 0, 0, 0, 0, 55, 55, '', '', '00:00:00', NULL, NULL, NULL),
(210, 83, 10, 2023, 0, 0, 0, 0, 3, 3, 174, 155, '', '', '00:00:00', NULL, NULL, NULL),
(211, 84, 10, 2023, 0, 0, 0, 0, 0, 0, 14, 13, '', '', '00:00:00', NULL, NULL, NULL),
(212, 86, 10, 2023, 0, 0, 0, 0, 0, 0, 8, 8, '', '', '00:00:00', NULL, NULL, NULL),
(213, 85, 10, 2023, 0, 0, 1, 0, 18, 17, 815, 801, '', '', '00:00:00', NULL, NULL, NULL),
(214, 91, 1, 2023, 1, 1, 2, 2, 889, 889, 50, 49, '', '', '0', NULL, NULL, NULL),
(215, 91, 2, 2023, 0, 0, 4, 4, 897, 890, 2, 2, '', '', '0', NULL, NULL, NULL),
(216, 91, 3, 2023, 1, 1, 5, 5, 1197, 1194, 8, 8, '', '', '0', NULL, NULL, NULL),
(217, 91, 4, 2023, 2, 2, 5, 5, 887, 887, 4, 4, '', '', '0', NULL, NULL, NULL),
(218, 91, 7, 2023, 8, 1, 9, 7, 967, 838, 4, 4, '', '', '0', NULL, NULL, NULL),
(219, 91, 8, 2023, 2, 1, 4, 4, 924, 904, 6, 6, '', '', '0', NULL, NULL, NULL),
(220, 91, 9, 2023, 1, 1, 5, 3, 921, 886, 5, 4, '', '', '0', NULL, NULL, NULL),
(221, 91, 10, 2023, 0, 0, 7, 5, 832, 793, 5, 5, '', '', '0', NULL, NULL, NULL),
(222, 91, 11, 2023, 2, 2, 6, 4, 957, 936, 5, 4, '', '', '0', NULL, NULL, NULL),
(226, 81, 11, 2023, 0, 0, 0, 0, 0, 0, 11, 11, '', '', '0', NULL, NULL, NULL),
(227, 82, 11, 2023, 0, 0, 0, 0, 0, 0, 62, 62, '', '', '0', NULL, NULL, NULL),
(228, 84, 11, 2023, 0, 0, 1, 0, 2, 0, 7, 7, '', '', '0', NULL, NULL, NULL),
(229, 86, 11, 2023, 0, 0, 0, 0, 1, 0, 14, 14, '', '', '0', NULL, NULL, NULL),
(230, 90, 11, 2023, 0, 0, 0, 0, 0, 0, 42, 42, '', '', '0', NULL, NULL, NULL),
(231, 80, 11, 2023, 0, 0, 1, 1, 10, 10, 0, 0, '', '', '0', NULL, NULL, NULL),
(232, 83, 11, 2023, 0, 0, 0, 0, 4, 4, 223, 203, '', '', '0', NULL, NULL, NULL),
(233, 85, 11, 2023, 0, 0, 0, 0, 15, 7, 938, 900, '', '', '0', NULL, NULL, NULL),
(234, 77, 11, 2023, 0, 0, 0, 0, 0, 0, 0, 0, '', '', '0', NULL, NULL, NULL),
(235, 78, 11, 2023, 0, 0, 0, 0, 2, 1, 149, 148, '', '', '0', NULL, NULL, NULL),
(236, 79, 11, 2023, 0, 0, 0, 0, 0, 0, 2, 2, '', '', '0', NULL, NULL, NULL),
(237, 77, 11, 2020, 0, 0, 0, 0, 0, 0, 0, 0, '', '', '0', NULL, NULL, NULL),
(239, 77, 11, 2023, 0, 0, 0, 0, 0, 0, 3, 3, '', '', '0', NULL, NULL, NULL),
(240, 90, 1, 2023, 0, 0, 0, 0, 3, 3, 88, 88, NULL, NULL, '', NULL, NULL, NULL),
(241, 90, 10, 2023, 0, 0, 0, 0, 0, 0, 54, 54, NULL, NULL, '', NULL, NULL, NULL),
(243, 90, 9, 2023, 0, 0, 0, 0, 1, 1, 40, 40, NULL, NULL, '', NULL, NULL, NULL),
(244, 90, 8, 2023, 0, 0, 0, 0, 2, 2, 82, 82, NULL, NULL, '', NULL, NULL, NULL),
(245, 90, 7, 2023, 0, 0, 0, 0, 1, 1, 60, 60, NULL, NULL, '', NULL, NULL, NULL),
(246, 84, 5, 2023, 0, 0, 1, 1, 0, 0, 33, 33, NULL, NULL, '', NULL, NULL, NULL),
(247, 86, 5, 2023, 0, 0, 0, 0, 0, 0, 19, 19, NULL, NULL, '', NULL, NULL, NULL),
(248, 90, 4, 2023, 0, 0, 0, 0, 2, 2, 108, 108, NULL, NULL, '', NULL, NULL, NULL),
(249, 90, 3, 2023, 0, 0, 0, 0, 2, 2, 285, 85, NULL, NULL, '', NULL, NULL, NULL),
(250, 77, 12, 2023, 0, 0, 0, 0, 0, 0, 0, 0, '', '', '0', NULL, NULL, NULL),
(251, 78, 12, 2023, 0, 0, 0, 0, 1, 1, 239, 239, '', '', '0', NULL, NULL, NULL),
(252, 79, 12, 2023, 0, 0, 0, 0, 0, 0, 1, 1, '', '', '0', NULL, NULL, NULL),
(253, 80, 12, 2023, 0, 0, 2, 2, 16, 16, 1, 1, '', '', '0', NULL, NULL, NULL),
(254, 81, 12, 2023, 0, 0, 0, 0, 0, 0, 3, 3, '', '', '0', NULL, NULL, NULL),
(255, 82, 12, 2023, 0, 0, 0, 0, 0, 0, 59, 59, '', '', '0', NULL, NULL, NULL),
(256, 83, 12, 2023, 0, 0, 0, 0, 8, 7, 244, 227, '', '', '0', NULL, NULL, NULL),
(257, 84, 12, 2023, 0, 0, 0, 0, 1, 1, 7, 2, '', '', '0', NULL, NULL, NULL),
(258, 85, 12, 2023, 0, 0, 0, 0, 13, 8, 708, 695, '', '', '0', NULL, NULL, NULL),
(259, 86, 12, 2023, 0, 0, 0, 0, 0, 0, 7, 7, '', '', '0', NULL, NULL, NULL),
(260, 90, 12, 2023, 1, 1, 0, 0, 1, 1, 41, 41, '', '', '0', NULL, NULL, NULL),
(261, 91, 12, 2023, 2, 2, 10, 10, 645, 633, 0, 0, '', '', '0', NULL, NULL, NULL),
(262, 77, 1, 2024, 0, 0, 0, 0, 0, 0, 3, 3, '', '', '00', NULL, NULL, NULL),
(263, 78, 1, 2024, 0, 0, 0, 0, 2, 2, 149, 142, '', '', '00', NULL, NULL, NULL),
(264, 79, 1, 2024, 0, 0, 0, 0, 0, 0, 1, 1, '', '', '00', NULL, NULL, NULL),
(265, 80, 1, 2024, 0, 0, 0, 0, 0, 0, 21, 21, '', '', '0', NULL, NULL, NULL),
(266, 81, 1, 2024, 0, 0, 0, 0, 1, 1, 1, 1, '', '', '0', NULL, NULL, NULL),
(267, 82, 1, 2024, 0, 0, 0, 0, 0, 0, 56, 56, '', '', '0', NULL, NULL, NULL),
(268, 83, 1, 2024, 0, 0, 0, 0, 1, 1, 261, 248, '', '', '0', NULL, NULL, NULL),
(269, 84, 1, 2024, 0, 0, 2, 2, 2, 1, 7, 2, '', '', '0', NULL, NULL, NULL),
(270, 85, 1, 2024, 0, 0, 0, 0, 9, 4, 622, 613, '', '', '0', NULL, NULL, NULL),
(271, 86, 1, 2024, 0, 0, 0, 0, 0, 0, 8, 8, '', '', '0', NULL, NULL, NULL),
(272, 90, 1, 2024, 0, 0, 0, 0, 0, 0, 23, 23, '', '', '0', NULL, NULL, NULL),
(273, 91, 1, 2024, 8, 8, 20, 20, 1058, 1026, 1, 0, '', '', '0', NULL, NULL, NULL),
(277, 80, 2, 2024, 0, 0, 0, 0, 4, 4, 0, 0, '', '', '0', NULL, NULL, NULL),
(278, 81, 2, 2024, 0, 0, 0, 0, 2, 2, 12, 12, '', '', '0', NULL, NULL, NULL),
(279, 77, 2, 2024, 0, 0, 0, 0, 0, 0, 3, 3, '', '', '0', NULL, NULL, NULL),
(280, 78, 2, 2024, 0, 0, 0, 0, 1, 1, 150, 149, '', '', '0', NULL, NULL, NULL),
(281, 79, 2, 2024, 0, 0, 0, 0, 0, 0, 2, 2, '', '', '0', NULL, NULL, NULL),
(282, 82, 2, 2024, 0, 0, 0, 0, 0, 0, 59, 59, '', '', '0', NULL, NULL, NULL),
(283, 83, 2, 2024, 0, 0, 0, 0, 3, 3, 303, 276, '', '', '0', NULL, NULL, NULL),
(284, 84, 2, 2024, 2, 2, 5, 5, 6, 5, 11, 4, '', '', '0', NULL, NULL, NULL),
(285, 85, 2, 2024, 0, 0, 0, 0, 19, 16, 588, 584, '', '', '0', NULL, NULL, NULL),
(286, 86, 2, 2024, 0, 0, 0, 0, 0, 0, 8, 8, '', '', '0', NULL, NULL, NULL),
(287, 90, 2, 2024, 0, 0, 0, 0, 0, 0, 33, 33, '', '', '0', NULL, NULL, NULL),
(288, 91, 2, 2024, 5, 5, 31, 31, 812, 788, 0, 0, '', '', '0', NULL, NULL, NULL),
(290, 78, 3, 2024, 0, 0, 0, 0, 0, 0, 161, 158, '', '', '00:00:00', NULL, NULL, NULL),
(291, 79, 3, 2024, 0, 0, 0, 0, 0, 0, 7, 7, '', '', '00:00:00', NULL, NULL, NULL),
(293, 81, 3, 2024, 0, 0, 0, 0, 1, 1, 2, 2, '', '', '00:00:00', NULL, NULL, NULL),
(294, 82, 3, 2024, 0, 0, 0, 0, 0, 0, 62, 62, '', '', '00:00:00', NULL, NULL, NULL),
(295, 83, 3, 2024, 0, 0, 0, 0, 2, 2, 265, 226, '', '', '00:00:00', NULL, NULL, NULL),
(296, 84, 3, 2024, 0, 0, 1, 1, 1, 1, 18, 12, '', '', '00:00:00', NULL, NULL, NULL),
(297, 85, 3, 2024, 0, 0, 0, 0, 8, 8, 629, 609, '', '', '00:00:00', NULL, NULL, NULL),
(298, 86, 3, 2024, 0, 0, 0, 0, 0, 0, 17, 17, '', '', '00:00:00', NULL, NULL, NULL),
(299, 90, 3, 2024, 1, 1, 0, 0, 2, 2, 37, 37, '', '', '00:00:00', NULL, NULL, NULL),
(300, 91, 3, 2024, 7, 7, 19, 19, 930, 930, 0, 0, '', '', '00:00:00', NULL, NULL, NULL),
(322, 77, 3, 2024, 0, 0, 0, 0, 0, 0, 5, 5, '', '', '00:00:00', NULL, NULL, NULL),
(323, 80, 3, 2024, 0, 0, 1, 1, 4, 4, 0, 0, NULL, NULL, '', NULL, NULL, NULL),
(324, 77, 4, 2024, 0, 0, 0, 0, 0, 0, 1, 1, '', '', '00:00:00', NULL, NULL, NULL),
(325, 78, 4, 2024, 0, 0, 0, 0, 0, 0, 155, 151, '', '', '00:00:00', NULL, NULL, NULL),
(326, 79, 4, 2024, 0, 0, 0, 0, 0, 0, 0, 0, '', '', '00:00:00', NULL, NULL, NULL),
(327, 80, 4, 2024, 0, 0, 1, 1, 2, 2, 0, 0, '', '', '00:00:00', NULL, NULL, NULL),
(328, 81, 4, 2024, 0, 0, 0, 0, 0, 0, 1, 1, '', '', '00:00:00', NULL, NULL, NULL),
(329, 82, 4, 2024, 0, 0, 0, 0, 0, 0, 66, 66, '', '', '00:00:00', NULL, NULL, NULL),
(330, 83, 4, 2024, 0, 0, 0, 0, 0, 0, 242, 231, '', '', '00:00:00', NULL, NULL, NULL),
(331, 84, 4, 2024, 0, 0, 0, 0, 2, 1, 2, 0, '', '', '00:00:00', NULL, NULL, NULL),
(332, 85, 4, 2024, 0, 0, 0, 0, 18, 9, 833, 792, '', '', '00:00:00', NULL, NULL, NULL),
(333, 86, 4, 2024, 0, 0, 0, 0, 0, 0, 22, 18, '', '', '00:00:00', NULL, NULL, NULL),
(334, 90, 4, 2024, 0, 0, 0, 0, 1, 1, 40, 40, '', '', '00:00:00', NULL, NULL, NULL),
(335, 91, 4, 2024, 8, 8, 30, 30, 869, 819, 0, 0, '', '', '00:00:00', NULL, NULL, NULL),
(336, 77, 5, 2024, 0, 0, 0, 0, 2, 2, 4, 4, '', '', '0', NULL, NULL, NULL),
(337, 78, 5, 2024, 0, 0, 0, 0, 0, 0, 148, 0, '', '', '00:00:00', NULL, NULL, NULL),
(338, 79, 5, 2024, 0, 0, 0, 0, 0, 0, 2, 2, '', '', '00:00:00', NULL, NULL, NULL),
(339, 80, 5, 2024, 0, 0, 1, 1, 4, 4, 0, 0, '', '', '00:00:00', NULL, NULL, NULL),
(340, 81, 5, 2024, 0, 0, 0, 0, 0, 0, 12, 12, '', '', '00:00:00', NULL, NULL, NULL),
(341, 82, 5, 2024, 0, 0, 0, 0, 0, 0, 62, 62, '', '', '00:00:00', NULL, NULL, NULL),
(342, 83, 5, 2024, 0, 0, 0, 0, 1, 1, 325, 300, '', '', '00:00:00', NULL, NULL, NULL),
(343, 84, 5, 2024, 0, 0, 3, 3, 3, 3, 204, 90, '', '', '00:00:00', NULL, NULL, NULL),
(344, 85, 5, 2024, 0, 0, 0, 0, 23, 23, 969, 929, '', '', '00:00:00', NULL, NULL, NULL),
(345, 86, 5, 2024, 0, 0, 0, 0, 0, 0, 274, 200, '', '', '00:00:00', NULL, NULL, NULL),
(346, 90, 5, 2024, 0, 0, 0, 0, 0, 0, 26, 26, '', '', '00:00:00', NULL, NULL, NULL),
(347, 91, 5, 2024, 7, 7, 38, 38, 975, 912, 0, 0, '', '', '00:00:00', NULL, NULL, NULL),
(348, 77, 6, 2024, 0, 0, 0, 0, 0, 0, 5, 5, '', '', '00:00:00', NULL, NULL, NULL),
(349, 78, 6, 2024, 0, 0, 0, 0, 0, 0, 151, 146, '', '', '00:00:00', NULL, NULL, NULL),
(350, 79, 6, 2024, 0, 0, 0, 0, 0, 0, 0, 0, '', '', '00:00:00', NULL, NULL, NULL),
(351, 80, 6, 2024, 0, 0, 0, 0, 8, 8, 0, 0, '', '', '00:00:00', NULL, NULL, NULL),
(352, 81, 6, 2024, 0, 0, 0, 0, 0, 0, 1, 1, '', '', '00:00:00', NULL, NULL, NULL),
(353, 82, 6, 2024, 0, 0, 0, 0, 0, 0, 66, 66, '', '', '00:00:00', NULL, NULL, NULL),
(354, 83, 6, 2024, 0, 0, 0, 0, 1, 1, 234, 233, '', '', '00:00:00', NULL, NULL, NULL),
(355, 84, 6, 2024, 0, 0, 4, 4, 2, 2, 187, 128, '', '', '00:00:00', NULL, NULL, NULL),
(356, 85, 6, 2024, 0, 0, 0, 0, 22, 22, 831, 789, '', '', '00:00:00', NULL, NULL, NULL),
(357, 86, 6, 2024, 0, 0, 0, 0, 2, 2, 179, 172, '', '', '00:00:00', NULL, NULL, NULL),
(358, 90, 6, 2024, 0, 0, 0, 0, 0, 0, 21, 21, '', '', '00:00:00', NULL, NULL, NULL),
(359, 91, 6, 2024, 3, 3, 25, 25, 755, 705, 0, 0, '', '', '00:00:00', NULL, NULL, NULL),
(360, 78, 7, 2024, 0, 0, 0, 0, 0, 0, 138, 137, '', '', '00:00:00', NULL, NULL, NULL),
(361, 77, 7, 2024, 0, 0, 0, 0, 0, 0, 0, 0, '', '', '00:00:00', NULL, NULL, NULL),
(362, 79, 7, 2024, 0, 0, 0, 0, 0, 0, 0, 0, '', '', '00:00:00', NULL, NULL, NULL),
(363, 80, 7, 2024, 0, 0, 0, 0, 1, 1, 0, 0, '', '', '00:00:00', NULL, NULL, NULL),
(364, 81, 7, 2024, 0, 0, 0, 0, 0, 0, 15, 14, '', '', '00:00:00', NULL, NULL, NULL),
(365, 82, 7, 0, 0, 0, 0, 0, 1, 1, 62, 62, '', '', '00:00:00', NULL, NULL, NULL),
(366, 83, 7, 2024, 0, 0, 0, 0, 1, 1, 290, 289, '', '', '00:00:00', NULL, NULL, NULL),
(367, 84, 7, 2024, 0, 0, 1, 1, 3, 3, 274, 216, '', '', '00:00:00', NULL, NULL, NULL),
(368, 85, 7, 2024, 0, 0, 0, 0, 16, 16, 926, 900, '', '', '00:00:00', NULL, NULL, NULL),
(369, 90, 7, 2024, 0, 0, 0, 0, 0, 0, 29, 29, '', '', '00:00:00', NULL, NULL, NULL),
(370, 91, 7, 2024, 3, 3, 14, 14, 999, 950, 0, 0, '', '', '00:00:00', NULL, NULL, NULL),
(371, 77, 8, 2024, 0, 0, 0, 0, 0, 0, 1, 1, '', '', '00:00:00', NULL, NULL, NULL),
(372, 78, 8, 2024, 0, 0, 0, 0, 0, 0, 169, 168, '', '', '00:00:00', NULL, NULL, NULL),
(373, 79, 8, 2024, 0, 0, 0, 0, 0, 0, 0, 0, '', '', '00:00:00', NULL, NULL, NULL),
(374, 80, 8, 2024, 0, 0, 1, 1, 2, 2, 0, 0, '', '', '00:00:00', NULL, NULL, NULL),
(375, 81, 8, 2024, 0, 0, 0, 0, 0, 0, 7, 7, '', '', '00:00:00', NULL, NULL, NULL),
(376, 82, 8, 2024, 0, 0, 0, 0, 0, 0, 66, 66, '', '', '00:00:00', NULL, NULL, NULL),
(377, 83, 8, 2024, 0, 0, 0, 0, 3, 3, 335, 335, '', '', '00:00:00', NULL, NULL, NULL),
(378, 84, 8, 2024, 0, 0, 0, 0, 2, 2, 258, 251, '', '', '00:00:00', NULL, NULL, NULL),
(379, 85, 8, 2024, 0, 0, 0, 0, 6, 3, 1089, 1061, '', '', '00:00:00', NULL, NULL, NULL),
(380, 90, 8, 2024, 0, 0, 0, 0, 0, 0, 31, 31, '', '', '00:00:00', NULL, NULL, NULL),
(381, 91, 8, 2024, 2, 2, 9, 9, 797, 755, 0, 0, '', '', '00:00:00', NULL, NULL, NULL),
(382, 77, 9, 2024, 0, 0, 0, 0, 0, 0, 0, 0, '', '', '00:00:00', NULL, NULL, NULL),
(383, 78, 9, 2024, 0, 0, 0, 0, 0, 0, 203, 194, '', '', '00:00:00', NULL, NULL, NULL),
(384, 79, 9, 2024, 0, 0, 0, 0, 0, 0, 0, 0, '', '', '00:00:00', NULL, NULL, NULL),
(385, 80, 9, 2024, 0, 0, 2, 2, 5, 5, 0, 0, '', '', '00:00:00', NULL, NULL, NULL),
(386, 81, 9, 2024, 0, 0, 0, 0, 3, 3, 3, 3, '', '', '00:00:00', NULL, NULL, NULL),
(387, 82, 9, 2024, 0, 0, 0, 0, 0, 0, 64, 64, '', '', '00:00:00', NULL, NULL, NULL),
(388, 83, 9, 2024, 0, 0, 0, 0, 1, 1, 338, 338, '', '', '00', NULL, NULL, NULL),
(389, 84, 9, 2024, 0, 0, 2, 2, 0, 0, 231, 207, '', '', '00', NULL, NULL, NULL),
(390, 85, 9, 2024, 0, 0, 0, 0, 8, 6, 784, 743, '', '', '0', NULL, NULL, NULL),
(391, 90, 9, 2024, 0, 0, 0, 0, 0, 0, 0, 45, '', '', '0', NULL, NULL, NULL),
(392, 91, 9, 2024, 1, 1, 11, 11, 863, 831, 0, 0, '', '', '0', NULL, NULL, NULL),
(393, 77, 10, 2024, 0, 0, 0, 0, 0, 0, 12, 12, '', '', '00:00:00', NULL, NULL, NULL),
(394, 78, 10, 2024, 0, 0, 0, 0, 0, 0, 278, 276, '', '', '00:00:00', NULL, NULL, NULL),
(395, 79, 10, 2024, 0, 0, 0, 0, 0, 0, 0, 0, '', '', '00:00:00', NULL, NULL, NULL),
(396, 80, 10, 2024, 0, 0, 0, 0, 3, 3, 0, 0, '', '', '00:00:00', NULL, NULL, NULL),
(397, 81, 10, 2024, 0, 0, 0, 0, 0, 0, 4, 3, '', '', '00:00:00', NULL, NULL, NULL),
(398, 82, 10, 2024, 0, 0, 0, 0, 0, 0, 58, 58, '', '', '00:00:00', NULL, NULL, NULL),
(399, 83, 10, 2024, 0, 0, 0, 0, 1, 1, 279, 279, '', '', '00:00:00', NULL, NULL, NULL),
(400, 84, 10, 2024, 0, 0, 3, 3, 2, 1, 425, 338, '', '', '00:00:00', NULL, NULL, NULL),
(401, 85, 10, 2024, 0, 0, 0, 0, 4, 0, 700, 675, '', '', '00:00:00', NULL, NULL, NULL),
(402, 90, 10, 2024, 1, 1, 0, 0, 4, 4, 700, 700, '', '', '00:00:00', NULL, NULL, NULL),
(403, 91, 10, 2024, 5, 5, 18, 18, 828, 743, 2, 2, '', '', '00:00:00', NULL, NULL, NULL),
(404, 77, 11, 2024, 0, 0, 0, 0, 0, 0, 4, 4, '', '', '00:00:00', NULL, NULL, NULL),
(405, 78, 11, 2024, 0, 0, 0, 0, 0, 0, 256, 255, '', '', '00:00:00', NULL, NULL, NULL),
(406, 79, 11, 2024, 0, 0, 0, 0, 0, 0, 2, 2, '', '', '00:00:00', NULL, NULL, NULL),
(407, 80, 10, 2024, 0, 0, 1, 1, 0, 0, 0, 0, '', '', '00:00:00', NULL, NULL, NULL),
(408, 80, 11, 2024, 0, 0, 1, 1, 0, 0, 0, 0, '', '', '00:00:00', NULL, NULL, NULL),
(409, 81, 11, 2024, 0, 0, 0, 0, 3, 3, 0, 0, '', '', '00:00:00', NULL, NULL, NULL),
(410, 82, 11, 2024, 0, 0, 0, 0, 0, 0, 66, 66, '', '', '00:00:00', NULL, NULL, NULL),
(411, 83, 11, 2024, 0, 0, 0, 0, 0, 0, 304, 303, '', '', '00:00:00', NULL, NULL, NULL),
(412, 84, 11, 2024, 0, 0, 1, 1, 3, 2, 379, 348, '', '', '00:00:00', NULL, NULL, NULL),
(413, 85, 11, 2024, 0, 0, 0, 0, 3, 1, 631, 617, '', '', '00:00:00', NULL, NULL, NULL),
(414, 90, 11, 2024, 0, 0, 0, 0, 0, 0, 25, 25, '', '', '00:00:00', NULL, NULL, NULL),
(415, 91, 11, 2024, 1, 1, 12, 12, 574, 515, 0, 0, '', '', '00:00:00', NULL, NULL, NULL),
(416, 77, 12, 2024, 0, 0, 0, 0, 0, 0, 4, 4, '', '', '00:00:00', NULL, NULL, NULL),
(417, 78, 12, 2024, 0, 0, 0, 0, 0, 0, 195, 189, '', '', '00:00:00', NULL, NULL, NULL),
(418, 79, 12, 2024, 0, 0, 0, 0, 0, 0, 0, 0, '', '', '00:00:00', NULL, NULL, NULL),
(419, 80, 12, 2024, 0, 0, 0, 0, 2, 2, 0, 0, '', '', '00:00:00', NULL, NULL, NULL),
(420, 81, 12, 2024, 0, 0, 0, 0, 3, 3, 2, 2, '', '', '00:00:00', NULL, NULL, NULL),
(421, 82, 12, 2024, 0, 0, 0, 0, 0, 0, 71, 71, '', '', '00:00:00', NULL, NULL, NULL),
(422, 83, 12, 2024, 0, 0, 0, 0, 0, 0, 207, 207, '', '', '00:00:00', NULL, NULL, NULL),
(423, 84, 12, 2024, 0, 0, 1, 0, 6, 4, 282, 159, '', '', '00:00:00', NULL, NULL, NULL),
(424, 85, 12, 2024, 0, 0, 0, 0, 2, 0, 861, 837, '', '', '00:00:00', NULL, NULL, NULL),
(425, 90, 12, 2024, 0, 0, 0, 0, 0, 0, 13, 13, '', '', '00:00:00', NULL, NULL, NULL),
(426, 91, 12, 2024, 8, 8, 16, 15, 710, 610, 0, 0, '', '', '00:00:00', NULL, NULL, NULL);

-- --------------------------------------------------------

--
-- Table structure for table `incident_count_by_group`
--

DROP TABLE IF EXISTS `incident_count_by_group`;
CREATE TABLE IF NOT EXISTS `incident_count_by_group` (
  `id` int NOT NULL,
  `opcos_list_id` int NOT NULL,
  `month_number` int NOT NULL,
  `year` int NOT NULL,
  `Service_desk` int NOT NULL,
  `L1_MSO_count` int NOT NULL,
  `L2_count` int NOT NULL,
  `L3_count` int NOT NULL,
  `L4_count` int NOT NULL,
  `add2` varchar(45) DEFAULT NULL,
  `add3` varchar(45) DEFAULT NULL,
  `add4` varchar(45) DEFAULT NULL
) ENGINE=InnoDB AUTO_INCREMENT=436 DEFAULT CHARSET=latin1;

--
-- Dumping data for table `incident_count_by_group`
--

INSERT INTO `incident_count_by_group` (`id`, `opcos_list_id`, `month_number`, `year`, `Service_desk`, `L1_MSO_count`, `L2_count`, `L3_count`, `L4_count`, `add2`, `add3`, `add4`) VALUES
(93, 77, 11, 2023, 0, 0, 0, 0, 0, NULL, NULL, NULL),
(94, 78, 5, 2023, 0, 279, 0, 0, 0, NULL, NULL, NULL),
(95, 79, 9, 2023, 0, 2, 0, 0, 0, NULL, NULL, NULL),
(96, 80, 9, 2023, 0, 75, 0, 0, 0, NULL, NULL, NULL),
(97, 81, 9, 2023, 0, 21, 0, 0, 0, NULL, NULL, NULL),
(98, 82, 5, 2023, 0, 42, 0, 0, 0, NULL, NULL, NULL),
(99, 83, 5, 2023, 0, 279, 0, 0, 0, NULL, NULL, NULL),
(100, 85, 5, 2023, 0, 772, 0, 0, 0, NULL, NULL, NULL),
(101, 91, 5, 2023, 0, 0, 0, 0, 0, NULL, NULL, NULL),
(103, 76, 7, 2023, 0, 20, 0, 0, 0, NULL, NULL, NULL),
(104, 80, 9, 2023, 0, 75, 0, 0, 0, NULL, NULL, NULL),
(105, 83, 6, 2023, 0, 116, 0, 0, 0, NULL, NULL, NULL),
(106, 84, 6, 2023, 0, 31, 0, 0, 0, NULL, NULL, NULL),
(107, 90, 5, 2023, 0, 76, 0, 0, 0, NULL, NULL, NULL),
(108, 78, 6, 2023, 0, 247, 0, 0, 0, NULL, NULL, NULL),
(109, 82, 6, 2023, 0, 49, 0, 0, 0, NULL, NULL, NULL),
(110, 86, 6, 2023, 0, 18, 0, 0, 0, NULL, NULL, NULL),
(111, 85, 6, 2023, 0, 701, 0, 0, 0, NULL, NULL, NULL),
(113, 77, 11, 2023, 0, 0, 0, 0, 0, NULL, NULL, NULL),
(114, 81, 9, 2023, 0, 21, 0, 0, 0, NULL, NULL, NULL),
(115, 90, 6, 2023, 0, 76, 0, 0, 0, NULL, NULL, NULL),
(116, 91, 6, 2023, 0, 791, 0, 0, 0, NULL, NULL, NULL),
(121, 77, 11, 2023, 0, 0, 0, 0, 0, NULL, NULL, NULL),
(122, 78, 1, 2023, 0, 265, 0, 0, 0, NULL, NULL, NULL),
(124, 80, 9, 2023, 0, 75, 0, 0, 0, NULL, NULL, NULL),
(125, 81, 9, 2023, 0, 21, 0, 0, 0, NULL, NULL, NULL),
(127, 82, 1, 2023, 0, 48, 0, 0, 0, NULL, NULL, NULL),
(128, 77, 11, 2023, 0, 0, 0, 0, 0, NULL, NULL, NULL),
(129, 83, 1, 2023, 0, 188, 0, 0, 0, NULL, NULL, NULL),
(130, 84, 1, 2023, 0, 4, 0, 0, 0, NULL, NULL, NULL),
(131, 78, 2, 2023, 0, 312, 0, 0, 0, NULL, NULL, NULL),
(132, 85, 1, 2023, 0, 633, 0, 0, 0, NULL, NULL, NULL),
(134, 86, 1, 2023, 0, 15, 1, 0, 0, NULL, NULL, NULL),
(135, 80, 9, 2023, 0, 75, 0, 0, 0, NULL, NULL, NULL),
(136, 81, 9, 2023, 0, 21, 0, 0, 0, NULL, NULL, NULL),
(137, 82, 2, 2023, 0, 43, 0, 0, 0, NULL, NULL, NULL),
(138, 83, 2, 2023, 0, 163, 0, 0, 0, NULL, NULL, NULL),
(139, 84, 2, 2023, 0, 3, 0, 0, 0, NULL, NULL, NULL),
(140, 85, 2, 2023, 0, 677, 0, 0, 0, NULL, NULL, NULL),
(141, 86, 2, 2023, 0, 18, 0, 0, 0, NULL, NULL, NULL),
(143, 90, 2, 2023, 0, 81, 0, 0, 0, NULL, NULL, NULL),
(145, 77, 11, 2023, 0, 0, 0, 0, 0, NULL, NULL, NULL),
(146, 78, 3, 2023, 0, 472, 0, 0, 0, NULL, NULL, NULL),
(148, 80, 9, 2023, 0, 75, 0, 0, 0, NULL, NULL, NULL),
(149, 81, 9, 2023, 0, 21, 0, 0, 0, NULL, NULL, NULL),
(150, 82, 3, 2023, 0, 47, 0, 0, 0, NULL, NULL, NULL),
(151, 83, 3, 2023, 0, 372, 0, 0, 0, NULL, NULL, NULL),
(152, 84, 3, 2023, 0, 5, 0, 0, 0, NULL, NULL, NULL),
(153, 85, 3, 2023, 0, 969, 0, 0, 0, NULL, NULL, NULL),
(154, 86, 3, 2023, 3, 14, 0, 0, 0, NULL, NULL, NULL),
(156, 77, 11, 2023, 0, 0, 0, 0, 0, NULL, NULL, NULL),
(157, 78, 4, 2023, 0, 0, 0, 7, 218, NULL, NULL, NULL),
(159, 80, 9, 2023, 0, 75, 0, 0, 0, NULL, NULL, NULL),
(160, 81, 9, 2023, 0, 21, 0, 0, 0, NULL, NULL, NULL),
(161, 82, 4, 2023, 0, 46, 0, 0, 0, NULL, NULL, NULL),
(162, 83, 4, 2023, 0, 395, 0, 0, 0, NULL, NULL, NULL),
(163, 84, 4, 2023, 0, 0, 0, 0, 3, NULL, NULL, NULL),
(164, 85, 4, 2023, 0, 0, 0, 8, 663, NULL, NULL, NULL),
(165, 86, 4, 2023, 0, 18, 0, 0, 0, NULL, NULL, NULL),
(166, 86, 7, 2023, 0, 11, 0, 0, 0, NULL, NULL, NULL),
(167, 85, 7, 2023, 0, 733, 0, 0, 0, NULL, NULL, NULL),
(168, 77, 11, 2023, 0, 0, 0, 0, 0, NULL, NULL, NULL),
(169, 84, 7, 2023, 0, 36, 0, 0, 0, NULL, NULL, NULL),
(170, 83, 7, 2023, 0, 195, 0, 0, 0, NULL, NULL, NULL),
(171, 82, 7, 2023, 0, 54, 0, 0, 0, NULL, NULL, NULL),
(172, 81, 9, 2023, 0, 21, 0, 0, 0, NULL, NULL, NULL),
(173, 80, 9, 2023, 0, 75, 0, 0, 0, NULL, NULL, NULL),
(175, 78, 7, 2023, 0, 247, 0, 0, 0, NULL, NULL, NULL),
(176, 76, 8, 2023, 0, 13, 0, 0, 0, NULL, NULL, NULL),
(177, 77, 11, 2023, 0, 0, 0, 0, 0, NULL, NULL, NULL),
(178, 78, 8, 2023, 0, 209, 0, 0, 0, NULL, NULL, NULL),
(180, 80, 9, 2023, 0, 75, 0, 0, 0, NULL, NULL, NULL),
(181, 81, 9, 2023, 0, 21, 0, 0, 0, NULL, NULL, NULL),
(182, 86, 8, 2023, 0, 11, 0, 0, 0, NULL, NULL, NULL),
(183, 85, 8, 2023, 0, 744, 0, 0, 0, NULL, NULL, NULL),
(184, 84, 8, 2023, 0, 19, 0, 0, 0, NULL, NULL, NULL),
(185, 83, 8, 2023, 0, 244, 0, 0, 0, NULL, NULL, NULL),
(186, 76, 9, 2023, 0, 7, 0, 0, 0, NULL, NULL, NULL),
(187, 77, 11, 2023, 0, 0, 0, 0, 0, NULL, NULL, NULL),
(188, 78, 9, 2023, 0, 203, 0, 0, 0, NULL, NULL, NULL),
(189, 80, 9, 2023, 0, 75, 0, 0, 0, NULL, NULL, NULL),
(190, 81, 9, 2023, 0, 21, 0, 0, 0, NULL, NULL, NULL),
(191, 82, 8, 2023, 0, 57, 0, 0, 0, NULL, NULL, NULL),
(192, 79, 8, 2023, 0, 0, 0, 0, 0, NULL, NULL, NULL),
(193, 82, 9, 2023, 0, 59, 0, 0, 0, NULL, NULL, NULL),
(194, 83, 9, 2023, 0, 185, 0, 0, 0, NULL, NULL, NULL),
(195, 84, 9, 2023, 0, 19, 0, 0, 0, NULL, NULL, NULL),
(196, 85, 9, 2023, 0, 730, 0, 0, 0, NULL, NULL, NULL),
(197, 86, 9, 2023, 0, 11, 0, 0, 0, NULL, NULL, NULL),
(198, 76, 10, 2023, 0, 0, 0, 0, 2, NULL, NULL, NULL),
(199, 77, 11, 2023, 0, 0, 0, 0, 0, NULL, NULL, NULL),
(200, 78, 10, 2023, 0, 208, 0, 0, 0, NULL, NULL, NULL),
(201, 79, 10, 2023, 0, 0, 0, 0, 0, NULL, NULL, NULL),
(202, 80, 10, 2023, 0, 60, 0, 0, 0, NULL, NULL, NULL),
(203, 81, 10, 2023, 0, 4, 0, 0, 0, NULL, NULL, NULL),
(204, 82, 10, 2023, 0, 55, 0, 0, 0, NULL, NULL, NULL),
(205, 83, 10, 2023, 0, 177, 0, 0, 0, NULL, NULL, NULL),
(206, 84, 10, 2023, 0, 14, 0, 0, 0, NULL, NULL, NULL),
(207, 86, 10, 2023, 0, 8, 0, 0, 0, NULL, NULL, NULL),
(208, 85, 10, 2023, 0, 860, 0, 0, 0, NULL, NULL, NULL),
(209, 91, 1, 2023, 0, 935, 7, 0, 0, NULL, NULL, NULL),
(210, 91, 2, 2023, 0, 895, 8, 0, 0, NULL, NULL, NULL),
(211, 91, 3, 2023, 0, 1200, 11, 0, 0, NULL, NULL, NULL),
(212, 91, 4, 2023, 0, 890, 8, 0, 0, NULL, NULL, NULL),
(213, 91, 7, 2023, 0, 988, 0, 0, 0, NULL, NULL, NULL),
(214, 91, 8, 2023, 0, 948, 0, 0, 0, NULL, NULL, NULL),
(215, 91, 9, 2023, 0, 932, 0, 0, 0, NULL, NULL, NULL),
(216, 91, 10, 2023, 0, 844, 0, 0, 0, NULL, NULL, NULL),
(217, 91, 11, 2023, 0, 0, 0, 0, 0, NULL, NULL, NULL),
(221, 81, 11, 2023, 0, 11, 0, 0, 0, NULL, NULL, NULL),
(222, 82, 11, 2023, 12, 33, 17, 0, 0, NULL, NULL, NULL),
(223, 84, 11, 2023, 0, 10, 0, 0, 0, NULL, NULL, NULL),
(224, 86, 11, 2023, 0, 15, 0, 0, 0, NULL, NULL, NULL),
(225, 90, 11, 2023, 0, 42, 0, 0, 0, NULL, NULL, NULL),
(226, 80, 11, 2023, 0, 11, 0, 0, 0, NULL, NULL, NULL),
(227, 83, 11, 2023, 0, 227, 0, 0, 0, NULL, NULL, NULL),
(228, 85, 11, 2023, 0, 953, 0, 0, 0, NULL, NULL, NULL),
(229, 91, 11, 2023, 0, 970, 0, 0, 0, NULL, NULL, NULL),
(230, 77, 11, 2023, 0, 0, 0, 0, 0, NULL, NULL, NULL),
(231, 78, 11, 2023, 0, 151, 0, 0, 0, NULL, NULL, NULL),
(232, 79, 11, 2023, 0, 2, 0, 0, 0, NULL, NULL, NULL),
(233, 77, 11, 2023, 0, 0, 0, 0, 0, NULL, NULL, NULL),
(234, 77, 10, 2023, 0, 0, 0, 0, 1, NULL, NULL, NULL),
(236, 77, 11, 2023, 0, 3, 0, 0, 0, NULL, NULL, NULL),
(238, 79, 1, 2023, 0, 3, 1, 0, 0, NULL, NULL, NULL),
(239, 80, 1, 2023, 0, 138, 0, 0, 0, NULL, NULL, NULL),
(240, 81, 1, 2023, 0, 7, 0, 0, 0, NULL, NULL, NULL),
(241, 79, 2, 2023, 0, 5, 0, 0, 0, NULL, NULL, NULL),
(242, 80, 2, 2023, 0, 107, 0, 0, 0, NULL, NULL, NULL),
(243, 81, 2, 2023, 0, 5, 0, 0, 0, NULL, NULL, NULL),
(244, 90, 1, 2023, 0, 91, 0, 0, 0, NULL, NULL, NULL),
(245, 77, 3, 2023, 0, 0, 0, 1, 0, NULL, NULL, NULL),
(246, 90, 10, 2023, 0, 54, 0, 0, 0, NULL, NULL, NULL),
(247, 90, 10, 2023, 0, 54, 0, 0, 0, NULL, NULL, NULL),
(248, 77, 9, 2023, 0, 0, 0, 1, 0, NULL, NULL, NULL),
(250, 90, 9, 2023, 0, 41, 0, 0, 0, NULL, NULL, NULL),
(251, 80, 8, 2023, 0, 36, 0, 0, 0, NULL, NULL, NULL),
(252, 90, 8, 2023, 0, 84, 0, 0, 0, NULL, NULL, NULL),
(253, 80, 7, 2023, 0, 23, 0, 0, 0, NULL, NULL, NULL),
(254, 81, 7, 2023, 0, 0, 0, 0, 9, NULL, NULL, NULL),
(255, 90, 7, 2023, 0, 61, 0, 0, 0, NULL, NULL, NULL),
(256, 79, 6, 2023, 0, 0, 0, 0, 3, NULL, NULL, NULL),
(257, 80, 6, 2023, 0, 15, 0, 0, 0, NULL, NULL, NULL),
(258, 81, 6, 2023, 0, 6, 0, 0, 0, NULL, NULL, NULL),
(259, 80, 5, 2023, 0, 29, 0, 0, 0, NULL, NULL, NULL),
(260, 81, 5, 2023, 0, 3, 0, 0, 0, NULL, NULL, NULL),
(261, 84, 5, 2023, 0, 34, 0, 0, 0, NULL, NULL, NULL),
(262, 86, 5, 2023, 0, 19, 0, 0, 0, NULL, NULL, NULL),
(263, 79, 4, 2023, 0, 1, 0, 0, 0, NULL, NULL, NULL),
(264, 80, 4, 2023, 0, 33, 0, 0, 0, NULL, NULL, NULL),
(265, 81, 4, 2023, 0, 5, 0, 0, 0, NULL, NULL, NULL),
(266, 90, 4, 2023, 0, 110, 0, 0, 0, NULL, NULL, NULL),
(267, 79, 3, 2023, 0, 3, 0, 0, 0, NULL, NULL, NULL),
(268, 80, 3, 2023, 0, 75, 0, 0, 0, NULL, NULL, NULL),
(269, 81, 3, 2023, 0, 2, 0, 0, 0, NULL, NULL, NULL),
(270, 90, 3, 2023, 0, 87, 0, 0, 0, NULL, NULL, NULL),
(271, 77, 12, 2023, 0, 0, 0, 0, 0, NULL, NULL, NULL),
(272, 78, 12, 2023, 0, 240, 0, 0, 0, NULL, NULL, NULL),
(273, 79, 12, 2023, 0, 1, 0, 0, 0, NULL, NULL, NULL),
(274, 80, 12, 2023, 0, 19, 0, 0, 0, NULL, NULL, NULL),
(275, 81, 12, 2023, 0, 3, 0, 0, 0, NULL, NULL, NULL),
(276, 82, 12, 2023, 0, 59, 0, 0, 0, NULL, NULL, NULL),
(277, 83, 12, 2023, 0, 252, 0, 0, 0, NULL, NULL, NULL),
(278, 84, 12, 2023, 0, 8, 0, 0, 0, NULL, NULL, NULL),
(279, 85, 12, 2023, 0, 721, 0, 0, 0, NULL, NULL, NULL),
(280, 86, 12, 2023, 0, 7, 0, 0, 0, NULL, NULL, NULL),
(281, 90, 12, 2023, 0, 43, 0, 0, 0, NULL, NULL, NULL),
(282, 91, 12, 2023, 0, 656, 0, 0, 0, NULL, NULL, NULL),
(283, 77, 1, 2024, 0, 3, 0, 0, 0, NULL, NULL, NULL),
(284, 78, 1, 2024, 0, 151, 0, 0, 0, NULL, NULL, NULL),
(285, 79, 1, 2024, 0, 1, 0, 0, 0, NULL, NULL, NULL),
(286, 80, 1, 2024, 0, 21, 0, 0, 0, NULL, NULL, NULL),
(287, 81, 1, 2024, 0, 2, 0, 0, 0, NULL, NULL, NULL),
(288, 82, 1, 2024, 0, 56, 0, 0, 0, NULL, NULL, NULL),
(289, 83, 1, 2024, 0, 262, 0, 0, 0, NULL, NULL, NULL),
(290, 84, 1, 2024, 0, 11, 0, 0, 0, NULL, NULL, NULL),
(291, 85, 1, 2024, 0, 631, 0, 0, 0, NULL, NULL, NULL),
(292, 86, 1, 2024, 0, 8, 0, 0, 0, NULL, NULL, NULL),
(293, 90, 1, 2024, 0, 23, 0, 0, 0, NULL, NULL, NULL),
(294, 91, 1, 2024, 0, 1087, 0, 0, 0, NULL, NULL, NULL),
(298, 80, 2, 2024, 0, 4, 0, 0, 0, NULL, NULL, NULL),
(299, 81, 2, 2024, 0, 14, 0, 0, 0, NULL, NULL, NULL),
(300, 77, 2, 2024, 0, 3, 0, 0, 0, NULL, NULL, NULL),
(301, 78, 2, 2024, 0, 151, 0, 0, 0, NULL, NULL, NULL),
(302, 79, 2, 2024, 0, 2, 0, 0, 0, NULL, NULL, NULL),
(303, 82, 2, 2024, 0, 59, 0, 0, 0, NULL, NULL, NULL),
(304, 83, 2, 2024, 0, 306, 0, 0, 0, NULL, NULL, NULL),
(305, 84, 2, 2024, 0, 24, 0, 0, 0, NULL, NULL, NULL),
(306, 85, 2, 2024, 0, 607, 0, 0, 0, NULL, NULL, NULL),
(307, 86, 2, 2024, 0, 8, 0, 0, 0, NULL, NULL, NULL),
(308, 90, 2, 2024, 0, 33, 0, 0, 0, NULL, NULL, NULL),
(309, 91, 2, 2024, 0, 848, 0, 0, 0, NULL, NULL, NULL),
(311, 78, 3, 2024, 0, 161, 0, 0, 0, NULL, NULL, NULL),
(312, 79, 3, 2024, 0, 7, 0, 0, 0, NULL, NULL, NULL),
(313, 80, 3, 2024, 0, 5, 0, 0, 0, NULL, NULL, NULL),
(314, 81, 3, 2024, 0, 3, 0, 0, 0, NULL, NULL, NULL),
(315, 82, 3, 2024, 0, 62, 0, 0, 0, NULL, NULL, NULL),
(316, 83, 3, 2024, 0, 267, 0, 0, 0, NULL, NULL, NULL),
(317, 84, 3, 2024, 0, 20, 0, 0, 0, NULL, NULL, NULL),
(318, 85, 3, 2024, 0, 637, 0, 0, 0, NULL, NULL, NULL),
(319, 86, 3, 2024, 0, 2, 15, 0, 0, NULL, NULL, NULL),
(320, 90, 3, 2024, 0, 40, 0, 0, 0, NULL, NULL, NULL),
(321, 91, 3, 2024, 0, 956, 0, 0, 0, NULL, NULL, NULL),
(343, 77, 3, 2024, 0, 5, 0, 0, 0, NULL, NULL, NULL),
(344, 77, 4, 2024, 0, 1, 0, 0, 0, NULL, NULL, NULL),
(345, 78, 4, 2024, 0, 155, 0, 0, 0, NULL, NULL, NULL),
(346, 79, 4, 2024, 0, 0, 0, 0, 0, NULL, NULL, NULL),
(347, 80, 4, 2024, 0, 3, 0, 0, 0, NULL, NULL, NULL),
(348, 81, 4, 2024, 0, 1, 0, 0, 0, NULL, NULL, NULL),
(349, 82, 4, 2024, 0, 66, 0, 0, 0, NULL, NULL, NULL),
(350, 83, 4, 2024, 0, 242, 0, 0, 0, NULL, NULL, NULL),
(351, 84, 4, 2024, 0, 4, 0, 0, 0, NULL, NULL, NULL),
(352, 85, 4, 2024, 0, 851, 0, 0, 0, NULL, NULL, NULL),
(353, 86, 4, 2024, 0, 6, 16, 0, 0, NULL, NULL, NULL),
(354, 90, 4, 2024, 0, 41, 0, 0, 0, NULL, NULL, NULL),
(355, 91, 4, 2024, 0, 907, 0, 0, 0, NULL, NULL, NULL),
(356, 77, 5, 2024, 0, 6, 0, 0, 0, NULL, NULL, NULL),
(357, 78, 5, 2024, 0, 148, 0, 0, 0, NULL, NULL, NULL),
(358, 79, 5, 2024, 1, 1, 0, 0, 0, NULL, NULL, NULL),
(359, 80, 5, 2024, 0, 5, 0, 0, 0, NULL, NULL, NULL),
(360, 81, 5, 2024, 0, 12, 0, 0, 0, NULL, NULL, NULL),
(361, 82, 5, 2024, 0, 62, 0, 0, 0, NULL, NULL, NULL),
(362, 83, 5, 2024, 0, 326, 0, 0, 0, NULL, NULL, NULL),
(363, 84, 5, 2024, 0, 210, 0, 0, 0, NULL, NULL, NULL),
(364, 85, 5, 2024, 0, 992, 0, 0, 0, NULL, NULL, NULL),
(365, 86, 5, 2024, 0, 256, 0, 0, 0, NULL, NULL, NULL),
(366, 90, 5, 2024, 0, 26, 0, 0, 0, NULL, NULL, NULL),
(367, 91, 5, 2024, 0, 1020, 0, 0, 0, NULL, NULL, NULL),
(368, 77, 6, 2024, 0, 5, 0, 0, 0, NULL, NULL, NULL),
(369, 78, 6, 2024, 0, 151, 0, 0, 0, NULL, NULL, NULL),
(370, 79, 6, 2024, 0, 0, 0, 0, 0, NULL, NULL, NULL),
(371, 80, 6, 2024, 0, 8, 0, 0, 0, NULL, NULL, NULL),
(372, 81, 6, 2024, 0, 1, 0, 0, 0, NULL, NULL, NULL),
(373, 82, 6, 2024, 0, 66, 0, 0, 0, NULL, NULL, NULL),
(374, 83, 6, 2024, 0, 235, 0, 0, 0, NULL, NULL, NULL),
(375, 84, 6, 2024, 0, 193, 0, 0, 0, NULL, NULL, NULL),
(376, 85, 6, 2024, 0, 853, 0, 0, 0, NULL, NULL, NULL),
(377, 86, 6, 2024, 0, 165, 16, 0, 0, NULL, NULL, NULL),
(378, 90, 6, 2024, 0, 21, 0, 0, 0, NULL, NULL, NULL),
(379, 91, 6, 2024, 0, 783, 0, 0, 0, NULL, NULL, NULL),
(380, 78, 7, 2024, 0, 138, 0, 0, 0, NULL, NULL, NULL),
(381, 77, 7, 2024, 0, 0, 0, 0, 0, NULL, NULL, NULL),
(382, 79, 7, 2024, 0, 0, 0, 0, 0, NULL, NULL, NULL),
(383, 80, 7, 2024, 0, 1, 0, 0, 0, NULL, NULL, NULL),
(384, 81, 7, 2024, 0, 15, 0, 0, 0, NULL, NULL, NULL),
(385, 82, 7, 0, 0, 63, 0, 0, 0, NULL, NULL, NULL),
(386, 83, 7, 2024, 0, 291, 0, 0, 0, NULL, NULL, NULL),
(387, 84, 7, 2024, 0, 278, 0, 0, 0, NULL, NULL, NULL),
(388, 85, 7, 2024, 0, 942, 0, 0, 0, NULL, NULL, NULL),
(389, 90, 7, 2024, 0, 29, 0, 0, 0, NULL, NULL, NULL),
(390, 91, 7, 2024, 0, 1016, 0, 0, 0, NULL, NULL, NULL),
(391, 77, 8, 2024, 0, 1, 0, 0, 0, NULL, NULL, NULL),
(392, 78, 8, 2024, 0, 169, 0, 0, 0, NULL, NULL, NULL),
(393, 79, 8, 2024, 0, 0, 0, 0, 0, NULL, NULL, NULL),
(394, 80, 8, 2024, 0, 2, 1, 9, 0, NULL, NULL, NULL),
(395, 81, 8, 2024, 0, 7, 0, 0, 0, NULL, NULL, NULL),
(396, 82, 8, 2024, 0, 66, 0, 0, 0, NULL, NULL, NULL),
(397, 83, 8, 2024, 0, 338, 0, 0, 0, NULL, NULL, NULL),
(398, 84, 8, 2024, 0, 260, 0, 0, 0, NULL, NULL, NULL),
(399, 85, 8, 2024, 0, 1095, 0, 0, 0, NULL, NULL, NULL),
(400, 90, 8, 2024, 0, 31, 0, 0, 0, NULL, NULL, NULL),
(401, 91, 8, 2024, 0, 808, 0, 0, 0, NULL, NULL, NULL),
(402, 77, 9, 2024, 0, 0, 0, 0, 0, NULL, NULL, NULL),
(403, 78, 9, 2024, 0, 203, 0, 0, 0, NULL, NULL, NULL),
(404, 79, 9, 2024, 0, 0, 0, 0, 0, NULL, NULL, NULL),
(405, 80, 9, 2024, 0, 7, 0, 0, 0, NULL, NULL, NULL),
(406, 81, 9, 2024, 0, 6, 0, 0, 0, NULL, NULL, NULL),
(407, 82, 9, 2024, 0, 64, 0, 0, 0, NULL, NULL, NULL),
(408, 83, 9, 2024, 0, 339, 0, 0, 0, NULL, NULL, NULL),
(409, 84, 9, 2024, 0, 233, 0, 0, 0, NULL, NULL, NULL),
(410, 85, 9, 2024, 0, 792, 0, 0, 0, NULL, NULL, NULL),
(411, 90, 9, 2024, 0, 45, 0, 0, 0, NULL, NULL, NULL),
(412, 91, 9, 2024, 0, 875, 0, 0, 0, NULL, NULL, NULL),
(413, 77, 10, 2024, 0, 12, 0, 0, 0, NULL, NULL, NULL),
(414, 78, 10, 2024, 0, 278, 0, 0, 0, NULL, NULL, NULL),
(415, 79, 10, 2024, 0, 0, 0, 0, 0, NULL, NULL, NULL),
(416, 80, 10, 2024, 0, 3, 0, 0, 0, NULL, NULL, NULL),
(417, 81, 10, 2024, 0, 4, 0, 0, 0, NULL, NULL, NULL),
(418, 82, 10, 2024, 0, 58, 0, 0, 0, NULL, NULL, NULL),
(419, 83, 10, 2024, 0, 280, 0, 0, 0, NULL, NULL, NULL),
(420, 84, 10, 2024, 0, 430, 0, 0, 0, NULL, NULL, NULL),
(421, 85, 10, 2024, 0, 704, 0, 0, 0, NULL, NULL, NULL),
(422, 90, 10, 2024, 0, 33, 0, 0, 0, NULL, NULL, NULL),
(423, 91, 10, 2024, 0, 853, 0, 0, 0, NULL, NULL, NULL),
(424, 77, 11, 2024, 0, 4, 0, 0, 0, NULL, NULL, NULL),
(425, 78, 11, 2024, 0, 256, 0, 0, 0, NULL, NULL, NULL),
(426, 79, 11, 2024, 0, 2, 0, 0, 0, NULL, NULL, NULL),
(427, 80, 10, 2024, 0, 1, 0, 0, 0, NULL, NULL, NULL),
(428, 80, 11, 2024, 0, 1, 0, 0, 0, NULL, NULL, NULL),
(429, 81, 11, 2024, 0, 3, 0, 0, 0, NULL, NULL, NULL),
(430, 82, 11, 2024, 0, 66, 0, 0, 0, NULL, NULL, NULL),
(431, 83, 11, 2024, 0, 304, 0, 0, 0, NULL, NULL, NULL),
(432, 84, 11, 2024, 0, 383, 0, 0, 0, NULL, NULL, NULL),
(433, 85, 11, 2024, 0, 634, 0, 0, 0, NULL, NULL, NULL),
(434, 90, 11, 2024, 0, 25, 0, 0, 0, NULL, NULL, NULL),
(435, 91, 11, 2024, 0, 587, 0, 0, 0, NULL, NULL, NULL),
(436, 77, 12, 2024, 0, 4, 0, 0, 0, NULL, NULL, NULL),
(437, 78, 12, 2024, 0, 195, 0, 0, 0, NULL, NULL, NULL),
(438, 79, 12, 2024, 0, 0, 0, 0, 0, NULL, NULL, NULL),
(439, 80, 12, 2024, 0, 2, 0, 0, 0, NULL, NULL, NULL),
(440, 81, 12, 2024, 0, 5, 0, 0, 0, NULL, NULL, NULL),
(441, 82, 12, 2024, 0, 71, 0, 0, 0, NULL, NULL, NULL),
(442, 83, 12, 2024, 0, 207, 0, 0, 0, NULL, NULL, NULL),
(443, 84, 12, 2024, 0, 289, 0, 0, 0, NULL, NULL, NULL),
(444, 85, 12, 2024, 0, 863, 0, 0, 0, NULL, NULL, NULL),
(445, 90, 12, 2024, 0, 13, 0, 0, 0, NULL, NULL, NULL),
(446, 91, 12, 2024, 0, 737, 0, 0, 0, NULL, NULL, NULL);

-- --------------------------------------------------------

--
-- Table structure for table `km_dashboard_child`
--

DROP TABLE IF EXISTS `km_dashboard_child`;
CREATE TABLE IF NOT EXISTS `km_dashboard_child` (
  `id` int NOT NULL,
  `km_dashboard_id` int DEFAULT NULL,
  `km_name` varchar(255) DEFAULT NULL,
  `km_desc` varchar(255) DEFAULT NULL
) ENGINE=InnoDB AUTO_INCREMENT=280 DEFAULT CHARSET=utf8mb4 COLLATE=utf8mb4_0900_ai_ci;

--
-- Dumping data for table `km_dashboard_child`
--

INSERT INTO `km_dashboard_child` (`id`, `km_dashboard_id`, `km_name`, `km_desc`) VALUES
(100, 98, '', ''),
(101, 99, '', ''),
(102, 100, '', ''),
(103, 101, '', ''),
(104, 102, '', ''),
(105, 103, '', ''),
(106, 104, '', ''),
(107, 105, '', ''),
(108, 106, '', ''),
(109, 107, '', ''),
(110, 108, '', ''),
(111, 109, '', ''),
(112, 110, '', ''),
(113, 111, '', ''),
(114, 112, '', ''),
(115, 113, '', ''),
(116, 114, '', ''),
(117, 115, '', ''),
(118, 116, '', ''),
(119, 117, '', ''),
(120, 118, '', ''),
(121, 119, '', ''),
(122, 120, '', ''),
(123, 121, '', ''),
(124, 122, '', ''),
(125, 123, '', ''),
(126, 124, '', ''),
(127, 125, '', ''),
(128, 126, 'MTNA', 'MTNA'),
(129, 127, 'NA', 'NA'),
(130, 128, 'NA', 'NA'),
(131, 129, 'NA', 'NA'),
(132, 130, 'NA', 'NA'),
(133, 131, 'NA', 'NA'),
(134, 132, '', ''),
(135, 133, 'NA', 'NA'),
(136, 134, '', ''),
(137, 135, 'NA', 'NA'),
(138, 136, 'NA', 'NA'),
(139, 137, '', ''),
(140, 138, 'NA', 'NA'),
(141, 139, '', ''),
(142, 140, 'NA', 'NA'),
(143, 141, '', ''),
(144, 142, '', ''),
(145, 143, '', ''),
(146, 144, '', ''),
(147, 145, '', ''),
(148, 146, '', ''),
(149, 147, '', ''),
(150, 148, 'NA', ' NA'),
(151, 149, 'NA', ' NA'),
(152, 150, '', ''),
(153, 151, 'NA', 'NA'),
(154, 152, 'NA', 'NA'),
(155, 153, 'NA', 'NA'),
(156, 154, 'NA', 'NA'),
(157, 155, 'NA', 'NA'),
(158, 156, 'NA', 'NA'),
(159, 157, 'NA', 'NA'),
(160, 158, 'NA', 'NA'),
(161, 159, 'NA', 'NA'),
(162, 160, 'NA', 'NA'),
(163, 161, 'NA', 'NA'),
(164, 162, 'NA', 'NA'),
(165, 163, 'NA', 'NA'),
(166, 164, 'NA', 'NA'),
(167, 165, 'NA', 'NA'),
(168, 166, 'NA', 'NA'),
(169, 167, 'NA', 'NA'),
(170, 168, 'NA', 'NA'),
(171, 169, 'NA', 'NA'),
(172, 170, 'NA', 'NA'),
(173, 171, 'NA', 'NA'),
(174, 172, 'NA', 'NA'),
(175, 173, 'NA', 'NA'),
(176, 174, 'NA', 'NA'),
(177, 175, 'NA', 'NA'),
(178, 176, 'NA', 'NA'),
(179, 177, 'NA', 'NA'),
(180, 178, 'NA', 'NA'),
(181, 179, 'NA', 'NA'),
(182, 180, 'NA', 'NA'),
(183, 181, 'NA', 'NA'),
(184, 182, 'NA', 'NA'),
(185, 183, 'NA', 'NA'),
(186, 184, 'NA', 'NA'),
(187, 185, 'NA', 'NA'),
(188, 186, 'NA', 'NA'),
(189, 187, 'NA', 'NA'),
(190, 188, 'NA', 'NA'),
(191, 189, 'NA', 'NANA'),
(192, 190, 'NA', 'NA'),
(193, 191, 'NA', 'NA'),
(194, 192, 'NA', 'NA'),
(195, 193, 'NA', 'NA'),
(196, 194, 'NA', 'NA'),
(197, 195, 'NA', 'NA'),
(198, 196, 'NA', 'NA'),
(199, 197, 'NA', 'NA'),
(200, 198, 'NA', 'NA'),
(201, 199, 'NA', 'NA'),
(202, 200, 'NA', 'NA'),
(203, 201, 'NA', 'NA'),
(204, 202, 'NA', 'NA'),
(205, 203, 'NA', 'NA'),
(206, 204, 'NA', 'NA'),
(207, 205, 'NA', 'NA'),
(208, 206, 'NA', 'NA'),
(209, 207, 'NA', 'NA'),
(210, 208, 'NA', 'NA'),
(211, 209, 'NA', 'NA'),
(212, 210, 'NA', 'NA'),
(213, 211, 'NA', 'NA'),
(214, 212, 'NA', 'NA'),
(215, 213, 'NA', 'NA'),
(216, 214, 'NA', 'NA'),
(217, 215, 'NA', 'NA'),
(218, 216, 'NA', 'NA'),
(219, 217, 'NA', 'NA'),
(220, 218, 'NA', 'NA'),
(221, 219, 'NA', 'NA'),
(222, 220, 'NA', 'NA'),
(223, 221, 'NA', 'NA'),
(224, 222, 'NA', 'NA'),
(225, 223, 'NA', 'NA'),
(226, 224, 'NA', 'NA'),
(227, 225, 'NA', 'NA'),
(228, 226, 'NA', 'NA'),
(229, 227, 'NA', 'NA'),
(230, 228, 'NA', 'NA'),
(231, 229, 'NA', 'NA'),
(232, 230, 'NA', 'NA'),
(233, 231, 'NA', 'NA'),
(234, 232, 'NA', 'NA'),
(235, 233, ' NA', 'NA'),
(236, 234, 'NA', 'NA'),
(237, 235, 'NA', 'NA'),
(238, 236, 'NA', 'NA'),
(239, 237, 'NA', 'NA'),
(240, 238, 'NA', 'NA'),
(241, 239, 'NA', 'NA'),
(242, 240, 'NA', 'NA'),
(243, 241, 'NA', 'NA'),
(244, 242, 'NA', 'NA'),
(245, 243, 'NA', 'NA'),
(246, 244, 'NA', 'NA'),
(247, 245, 'NA', 'NA'),
(248, 246, 'NA', 'NA'),
(249, 247, 'NA', 'NA'),
(250, 248, 'NA', 'NA'),
(251, 249, '0', '0'),
(252, 250, '0', '0'),
(253, 251, 'NA', 'NA'),
(254, 252, '1', '1'),
(255, 253, 'NA', 'NA'),
(256, 254, 'NA', 'NA'),
(257, 255, 'NA', 'NA'),
(258, 256, 'NA', 'NA'),
(259, 257, 'NA', 'NA'),
(260, 258, 'NA', 'NA'),
(261, 259, 'NA', 'NA'),
(262, 260, 'NA', 'NA'),
(263, 261, 'NA', 'NA'),
(264, 262, 'NA', 'NA'),
(265, 263, 'NA', 'NA'),
(266, 264, 'NA', 'NA'),
(267, 265, 'NA', 'NA'),
(268, 266, 'NA', 'NA'),
(269, 267, 'NA', 'NA'),
(270, 268, 'NA', 'NA'),
(271, 269, 'NA', 'NA'),
(272, 270, 'NA', 'NA'),
(273, 271, 'NA', 'NA'),
(274, 272, 'NA', 'NA'),
(275, 273, 'NA', 'NA'),
(276, 274, 'NA', 'NA'),
(277, 275, 'NA', 'NA'),
(278, 276, 'NA', 'NA'),
(279, 277, 'NA', 'NA');

-- --------------------------------------------------------

--
-- Table structure for table `km_dashboard_master`
--

DROP TABLE IF EXISTS `km_dashboard_master`;
CREATE TABLE IF NOT EXISTS `km_dashboard_master` (
  `id` int NOT NULL,
  `opcos_list_id` int NOT NULL,
  `month_number` int NOT NULL,
  `year` int NOT NULL,
  `km_count` int NOT NULL,
  `add1` varchar(45) DEFAULT NULL,
  `add2` varchar(45) DEFAULT NULL,
  `add3` varchar(45) DEFAULT NULL,
  `add4` varchar(45) DEFAULT NULL
) ENGINE=InnoDB AUTO_INCREMENT=278 DEFAULT CHARSET=utf8mb4 COLLATE=utf8mb4_0900_ai_ci;

--
-- Dumping data for table `km_dashboard_master`
--

INSERT INTO `km_dashboard_master` (`id`, `opcos_list_id`, `month_number`, `year`, `km_count`, `add1`, `add2`, `add3`, `add4`) VALUES
(98, 76, 5, 2023, 1, NULL, NULL, NULL, NULL),
(99, 77, 5, 2023, 0, NULL, NULL, NULL, NULL),
(100, 78, 5, 2023, 0, NULL, NULL, NULL, NULL),
(101, 79, 5, 2023, 0, NULL, NULL, NULL, NULL),
(102, 80, 5, 2023, 0, NULL, NULL, NULL, NULL),
(103, 81, 5, 2023, 0, NULL, NULL, NULL, NULL),
(104, 82, 5, 2023, 0, NULL, NULL, NULL, NULL),
(105, 83, 5, 2023, 0, NULL, NULL, NULL, NULL),
(106, 85, 5, 2023, 0, NULL, NULL, NULL, NULL),
(107, 91, 5, 2023, 0, NULL, NULL, NULL, NULL),
(109, 76, 6, 2023, 0, NULL, NULL, NULL, NULL),
(110, 80, 6, 2023, 0, NULL, NULL, NULL, NULL),
(111, 83, 6, 2023, 0, NULL, NULL, NULL, NULL),
(112, 84, 6, 2023, 0, NULL, NULL, NULL, NULL),
(113, 90, 5, 2023, 0, NULL, NULL, NULL, NULL),
(114, 78, 6, 2023, 0, NULL, NULL, NULL, NULL),
(115, 82, 6, 2023, 0, NULL, NULL, NULL, NULL),
(116, 86, 6, 2023, 0, NULL, NULL, NULL, NULL),
(117, 85, 6, 2023, 0, NULL, NULL, NULL, NULL),
(118, 79, 6, 2023, 0, NULL, NULL, NULL, NULL),
(119, 77, 6, 2023, 0, NULL, NULL, NULL, NULL),
(120, 81, 6, 2023, 0, NULL, NULL, NULL, NULL),
(121, 90, 6, 2023, 0, NULL, NULL, NULL, NULL),
(122, 91, 6, 2023, 0, NULL, NULL, NULL, NULL),
(125, 76, 7, 2023, 0, NULL, NULL, NULL, NULL),
(126, 76, 1, 2023, 1, NULL, NULL, NULL, NULL),
(127, 77, 1, 2023, 1, NULL, NULL, NULL, NULL),
(128, 78, 1, 2023, 1, NULL, NULL, NULL, NULL),
(129, 79, 1, 2023, 1, NULL, NULL, NULL, NULL),
(130, 80, 1, 2023, 1, NULL, NULL, NULL, NULL),
(131, 81, 1, 2023, 1, NULL, NULL, NULL, NULL),
(132, 76, 2, 2023, 0, NULL, NULL, NULL, NULL),
(133, 82, 1, 2023, 1, NULL, NULL, NULL, NULL),
(134, 77, 2, 2023, 0, NULL, NULL, NULL, NULL),
(135, 83, 1, 2023, 1, NULL, NULL, NULL, NULL),
(136, 84, 1, 2023, 1, NULL, NULL, NULL, NULL),
(137, 78, 2, 2023, 0, NULL, NULL, NULL, NULL),
(138, 85, 1, 2023, 1, NULL, NULL, NULL, NULL),
(139, 79, 2, 2023, 0, NULL, NULL, NULL, NULL),
(140, 86, 1, 2023, 1, NULL, NULL, NULL, NULL),
(141, 80, 2, 2023, 0, NULL, NULL, NULL, NULL),
(142, 81, 2, 2023, 0, NULL, NULL, NULL, NULL),
(143, 82, 2, 2023, 0, NULL, NULL, NULL, NULL),
(144, 83, 2, 2023, 0, NULL, NULL, NULL, NULL),
(145, 84, 2, 2023, 0, NULL, NULL, NULL, NULL),
(146, 85, 2, 2023, 0, NULL, NULL, NULL, NULL),
(147, 86, 2, 2023, 0, NULL, NULL, NULL, NULL),
(148, 76, 7, 2023, 1, NULL, NULL, NULL, NULL),
(149, 76, 7, 2023, 1, NULL, NULL, NULL, NULL),
(150, 90, 2, 2023, 0, NULL, NULL, NULL, NULL),
(151, 76, 3, 2023, 1, NULL, NULL, NULL, NULL),
(152, 77, 3, 2023, 0, NULL, NULL, NULL, NULL),
(153, 78, 3, 2023, 0, NULL, NULL, NULL, NULL),
(154, 79, 3, 2023, 0, NULL, NULL, NULL, NULL),
(155, 80, 3, 2023, 0, NULL, NULL, NULL, NULL),
(156, 81, 3, 2023, 0, NULL, NULL, NULL, NULL),
(157, 82, 3, 2023, 0, NULL, NULL, NULL, NULL),
(158, 83, 3, 2023, 0, NULL, NULL, NULL, NULL),
(159, 84, 3, 2023, 0, NULL, NULL, NULL, NULL),
(160, 85, 3, 2023, 0, NULL, NULL, NULL, NULL),
(161, 86, 3, 2023, 0, NULL, NULL, NULL, NULL),
(162, 76, 4, 2023, 0, NULL, NULL, NULL, NULL),
(163, 77, 4, 2023, 0, NULL, NULL, NULL, NULL),
(164, 78, 4, 2023, 0, NULL, NULL, NULL, NULL),
(165, 79, 4, 2023, 0, NULL, NULL, NULL, NULL),
(166, 80, 4, 2023, 0, NULL, NULL, NULL, NULL),
(167, 81, 4, 2023, 0, NULL, NULL, NULL, NULL),
(168, 82, 4, 2023, 0, NULL, NULL, NULL, NULL),
(169, 83, 4, 2023, 0, NULL, NULL, NULL, NULL),
(170, 84, 4, 2023, 0, NULL, NULL, NULL, NULL),
(171, 85, 4, 2023, 0, NULL, NULL, NULL, NULL),
(172, 86, 4, 2023, 0, NULL, NULL, NULL, NULL),
(173, 76, 7, 2023, 0, NULL, NULL, NULL, NULL),
(174, 76, 7, 2023, 0, NULL, NULL, NULL, NULL),
(175, 86, 7, 2023, 0, NULL, NULL, NULL, NULL),
(176, 85, 7, 2023, 0, NULL, NULL, NULL, NULL),
(177, 76, 7, 2023, 0, NULL, NULL, NULL, NULL),
(178, 76, 7, 2023, 0, NULL, NULL, NULL, NULL),
(179, 77, 7, 2023, 0, NULL, NULL, NULL, NULL),
(180, 84, 7, 2023, 0, NULL, NULL, NULL, NULL),
(181, 83, 7, 2023, 0, NULL, NULL, NULL, NULL),
(182, 82, 7, 2023, 0, NULL, NULL, NULL, NULL),
(183, 81, 7, 2023, 0, NULL, NULL, NULL, NULL),
(184, 80, 7, 2023, 0, NULL, NULL, NULL, NULL),
(185, 79, 7, 2023, 0, NULL, NULL, NULL, NULL),
(186, 78, 7, 2023, 0, NULL, NULL, NULL, NULL),
(187, 76, 8, 2023, 0, NULL, NULL, NULL, NULL),
(188, 77, 8, 2023, 0, NULL, NULL, NULL, NULL),
(189, 78, 8, 2023, 0, NULL, NULL, NULL, NULL),
(190, 79, 9, 2023, 0, NULL, NULL, NULL, NULL),
(191, 80, 8, 2023, 0, NULL, NULL, NULL, NULL),
(192, 81, 8, 2023, 0, NULL, NULL, NULL, NULL),
(193, 86, 8, 2023, 0, NULL, NULL, NULL, NULL),
(194, 85, 8, 2023, 0, NULL, NULL, NULL, NULL),
(195, 84, 8, 2023, 0, NULL, NULL, NULL, NULL),
(196, 83, 8, 2023, 0, NULL, NULL, NULL, NULL),
(197, 76, 9, 2023, 0, NULL, NULL, NULL, NULL),
(198, 77, 9, 2023, 0, NULL, NULL, NULL, NULL),
(199, 78, 9, 2023, 0, NULL, NULL, NULL, NULL),
(200, 79, 9, 2023, 0, NULL, NULL, NULL, NULL),
(201, 79, 9, 2023, 0, NULL, NULL, NULL, NULL),
(202, 79, 9, 2023, 0, NULL, NULL, NULL, NULL),
(203, 80, 9, 2023, 0, NULL, NULL, NULL, NULL),
(204, 80, 9, 2023, 0, NULL, NULL, NULL, NULL),
(205, 81, 9, 2023, 0, NULL, NULL, NULL, NULL),
(206, 82, 8, 2023, 0, NULL, NULL, NULL, NULL),
(207, 79, 8, 2023, 0, NULL, NULL, NULL, NULL),
(208, 81, 9, 2023, 0, NULL, NULL, NULL, NULL),
(209, 82, 9, 2023, 0, NULL, NULL, NULL, NULL),
(210, 83, 9, 2023, 0, NULL, NULL, NULL, NULL),
(211, 84, 9, 2023, 0, NULL, NULL, NULL, NULL),
(212, 85, 9, 2023, 0, NULL, NULL, NULL, NULL),
(213, 86, 9, 2023, 0, NULL, NULL, NULL, NULL),
(214, 76, 10, 2023, 0, NULL, NULL, NULL, NULL),
(215, 77, 10, 2023, 0, NULL, NULL, NULL, NULL),
(216, 78, 10, 2023, 0, NULL, NULL, NULL, NULL),
(217, 79, 10, 2023, 0, NULL, NULL, NULL, NULL),
(218, 80, 10, 2023, 0, NULL, NULL, NULL, NULL),
(219, 81, 10, 2023, 0, NULL, NULL, NULL, NULL),
(220, 82, 10, 2023, 0, NULL, NULL, NULL, NULL),
(221, 83, 10, 2023, 0, NULL, NULL, NULL, NULL),
(222, 84, 10, 2023, 0, NULL, NULL, NULL, NULL),
(223, 86, 10, 2023, 0, NULL, NULL, NULL, NULL),
(224, 85, 10, 2023, 0, NULL, NULL, NULL, NULL),
(225, 91, 1, 2023, 0, NULL, NULL, NULL, NULL),
(226, 91, 2, 2023, 0, NULL, NULL, NULL, NULL),
(227, 91, 3, 2023, 0, NULL, NULL, NULL, NULL),
(228, 91, 4, 2023, 0, NULL, NULL, NULL, NULL),
(229, 91, 7, 2023, 0, NULL, NULL, NULL, NULL),
(230, 91, 8, 2023, 0, NULL, NULL, NULL, NULL),
(231, 91, 9, 2023, 0, NULL, NULL, NULL, NULL),
(232, 91, 10, 2023, 0, NULL, NULL, NULL, NULL),
(233, 91, 11, 2023, 0, NULL, NULL, NULL, NULL),
(237, 81, 11, 2023, 0, NULL, NULL, NULL, NULL),
(238, 82, 11, 2023, 0, NULL, NULL, NULL, NULL),
(239, 84, 11, 2023, 0, NULL, NULL, NULL, NULL),
(240, 86, 11, 2023, 0, NULL, NULL, NULL, NULL),
(241, 90, 11, 2023, 0, NULL, NULL, NULL, NULL),
(242, 80, 11, 2023, 0, NULL, NULL, NULL, NULL),
(243, 83, 11, 2023, 0, NULL, NULL, NULL, NULL),
(244, 85, 11, 2023, 0, NULL, NULL, NULL, NULL),
(245, 91, 11, 2023, 0, NULL, NULL, NULL, NULL),
(246, 77, 11, 2023, 0, NULL, NULL, NULL, NULL),
(247, 78, 11, 2023, 0, NULL, NULL, NULL, NULL),
(248, 79, 11, 2023, 0, NULL, NULL, NULL, NULL),
(249, 77, 11, 2020, 0, NULL, NULL, NULL, NULL),
(250, 77, 11, 2023, 0, NULL, NULL, NULL, NULL),
(251, 77, 10, 2023, 0, NULL, NULL, NULL, NULL),
(253, 77, 11, 2023, 0, NULL, NULL, NULL, NULL),
(254, 77, 12, 2023, 0, NULL, NULL, NULL, NULL),
(255, 78, 12, 2023, 0, NULL, NULL, NULL, NULL),
(256, 79, 12, 2023, 0, NULL, NULL, NULL, NULL),
(257, 80, 12, 2023, 0, NULL, NULL, NULL, NULL),
(258, 81, 12, 2023, 0, NULL, NULL, NULL, NULL),
(259, 82, 12, 2023, 0, NULL, NULL, NULL, NULL),
(260, 83, 12, 2023, 0, NULL, NULL, NULL, NULL),
(261, 84, 12, 2023, 0, NULL, NULL, NULL, NULL),
(262, 85, 12, 2023, 0, NULL, NULL, NULL, NULL),
(263, 86, 12, 2023, 0, NULL, NULL, NULL, NULL),
(264, 90, 12, 2023, 0, NULL, NULL, NULL, NULL),
(265, 91, 12, 2023, 0, NULL, NULL, NULL, NULL),
(266, 77, 1, 2024, 0, NULL, NULL, NULL, NULL),
(267, 78, 1, 2024, 0, NULL, NULL, NULL, NULL),
(268, 79, 1, 2024, 0, NULL, NULL, NULL, NULL),
(269, 80, 1, 2024, 0, NULL, NULL, NULL, NULL),
(270, 81, 1, 2024, 0, NULL, NULL, NULL, NULL),
(271, 82, 1, 2024, 0, NULL, NULL, NULL, NULL),
(272, 83, 1, 2024, 0, NULL, NULL, NULL, NULL),
(273, 84, 1, 2024, 0, NULL, NULL, NULL, NULL),
(274, 85, 1, 2024, 0, NULL, NULL, NULL, NULL),
(275, 86, 1, 2024, 0, NULL, NULL, NULL, NULL),
(276, 90, 1, 2024, 0, NULL, NULL, NULL, NULL),
(277, 91, 1, 2024, 0, NULL, NULL, NULL, NULL);

-- --------------------------------------------------------

--
-- Table structure for table `oi_dashboard_child`
--

DROP TABLE IF EXISTS `oi_dashboard_child`;
CREATE TABLE IF NOT EXISTS `oi_dashboard_child` (
  `id` int NOT NULL,
  `oi_dashboard_id` int DEFAULT NULL,
  `oi_name` varchar(255) DEFAULT NULL,
  `oi_desc` varchar(255) DEFAULT NULL
) ENGINE=InnoDB AUTO_INCREMENT=280 DEFAULT CHARSET=utf8mb4 COLLATE=utf8mb4_0900_ai_ci;

--
-- Dumping data for table `oi_dashboard_child`
--

INSERT INTO `oi_dashboard_child` (`id`, `oi_dashboard_id`, `oi_name`, `oi_desc`) VALUES
(100, 98, '', ''),
(101, 99, '', ''),
(102, 100, '', ''),
(103, 101, '', ''),
(104, 102, '', ''),
(105, 103, '', ''),
(106, 104, '', ''),
(107, 105, '', ''),
(108, 106, '', ''),
(109, 107, '', ''),
(110, 108, '', ''),
(111, 109, '', ''),
(112, 110, '', ''),
(113, 111, '', ''),
(114, 112, '', ''),
(115, 113, '', ''),
(116, 114, '', ''),
(117, 115, '', ''),
(118, 116, '', ''),
(119, 117, '', ''),
(120, 118, '', ''),
(121, 119, '', ''),
(122, 120, '', ''),
(123, 121, '', ''),
(124, 122, '', ''),
(125, 123, '', ''),
(126, 124, '', ''),
(127, 125, '', ''),
(128, 126, 'MTNA', 'MTNA'),
(129, 127, 'NA', 'NA'),
(130, 128, 'NA', 'NA'),
(131, 129, 'NA', 'NA'),
(132, 130, 'NA', 'NA'),
(133, 131, 'NA', 'NA'),
(134, 132, '', ''),
(135, 133, 'NA', 'NA'),
(136, 134, '', ''),
(137, 135, 'NA', 'NA'),
(138, 136, 'NA', 'NA'),
(139, 137, '', ''),
(140, 138, 'NA', 'NA'),
(141, 139, '', ''),
(142, 140, 'NA', 'NA'),
(143, 141, '', ''),
(144, 142, '', ''),
(145, 143, '', ''),
(146, 144, '', ''),
(147, 145, '', ''),
(148, 146, '', ''),
(149, 147, '', ''),
(150, 148, 'NA', 'NA'),
(151, 149, 'NA', 'NA'),
(152, 150, '', ''),
(153, 151, 'NA', 'NA'),
(154, 152, 'NA', 'NA'),
(155, 153, 'NA', 'NA'),
(156, 154, 'NA', 'NA'),
(157, 155, 'NA', 'NA'),
(158, 156, 'NA', 'NA'),
(159, 157, 'NA', 'NA'),
(160, 158, 'NA', 'NA'),
(161, 159, 'NA', 'NA'),
(162, 160, 'NA', 'NA'),
(163, 161, 'NA', 'NA'),
(164, 162, 'NA', 'NA'),
(165, 163, 'NA', 'NA'),
(166, 164, 'NA', 'NA'),
(167, 165, 'NA', 'NA'),
(168, 166, 'NA', 'NA'),
(169, 167, 'NA', 'NA'),
(170, 168, 'NA', 'NA'),
(171, 169, 'NA', 'NA'),
(172, 170, 'NA', 'NA'),
(173, 171, 'NA', 'NA'),
(174, 172, 'NA', 'NA'),
(175, 173, 'NA', 'NA'),
(176, 174, 'NA', 'NA'),
(177, 175, 'NA', 'NA'),
(178, 176, 'NA', 'NA'),
(179, 177, 'NA', 'NA'),
(180, 178, 'NA', 'NA'),
(181, 179, 'NA', 'NA'),
(182, 180, 'NA', 'NA'),
(183, 181, 'NA', 'NA'),
(184, 182, 'NA', 'NA'),
(185, 183, 'NA', 'NA'),
(186, 184, 'NA', 'NA'),
(187, 185, 'NA', 'NA'),
(188, 186, 'NA', 'NA'),
(189, 187, 'NA', 'NA'),
(190, 188, 'NA', 'NA'),
(191, 189, 'NA', 'NA'),
(192, 190, 'NA', 'NA'),
(193, 191, 'NA', 'NA'),
(194, 192, 'NA', 'NA'),
(195, 193, 'NA', 'NA'),
(196, 194, 'NA', 'NA'),
(197, 195, 'NA', 'NA'),
(198, 196, 'NA', 'NA'),
(199, 197, 'NA', 'NA'),
(200, 198, 'NA', 'NA'),
(201, 199, 'NA', 'NA'),
(202, 200, 'NA', 'NA'),
(203, 201, 'NA', 'NA'),
(204, 202, 'NA', 'NA'),
(205, 203, 'NA', 'NA'),
(206, 204, 'NA', 'NA'),
(207, 205, 'NA', 'NA'),
(208, 206, 'NA', 'NA'),
(209, 207, 'NA', 'NA'),
(210, 208, 'NA', 'NA'),
(211, 209, 'NA', 'NA'),
(212, 210, 'NA', 'NA'),
(213, 211, 'NA', 'NA'),
(214, 212, 'NA', 'NA'),
(215, 213, 'NA', 'NA'),
(216, 214, 'NA', 'NA'),
(217, 215, 'NA', 'NA'),
(218, 216, 'NA', 'NA'),
(219, 217, 'NA', 'NA'),
(220, 218, 'NA', 'NA'),
(221, 219, 'NA', 'NA'),
(222, 220, 'NA', 'NA'),
(223, 221, 'NA', 'NA'),
(224, 222, 'NA', 'NA'),
(225, 223, 'NA', 'NA'),
(226, 224, 'NA', 'NA'),
(227, 225, 'NA', 'NA'),
(228, 226, 'NA', 'NA'),
(229, 227, 'NA', 'NA'),
(230, 228, 'NA', 'NA'),
(231, 229, 'NA', 'NA'),
(232, 230, 'NA', 'NA'),
(233, 231, 'NA', 'NA'),
(234, 232, 'NA', 'NA'),
(235, 233, 'NA', 'NA'),
(236, 234, 'NA', 'NA'),
(237, 235, 'NA', ''),
(238, 236, 'NA', 'NA'),
(239, 237, 'NA', 'NA'),
(240, 238, 'NA', 'NA'),
(241, 239, 'NA', 'NA'),
(242, 240, 'NA', 'NA'),
(243, 241, 'NA', 'NA'),
(244, 242, 'NA', 'NA'),
(245, 243, 'NA', 'NA'),
(246, 244, 'NA', 'NA'),
(247, 245, 'NA', 'NA'),
(248, 246, 'NA', 'NA'),
(249, 247, 'NA', 'NA'),
(250, 248, 'NA', 'NA'),
(251, 249, '0', ''),
(252, 250, '0', '0'),
(253, 251, 'NA', 'NA'),
(254, 252, '1', '1'),
(255, 253, 'NA', 'NA'),
(256, 254, 'NA', 'NA'),
(257, 255, 'NA', 'NA'),
(258, 256, 'NA', 'NA'),
(259, 257, 'NA', 'NA'),
(260, 258, 'NA', 'NA'),
(261, 259, 'NA', 'NA'),
(262, 260, 'NA', 'NA'),
(263, 261, 'NA', 'NA'),
(264, 262, 'NA', 'NA'),
(265, 263, 'NA', 'NA'),
(266, 264, 'NA', 'NA'),
(267, 265, 'NA', 'NA'),
(268, 266, 'NA', 'NA'),
(269, 267, 'NA', 'NA'),
(270, 268, 'NA', 'NA'),
(271, 269, 'NA', 'NA'),
(272, 270, 'NA', 'NA'),
(273, 271, 'NA', 'NA'),
(274, 272, 'NA', 'NA'),
(275, 273, 'NA', 'NA'),
(276, 274, 'NA', 'NA'),
(277, 275, 'NA', 'NA'),
(278, 276, 'NA', 'NA'),
(279, 277, 'NA', 'NA');

-- --------------------------------------------------------

--
-- Table structure for table `oi_dashboard_master`
--

DROP TABLE IF EXISTS `oi_dashboard_master`;
CREATE TABLE IF NOT EXISTS `oi_dashboard_master` (
  `id` int NOT NULL,
  `opcos_list_id` varchar(45) NOT NULL,
  `month_number` int NOT NULL,
  `year` int NOT NULL,
  `oi_count` int NOT NULL,
  `add1` varchar(45) DEFAULT NULL,
  `add2` varchar(45) DEFAULT NULL,
  `add3` varchar(45) DEFAULT NULL,
  `add4` varchar(45) DEFAULT NULL
) ENGINE=InnoDB AUTO_INCREMENT=278 DEFAULT CHARSET=utf8mb4 COLLATE=utf8mb4_0900_ai_ci;

--
-- Dumping data for table `oi_dashboard_master`
--

INSERT INTO `oi_dashboard_master` (`id`, `opcos_list_id`, `month_number`, `year`, `oi_count`, `add1`, `add2`, `add3`, `add4`) VALUES
(98, '76', 5, 2023, 1, NULL, NULL, NULL, NULL),
(99, '77', 5, 2023, 0, NULL, NULL, NULL, NULL),
(100, '78', 5, 2023, 0, NULL, NULL, NULL, NULL),
(101, '79', 5, 2023, 0, NULL, NULL, NULL, NULL),
(102, '80', 5, 2023, 0, NULL, NULL, NULL, NULL),
(103, '81', 5, 2023, 0, NULL, NULL, NULL, NULL),
(104, '82', 5, 2023, 0, NULL, NULL, NULL, NULL),
(105, '83', 5, 2023, 0, NULL, NULL, NULL, NULL),
(106, '85', 5, 2023, 0, NULL, NULL, NULL, NULL),
(107, '91', 5, 2023, 0, NULL, NULL, NULL, NULL),
(109, '76', 6, 2023, 0, NULL, NULL, NULL, NULL),
(110, '80', 6, 2023, 0, NULL, NULL, NULL, NULL),
(111, '83', 6, 2023, 0, NULL, NULL, NULL, NULL),
(112, '84', 6, 2023, 0, NULL, NULL, NULL, NULL),
(113, '90', 5, 2023, 0, NULL, NULL, NULL, NULL),
(114, '78', 6, 2023, 0, NULL, NULL, NULL, NULL),
(115, '82', 6, 2023, 0, NULL, NULL, NULL, NULL),
(116, '86', 6, 2023, 0, NULL, NULL, NULL, NULL),
(117, '85', 6, 2023, 0, NULL, NULL, NULL, NULL),
(118, '79', 6, 2023, 0, NULL, NULL, NULL, NULL),
(119, '77', 6, 2023, 0, NULL, NULL, NULL, NULL),
(120, '81', 6, 2023, 0, NULL, NULL, NULL, NULL),
(121, '90', 6, 2023, 0, NULL, NULL, NULL, NULL),
(122, '91', 6, 2023, 0, NULL, NULL, NULL, NULL),
(125, '76', 7, 2023, 0, NULL, NULL, NULL, NULL),
(126, '76', 1, 2023, 1, NULL, NULL, NULL, NULL),
(127, '77', 1, 2023, 0, NULL, NULL, NULL, NULL),
(128, '78', 1, 2023, 1, NULL, NULL, NULL, NULL),
(129, '79', 1, 2023, 1, NULL, NULL, NULL, NULL),
(130, '80', 1, 2023, 1, NULL, NULL, NULL, NULL),
(131, '81', 1, 2023, 1, NULL, NULL, NULL, NULL),
(132, '76', 2, 2023, 0, NULL, NULL, NULL, NULL),
(133, '82', 1, 2023, 1, NULL, NULL, NULL, NULL),
(134, '77', 2, 2023, 0, NULL, NULL, NULL, NULL),
(135, '83', 1, 2023, 1, NULL, NULL, NULL, NULL),
(136, '84', 1, 2023, 1, NULL, NULL, NULL, NULL),
(137, '78', 2, 2023, 0, NULL, NULL, NULL, NULL),
(138, '85', 1, 2023, 1, NULL, NULL, NULL, NULL),
(139, '79', 2, 2023, 0, NULL, NULL, NULL, NULL),
(140, '86', 1, 2023, 1, NULL, NULL, NULL, NULL),
(141, '80', 2, 2023, 0, NULL, NULL, NULL, NULL),
(142, '81', 2, 2023, 0, NULL, NULL, NULL, NULL),
(143, '82', 2, 2023, 0, NULL, NULL, NULL, NULL),
(144, '83', 2, 2023, 0, NULL, NULL, NULL, NULL),
(145, '84', 2, 2023, 0, NULL, NULL, NULL, NULL),
(146, '85', 2, 2023, 0, NULL, NULL, NULL, NULL),
(147, '86', 2, 2023, 0, NULL, NULL, NULL, NULL),
(148, '76', 7, 2023, 1, NULL, NULL, NULL, NULL),
(149, '76', 7, 2023, 1, NULL, NULL, NULL, NULL),
(150, '90', 2, 2023, 0, NULL, NULL, NULL, NULL),
(151, '76', 3, 2023, 1, NULL, NULL, NULL, NULL),
(152, '77', 3, 2023, 0, NULL, NULL, NULL, NULL),
(153, '78', 3, 2023, 0, NULL, NULL, NULL, NULL),
(154, '79', 3, 2023, 0, NULL, NULL, NULL, NULL),
(155, '80', 3, 2023, 0, NULL, NULL, NULL, NULL),
(156, '81', 3, 2023, 0, NULL, NULL, NULL, NULL),
(157, '82', 3, 2023, 0, NULL, NULL, NULL, NULL),
(158, '83', 3, 2023, 0, NULL, NULL, NULL, NULL),
(159, '84', 3, 2023, 0, NULL, NULL, NULL, NULL),
(160, '85', 3, 2023, 0, NULL, NULL, NULL, NULL),
(161, '86', 3, 2023, 0, NULL, NULL, NULL, NULL),
(162, '76', 4, 2023, 0, NULL, NULL, NULL, NULL),
(163, '77', 4, 2023, 0, NULL, NULL, NULL, NULL),
(164, '78', 4, 2023, 0, NULL, NULL, NULL, NULL),
(165, '79', 4, 2023, 0, NULL, NULL, NULL, NULL),
(166, '80', 4, 2023, 0, NULL, NULL, NULL, NULL),
(167, '81', 4, 2023, 0, NULL, NULL, NULL, NULL),
(168, '82', 4, 2023, 0, NULL, NULL, NULL, NULL),
(169, '83', 4, 2023, 0, NULL, NULL, NULL, NULL),
(170, '84', 4, 2023, 0, NULL, NULL, NULL, NULL),
(171, '85', 4, 2023, 0, NULL, NULL, NULL, NULL),
(172, '86', 4, 2023, 0, NULL, NULL, NULL, NULL),
(173, '76', 7, 2023, 0, NULL, NULL, NULL, NULL),
(174, '76', 7, 2023, 0, NULL, NULL, NULL, NULL),
(175, '86', 7, 2023, 0, NULL, NULL, NULL, NULL),
(176, '85', 7, 2023, 0, NULL, NULL, NULL, NULL),
(177, '76', 7, 2023, 0, NULL, NULL, NULL, NULL),
(178, '76', 7, 2023, 0, NULL, NULL, NULL, NULL),
(179, '77', 7, 2023, 0, NULL, NULL, NULL, NULL),
(180, '84', 7, 2023, 0, NULL, NULL, NULL, NULL),
(181, '83', 7, 2023, 0, NULL, NULL, NULL, NULL),
(182, '82', 7, 2023, 0, NULL, NULL, NULL, NULL),
(183, '81', 7, 2023, 0, NULL, NULL, NULL, NULL),
(184, '80', 7, 2023, 0, NULL, NULL, NULL, NULL),
(185, '79', 7, 2023, 0, NULL, NULL, NULL, NULL),
(186, '78', 7, 2023, 0, NULL, NULL, NULL, NULL),
(187, '76', 8, 2023, 0, NULL, NULL, NULL, NULL),
(188, '77', 8, 2023, 0, NULL, NULL, NULL, NULL),
(189, '78', 8, 2023, 0, NULL, NULL, NULL, NULL),
(190, '79', 9, 2023, 0, NULL, NULL, NULL, NULL),
(191, '80', 8, 2023, 0, NULL, NULL, NULL, NULL),
(192, '81', 8, 2023, 0, NULL, NULL, NULL, NULL),
(193, '86', 8, 2023, 0, NULL, NULL, NULL, NULL),
(194, '85', 8, 2023, 0, NULL, NULL, NULL, NULL),
(195, '84', 8, 2023, 0, NULL, NULL, NULL, NULL),
(196, '83', 8, 2023, 0, NULL, NULL, NULL, NULL),
(197, '76', 9, 2023, 0, NULL, NULL, NULL, NULL),
(198, '77', 9, 2023, 0, NULL, NULL, NULL, NULL),
(199, '78', 9, 2023, 0, NULL, NULL, NULL, NULL),
(200, '79', 9, 2023, 0, NULL, NULL, NULL, NULL),
(201, '79', 9, 2023, 0, NULL, NULL, NULL, NULL),
(202, '79', 9, 2023, 0, NULL, NULL, NULL, NULL),
(203, '80', 9, 2023, 0, NULL, NULL, NULL, NULL),
(204, '80', 9, 2023, 0, NULL, NULL, NULL, NULL),
(205, '81', 9, 2023, 0, NULL, NULL, NULL, NULL),
(206, '82', 8, 2023, 0, NULL, NULL, NULL, NULL),
(207, '79', 8, 2023, 0, NULL, NULL, NULL, NULL),
(208, '81', 9, 2023, 0, NULL, NULL, NULL, NULL),
(209, '82', 9, 2023, 0, NULL, NULL, NULL, NULL),
(210, '83', 9, 2023, 0, NULL, NULL, NULL, NULL),
(211, '84', 9, 2023, 0, NULL, NULL, NULL, NULL),
(212, '85', 9, 2023, 0, NULL, NULL, NULL, NULL),
(213, '86', 9, 2023, 0, NULL, NULL, NULL, NULL),
(214, '76', 10, 2023, 0, NULL, NULL, NULL, NULL),
(215, '77', 10, 2023, 0, NULL, NULL, NULL, NULL),
(216, '78', 10, 2023, 0, NULL, NULL, NULL, NULL),
(217, '79', 10, 2023, 0, NULL, NULL, NULL, NULL),
(218, '80', 10, 2023, 0, NULL, NULL, NULL, NULL),
(219, '81', 10, 2023, 0, NULL, NULL, NULL, NULL),
(220, '82', 10, 2023, 0, NULL, NULL, NULL, NULL),
(221, '83', 10, 2023, 0, NULL, NULL, NULL, NULL),
(222, '84', 10, 2023, 0, NULL, NULL, NULL, NULL),
(223, '86', 10, 2023, 0, NULL, NULL, NULL, NULL),
(224, '85', 10, 2023, 0, NULL, NULL, NULL, NULL),
(225, '91', 1, 2023, 0, NULL, NULL, NULL, NULL),
(226, '91', 2, 2023, 0, NULL, NULL, NULL, NULL),
(227, '91', 3, 2023, 0, NULL, NULL, NULL, NULL),
(228, '91', 4, 2023, 0, NULL, NULL, NULL, NULL),
(229, '91', 7, 2023, 0, NULL, NULL, NULL, NULL),
(230, '91', 8, 2023, 0, NULL, NULL, NULL, NULL),
(231, '91', 9, 2023, 0, NULL, NULL, NULL, NULL),
(232, '91', 10, 2023, 0, NULL, NULL, NULL, NULL),
(233, '91', 11, 2023, 0, NULL, NULL, NULL, NULL),
(237, '81', 11, 2023, 0, NULL, NULL, NULL, NULL),
(238, '82', 11, 2023, 0, NULL, NULL, NULL, NULL),
(239, '84', 11, 2023, 0, NULL, NULL, NULL, NULL),
(240, '86', 11, 2023, 0, NULL, NULL, NULL, NULL),
(241, '90', 11, 2023, 0, NULL, NULL, NULL, NULL),
(242, '80', 11, 2023, 0, NULL, NULL, NULL, NULL),
(243, '83', 11, 2023, 0, NULL, NULL, NULL, NULL),
(244, '85', 11, 2023, 0, NULL, NULL, NULL, NULL),
(245, '91', 11, 2023, 0, NULL, NULL, NULL, NULL),
(246, '77', 11, 2023, 0, NULL, NULL, NULL, NULL),
(247, '78', 11, 2023, 0, NULL, NULL, NULL, NULL),
(248, '79', 11, 2023, 0, NULL, NULL, NULL, NULL),
(249, '77', 11, 2020, 0, NULL, NULL, NULL, NULL),
(250, '77', 11, 2023, 0, NULL, NULL, NULL, NULL),
(251, '77', 10, 2023, 0, NULL, NULL, NULL, NULL),
(252, '78', 11, 2023, 1, NULL, NULL, NULL, NULL),
(253, '77', 11, 2023, 0, NULL, NULL, NULL, NULL),
(254, '77', 12, 2023, 0, NULL, NULL, NULL, NULL),
(255, '78', 12, 2023, 0, NULL, NULL, NULL, NULL),
(256, '79', 12, 2023, 0, NULL, NULL, NULL, NULL),
(257, '80', 12, 2023, 0, NULL, NULL, NULL, NULL),
(258, '81', 12, 2023, 0, NULL, NULL, NULL, NULL),
(259, '82', 12, 2023, 0, NULL, NULL, NULL, NULL),
(260, '83', 12, 2023, 0, NULL, NULL, NULL, NULL),
(261, '84', 12, 2023, 0, NULL, NULL, NULL, NULL),
(262, '85', 12, 2023, 0, NULL, NULL, NULL, NULL),
(263, '86', 12, 2023, 0, NULL, NULL, NULL, NULL),
(264, '90', 12, 2023, 0, NULL, NULL, NULL, NULL),
(265, '91', 12, 2023, 0, NULL, NULL, NULL, NULL),
(266, '77', 1, 2024, 0, NULL, NULL, NULL, NULL),
(267, '78', 1, 2024, 0, NULL, NULL, NULL, NULL),
(268, '79', 1, 2024, 0, NULL, NULL, NULL, NULL),
(269, '80', 1, 2024, 0, NULL, NULL, NULL, NULL),
(270, '81', 1, 2024, 0, NULL, NULL, NULL, NULL),
(271, '82', 1, 2024, 0, NULL, NULL, NULL, NULL),
(272, '83', 1, 2024, 0, NULL, NULL, NULL, NULL),
(273, '84', 1, 2024, 0, NULL, NULL, NULL, NULL),
(274, '85', 1, 2024, 0, NULL, NULL, NULL, NULL),
(275, '86', 1, 2024, 0, NULL, NULL, NULL, NULL),
(276, '90', 1, 2024, 0, NULL, NULL, NULL, NULL),
(277, '91', 1, 2024, 0, NULL, NULL, NULL, NULL);

-- --------------------------------------------------------

--
-- Table structure for table `ongoing_escalations`
--

DROP TABLE IF EXISTS `ongoing_escalations`;
CREATE TABLE IF NOT EXISTS `ongoing_escalations` (
  `id` int NOT NULL,
  `opcos_list_id` int NOT NULL,
  `month_number` int NOT NULL,
  `year` int NOT NULL,
  `escalation_value` varchar(45) NOT NULL,
  `escalation_details` varchar(255) NOT NULL,
  `escalation_status` varchar(45) NOT NULL,
  `add1` varchar(45) DEFAULT NULL,
  `add2` varchar(45) DEFAULT NULL,
  `add3` varchar(45) DEFAULT NULL,
  `add4` varchar(45) DEFAULT NULL
) ENGINE=InnoDB AUTO_INCREMENT=2 DEFAULT CHARSET=utf8mb4 COLLATE=utf8mb4_0900_ai_ci;

--
-- Dumping data for table `ongoing_escalations`
--

INSERT INTO `ongoing_escalations` (`id`, `opcos_list_id`, `month_number`, `year`, `escalation_value`, `escalation_details`, `escalation_status`, `add1`, `add2`, `add3`, `add4`) VALUES
(1, 0, 5, 2022, '', '', '', NULL, NULL, NULL, NULL);

-- --------------------------------------------------------

--
-- Table structure for table `opcos_list`
--

DROP TABLE IF EXISTS `opcos_list`;
CREATE TABLE IF NOT EXISTS `opcos_list` (
  `id` int NOT NULL,
  `opco_name` varchar(255) DEFAULT NULL,
  `opco_shortname` varchar(255) DEFAULT NULL,
  `opco_code` varchar(255) DEFAULT NULL,
  `opco_type` varchar(55) DEFAULT NULL,
  `opco_contract_type` varchar(45) DEFAULT NULL,
  `region` varchar(45) DEFAULT NULL,
  `add1` varchar(45) DEFAULT NULL,
  `add2` varchar(45) DEFAULT NULL,
  `add3` varchar(45) DEFAULT NULL
) ENGINE=InnoDB AUTO_INCREMENT=762 DEFAULT CHARSET=utf8mb4 COLLATE=utf8mb4_0900_ai_ci;

--
-- Dumping data for table `opcos_list`
--

INSERT INTO `opcos_list` (`id`, `opco_name`, `opco_shortname`, `opco_code`, `opco_type`, `opco_contract_type`, `region`, `add1`, `add2`, `add3`) VALUES
(77, 'MTN Benin', 'MTNB', '229', 'DIGITAL', 'MSO', 'West and Central Africa', 'MTN', NULL, NULL),
(78, 'MTN Cameroon', 'MTNC', '237', 'LEGACY', 'MSO', 'Middle East and North Africa', 'MTN', NULL, NULL),
(79, 'MTN Congo Brazzaville', 'MTNCB', '243', 'LEGACY', 'MSO', 'West and Central Africa', 'MTN', NULL, NULL),
(80, 'MTN Ghana', 'MTNG', '233', 'DIGITAL', 'MSO', 'Middle East and North Africa', 'MTN', NULL, NULL),
(81, 'MTN Guinea Conakry', 'MTNGC', '224', 'LEGACY', 'MSO', 'West and Central Africa', 'MTN', NULL, NULL),
(82, 'MTN Ivory Coast', 'MTNCI', '225', 'DIGITAL', 'MSO', 'West and Central Africa', 'MTN', NULL, NULL),
(83, 'MTN Nigeria', 'MTNN', '234', 'DIGITAL', 'MSO', 'Middle East and North Africa', 'MTN', NULL, NULL),
(84, 'MTN Eswatini', 'MTNS', '268', 'DIGITAL', 'MSO', 'SEA', 'MTN', NULL, NULL),
(85, 'MTN Uganda', 'MTNU', '256', 'DIGITAL', 'MSO', 'SEA', 'MTN', NULL, NULL),
(86, 'MTN Zambia', 'MTNZ', '260', 'DIGITAL', 'MSO', 'SEA', 'MTN', NULL, NULL),
(87, 'MTN South Sudan', 'MTNSS', '211', 'DIGITAL', 'AMC', 'Middle East and North Africa', 'MTN', NULL, NULL),
(88, 'MTN Yemen', 'MTNY', '967', 'LEGACY', 'AMC', 'Middle East and North Africa', 'MTN', NULL, NULL),
(89, 'Telikom PNG', 'Telikom PNG', '675', 'LEGACY', 'AMC', 'Asia Pacific', 'NON-MTN', NULL, NULL),
(90, 'Mauritius Telecom', 'MT', '230', 'LEGACY', 'MSO', 'West and Central Africa', 'NON-MTN', NULL, NULL),
(91, 'STC Kuwait', 'STCK', '965', 'DIGITAL', 'MSO', 'Middle East and North Africa', 'MTN', NULL, NULL),
(761, 'MTN Afghanistan', 'MTNA', '93', 'LEGACY', 'MSO', 'Middle East and North Africa', 'MTN', NULL, NULL);

-- --------------------------------------------------------

--
-- Table structure for table `repeat_ticket_details`
--

DROP TABLE IF EXISTS `repeat_ticket_details`;
CREATE TABLE IF NOT EXISTS `repeat_ticket_details` (
  `id` int NOT NULL,
  `opcos_list_id` varchar(45) NOT NULL,
  `month_number` int NOT NULL,
  `year` int NOT NULL,
  `incident_name` varchar(255) DEFAULT NULL,
  `incident_desc` varchar(255) DEFAULT NULL,
  `incident_resolution` varchar(255) DEFAULT NULL,
  `add1` varchar(45) DEFAULT NULL,
  `add2` varchar(45) DEFAULT NULL,
  `add3` varchar(45) DEFAULT NULL,
  `add4` varchar(45) DEFAULT NULL,
  `add5` varchar(45) DEFAULT NULL
) ENGINE=InnoDB AUTO_INCREMENT=281 DEFAULT CHARSET=utf8mb4 COLLATE=utf8mb4_0900_ai_ci;

--
-- Dumping data for table `repeat_ticket_details`
--

INSERT INTO `repeat_ticket_details` (`id`, `opcos_list_id`, `month_number`, `year`, `incident_name`, `incident_desc`, `incident_resolution`, `add1`, `add2`, `add3`, `add4`, `add5`) VALUES
(100, '76', 5, 2023, '', '', '', NULL, NULL, NULL, NULL, NULL),
(101, '77', 5, 2023, '', '', '', NULL, NULL, NULL, NULL, NULL),
(102, '78', 5, 2023, '', '', '', NULL, NULL, NULL, NULL, NULL),
(103, '79', 5, 2023, '', '', '', NULL, NULL, NULL, NULL, NULL),
(104, '80', 5, 2023, '', '', '', NULL, NULL, NULL, NULL, NULL),
(105, '81', 5, 2023, '', '', '', NULL, NULL, NULL, NULL, NULL),
(106, '82', 5, 2023, '', '', '', NULL, NULL, NULL, NULL, NULL),
(107, '83', 5, 2023, '', '', '', NULL, NULL, NULL, NULL, NULL),
(108, '85', 5, 2023, '', '', '', NULL, NULL, NULL, NULL, NULL),
(109, '91', 5, 2023, '', '', '', NULL, NULL, NULL, NULL, NULL),
(112, '76', 6, 2023, '', '', '', NULL, NULL, NULL, NULL, NULL),
(113, '80', 6, 2023, '', '', '', NULL, NULL, NULL, NULL, NULL),
(114, '83', 6, 2023, '', '', '', NULL, NULL, NULL, NULL, NULL),
(115, '84', 6, 2023, '', '', '', NULL, NULL, NULL, NULL, NULL),
(116, '90', 5, 2023, '', '', '', NULL, NULL, NULL, NULL, NULL),
(117, '78', 6, 2023, '', '', '', NULL, NULL, NULL, NULL, NULL),
(118, '82', 6, 2023, '', '', '', NULL, NULL, NULL, NULL, NULL),
(119, '86', 6, 2023, '', '', '', NULL, NULL, NULL, NULL, NULL),
(120, '85', 6, 2023, '', '', '', NULL, NULL, NULL, NULL, NULL),
(121, '79', 6, 2023, '', '', '', NULL, NULL, NULL, NULL, NULL),
(122, '77', 6, 2023, '', '', '', NULL, NULL, NULL, NULL, NULL),
(123, '81', 6, 2023, '', '', '', NULL, NULL, NULL, NULL, NULL),
(124, '90', 6, 2023, '', '', '', NULL, NULL, NULL, NULL, NULL),
(125, '91', 6, 2023, '', '', '', NULL, NULL, NULL, NULL, NULL),
(127, '76', 7, 2023, '', '', '', NULL, NULL, NULL, NULL, NULL),
(128, '76', 7, 2023, '', '', '', NULL, NULL, NULL, NULL, NULL),
(129, '76', 1, 2023, 'MTNA', 'MTNA', 'MTNA', NULL, NULL, NULL, NULL, NULL),
(130, '77', 1, 2023, 'NA', 'NA', 'NA', NULL, NULL, NULL, NULL, NULL),
(131, '78', 1, 2023, 'NA', 'NA', 'NA', NULL, NULL, NULL, NULL, NULL),
(132, '79', 1, 2023, 'NA', 'NA', 'NA', NULL, NULL, NULL, NULL, NULL),
(133, '80', 1, 2023, '', '', '', NULL, NULL, NULL, NULL, NULL),
(134, '81', 1, 2023, 'NA', 'NA', 'NA', NULL, NULL, NULL, NULL, NULL),
(135, '76', 2, 2023, '', '', '', NULL, NULL, NULL, NULL, NULL),
(136, '82', 1, 2023, 'NA', 'NA', 'NA', NULL, NULL, NULL, NULL, NULL),
(137, '77', 2, 2023, '', '', '', NULL, NULL, NULL, NULL, NULL),
(138, '83', 1, 2023, 'NA', 'NA', 'NA', NULL, NULL, NULL, NULL, NULL),
(139, '84', 1, 2023, 'NA', 'NA', 'NA', NULL, NULL, NULL, NULL, NULL),
(140, '78', 2, 2023, '', '', '', NULL, NULL, NULL, NULL, NULL),
(141, '85', 1, 2023, 'NA', 'NA', 'NA', NULL, NULL, NULL, NULL, NULL),
(142, '79', 2, 2023, '', '', '', NULL, NULL, NULL, NULL, NULL),
(143, '86', 1, 2023, 'NA', 'NA', 'NA', NULL, NULL, NULL, NULL, NULL),
(144, '80', 2, 2023, '', '', '', NULL, NULL, NULL, NULL, NULL),
(145, '81', 2, 2023, '', '', '', NULL, NULL, NULL, NULL, NULL),
(146, '82', 2, 2023, '', '', '', NULL, NULL, NULL, NULL, NULL),
(147, '83', 2, 2023, '', '', '', NULL, NULL, NULL, NULL, NULL),
(148, '84', 2, 2023, '', '', '', NULL, NULL, NULL, NULL, NULL),
(149, '85', 2, 2023, '', '', '', NULL, NULL, NULL, NULL, NULL),
(150, '86', 2, 2023, '', '', '', NULL, NULL, NULL, NULL, NULL),
(151, '76', 7, 2023, 'NA', 'NA', 'NA', NULL, NULL, NULL, NULL, NULL),
(152, '76', 7, 2023, 'NA', 'NA', 'NA', NULL, NULL, NULL, NULL, NULL),
(153, '90', 2, 2023, '', '', '', NULL, NULL, NULL, NULL, NULL),
(154, '76', 3, 2023, 'NA', 'NA ', 'NA', NULL, NULL, NULL, NULL, NULL),
(155, '77', 3, 2023, 'NA', 'NA', 'NA', NULL, NULL, NULL, NULL, NULL),
(156, '78', 3, 2023, 'NA', 'NA', 'NA', NULL, NULL, NULL, NULL, NULL),
(157, '79', 3, 2023, 'NA', 'NA', 'NA', NULL, NULL, NULL, NULL, NULL),
(158, '80', 3, 2023, 'NA', 'NA', 'NA', NULL, NULL, NULL, NULL, NULL),
(159, '81', 3, 2023, 'NA', 'NA', 'NA', NULL, NULL, NULL, NULL, NULL),
(160, '82', 3, 2023, 'NA', 'NA', 'NA', NULL, NULL, NULL, NULL, NULL),
(161, '83', 3, 2023, 'NA', 'NA', 'NA', NULL, NULL, NULL, NULL, NULL),
(162, '84', 3, 2023, 'NA', 'NA', 'NA', NULL, NULL, NULL, NULL, NULL),
(163, '85', 3, 2023, 'NA', 'NA', 'NA', NULL, NULL, NULL, NULL, NULL),
(164, '86', 3, 2023, 'NA', 'NA', 'NA', NULL, NULL, NULL, NULL, NULL),
(165, '76', 4, 2023, 'NA', 'NA', 'NA', NULL, NULL, NULL, NULL, NULL),
(166, '77', 4, 2023, 'NA', 'NA', 'NA', NULL, NULL, NULL, NULL, NULL),
(167, '78', 4, 2023, 'NA', 'NA', 'NA', NULL, NULL, NULL, NULL, NULL),
(168, '79', 4, 2023, 'NA', 'NA', 'NA', NULL, NULL, NULL, NULL, NULL),
(169, '80', 4, 2023, 'NA', 'NA', 'NA', NULL, NULL, NULL, NULL, NULL),
(170, '81', 4, 2023, 'NA', 'NA', 'NA', NULL, NULL, NULL, NULL, NULL),
(171, '82', 4, 2023, 'NA', 'NA', 'NA', NULL, NULL, NULL, NULL, NULL),
(172, '83', 4, 2023, 'NA', 'NA', 'NA', NULL, NULL, NULL, NULL, NULL),
(173, '84', 4, 2023, 'NA', 'NA', 'NA', NULL, NULL, NULL, NULL, NULL),
(174, '85', 4, 2023, 'NA', 'NA', 'NA', NULL, NULL, NULL, NULL, NULL),
(175, '86', 4, 2023, 'NA', 'NA', 'NA', NULL, NULL, NULL, NULL, NULL),
(176, '76', 7, 2023, 'NA', 'NA', 'NA', NULL, NULL, NULL, NULL, NULL),
(177, '76', 7, 2023, 'NA', 'NA', 'NA', NULL, NULL, NULL, NULL, NULL),
(178, '86', 7, 2023, 'NA', 'NA', 'NA', NULL, NULL, NULL, NULL, NULL),
(179, '85', 7, 2023, 'NA', 'NA', 'NA', NULL, NULL, NULL, NULL, NULL),
(180, '76', 7, 2023, 'NA', 'NA', 'NA', NULL, NULL, NULL, NULL, NULL),
(181, '76', 7, 2023, 'NA', 'NA', 'NA', NULL, NULL, NULL, NULL, NULL),
(182, '77', 7, 2023, 'NA', 'NA', 'NA', NULL, NULL, NULL, NULL, NULL),
(183, '84', 7, 2023, 'NA', 'NA', 'NA', NULL, NULL, NULL, NULL, NULL),
(184, '83', 7, 2023, 'NA', 'NA', 'NA', NULL, NULL, NULL, NULL, NULL),
(185, '82', 7, 2023, 'NA', 'NA', 'NA', NULL, NULL, NULL, NULL, NULL),
(186, '81', 7, 2023, 'NA', 'NA', 'NA', NULL, NULL, NULL, NULL, NULL),
(187, '80', 7, 2023, 'NA', 'NA', 'NA', NULL, NULL, NULL, NULL, NULL),
(188, '79', 7, 2023, 'NA', 'NA', 'NA', NULL, NULL, NULL, NULL, NULL),
(189, '78', 7, 2023, 'NA', 'NA', 'NA', NULL, NULL, NULL, NULL, NULL),
(190, '76', 8, 2023, 'NA', 'NA', 'NA', NULL, NULL, NULL, NULL, NULL),
(191, '77', 8, 2023, 'NA', 'NA', 'NA', NULL, NULL, NULL, NULL, NULL),
(192, '78', 8, 2023, 'NA', 'NA', 'NA', NULL, NULL, NULL, NULL, NULL),
(193, '79', 9, 2023, 'NA', 'NA', 'NA', NULL, NULL, NULL, NULL, NULL),
(194, '80', 8, 2023, 'NA', 'NA', 'NA', NULL, NULL, NULL, NULL, NULL),
(195, '81', 8, 2023, 'NA', 'NA', 'NA', NULL, NULL, NULL, NULL, NULL),
(196, '86', 8, 2023, '', '', '', NULL, NULL, NULL, NULL, NULL),
(197, '85', 8, 2023, 'NA', 'NA', 'NA', NULL, NULL, NULL, NULL, NULL),
(198, '84', 8, 2023, 'NA', 'NA', 'NA', NULL, NULL, NULL, NULL, NULL),
(199, '83', 8, 2023, 'NA', 'NA', 'NA', NULL, NULL, NULL, NULL, NULL),
(200, '76', 9, 2023, 'NA', 'NA', 'NA', NULL, NULL, NULL, NULL, NULL),
(201, '77', 9, 2023, 'NA', 'NA', 'NA', NULL, NULL, NULL, NULL, NULL),
(202, '78', 9, 2023, 'NA', 'NA', 'NA', NULL, NULL, NULL, NULL, NULL),
(203, '79', 9, 2023, 'NA', 'NA', 'NA', NULL, NULL, NULL, NULL, NULL),
(204, '79', 9, 2023, 'NA', 'NA', 'NA', NULL, NULL, NULL, NULL, NULL),
(205, '79', 9, 2023, 'NA', 'NA', 'NA', NULL, NULL, NULL, NULL, NULL),
(206, '80', 9, 2023, 'NA', 'NA', NULL, NULL, NULL, NULL, NULL, NULL),
(207, '80', 9, 2023, 'NA', 'NA', 'NA', NULL, NULL, NULL, NULL, NULL),
(208, '81', 9, 2023, 'NA', 'NA', 'NA', NULL, NULL, NULL, NULL, NULL),
(209, '82', 8, 2023, 'NA', 'NA', 'NA', NULL, NULL, NULL, NULL, NULL),
(210, '79', 8, 2023, 'NA', 'NA', 'NA', NULL, NULL, NULL, NULL, NULL),
(211, '81', 9, 2023, 'NA', 'NA', 'NA', NULL, NULL, NULL, NULL, NULL),
(212, '82', 9, 2023, 'NA', 'NA', 'NA', NULL, NULL, NULL, NULL, NULL),
(213, '83', 9, 2023, 'NA', 'NA', 'NA', NULL, NULL, NULL, NULL, NULL),
(214, '84', 9, 2023, 'NA', 'NA', 'NA', NULL, NULL, NULL, NULL, NULL),
(215, '85', 9, 2023, 'NA', 'NA', 'NA', NULL, NULL, NULL, NULL, NULL),
(216, '86', 9, 2023, 'NA', 'NA', 'NA', NULL, NULL, NULL, NULL, NULL),
(217, '76', 10, 2023, 'NA', 'NA', 'NA', NULL, NULL, NULL, NULL, NULL),
(218, '77', 10, 2023, 'NA', 'NA', 'NA', NULL, NULL, NULL, NULL, NULL),
(219, '78', 10, 2023, 'NA', 'NA', 'NA', NULL, NULL, NULL, NULL, NULL),
(220, '79', 10, 2023, 'NA', 'NA', 'NA', NULL, NULL, NULL, NULL, NULL),
(221, '80', 10, 2023, 'NA', 'NA', 'NA', NULL, NULL, NULL, NULL, NULL),
(222, '81', 10, 2023, 'NA', 'NA', 'NA', NULL, NULL, NULL, NULL, NULL),
(223, '82', 10, 2023, 'NA', 'NA', 'NA', NULL, NULL, NULL, NULL, NULL),
(224, '83', 10, 2023, 'NA', 'NA', 'NA', NULL, NULL, NULL, NULL, NULL),
(225, '84', 10, 2023, 'NA', 'NA', 'NA', NULL, NULL, NULL, NULL, NULL),
(226, '86', 10, 2023, 'NA', 'NA', 'NA', NULL, NULL, NULL, NULL, NULL),
(227, '85', 10, 2023, 'NA', 'NA', 'NA', NULL, NULL, NULL, NULL, NULL),
(228, '91', 1, 2023, '0', 'NA', 'NA', NULL, NULL, NULL, NULL, NULL),
(229, '91', 2, 2023, '0', 'NA', 'NA', NULL, NULL, NULL, NULL, NULL),
(230, '91', 3, 2023, 'NA', 'NA', 'NA', NULL, NULL, NULL, NULL, NULL),
(231, '91', 4, 2023, 'NA', 'NA', 'NA', NULL, NULL, NULL, NULL, NULL),
(232, '91', 7, 2023, '0', 'NA', 'NA', NULL, NULL, NULL, NULL, NULL),
(233, '91', 8, 2023, '0', 'NA', 'NA', NULL, NULL, NULL, NULL, NULL),
(234, '91', 9, 2023, '0', 'NA', 'NA', NULL, NULL, NULL, NULL, NULL),
(235, '91', 10, 2023, '0', 'NA', 'NA', NULL, NULL, NULL, NULL, NULL),
(236, '91', 11, 2024, 'NA', 'NA', 'NA', NULL, NULL, NULL, NULL, NULL),
(237, '77', 11, 2024, '0', 'NA', 'NA', NULL, NULL, NULL, NULL, NULL),
(238, '78', 11, 2024, 'NA', 'NA', 'NA', NULL, NULL, NULL, NULL, NULL),
(239, '79', 11, 2024, 'NA', 'NA', 'NA', NULL, NULL, NULL, NULL, NULL),
(240, '81', 11, 2024, 'NA', 'NA', 'NA', NULL, NULL, NULL, NULL, NULL),
(241, '82', 11, 2024, 'NA', 'NA', 'NA', NULL, NULL, NULL, NULL, NULL),
(242, '84', 11, 2024, 'NA', 'NA', 'NA', NULL, NULL, NULL, NULL, NULL),
(243, '86', 11, 2023, 'NA', 'NA', 'NA', NULL, NULL, NULL, NULL, NULL),
(244, '90', 11, 2023, 'NA', 'NA', 'NA', NULL, NULL, NULL, NULL, NULL),
(245, '80', 11, 2023, 'NA', 'NA', 'NA', NULL, NULL, NULL, NULL, NULL),
(246, '83', 11, 2023, 'NA', 'NA', 'NA', NULL, NULL, NULL, NULL, NULL),
(247, '85', 11, 2023, 'NA', 'NA', 'NA', NULL, NULL, NULL, NULL, NULL),
(248, '91', 11, 2023, 'NA', 'NA', 'NA', NULL, NULL, NULL, NULL, NULL),
(249, '77', 11, 2023, 'NA', 'NA', 'NA', NULL, NULL, NULL, NULL, NULL),
(250, '78', 11, 2023, '0', 'NA', 'NA', NULL, NULL, NULL, NULL, NULL),
(251, '79', 11, 2023, 'NA', 'NA', 'NA', NULL, NULL, NULL, NULL, NULL),
(252, '77', 11, 2020, '0-', '0', '0', NULL, NULL, NULL, NULL, NULL),
(253, '77', 11, 2023, '0', '0', '0', NULL, NULL, NULL, NULL, NULL),
(254, '77', 10, 2023, '0', '0', '0', NULL, NULL, NULL, NULL, NULL),
(256, '77', 11, 2023, 'NA', 'NA', 'NA', NULL, NULL, NULL, NULL, NULL),
(257, '77', 12, 2023, '0', 'NA', 'NA', NULL, NULL, NULL, NULL, NULL),
(258, '78', 12, 2023, '0', 'NA', 'NA', NULL, NULL, NULL, NULL, NULL),
(259, '79', 12, 2023, '0', 'NA', 'NA', NULL, NULL, NULL, NULL, NULL),
(260, '80', 12, 2023, '0', 'NA', 'NA', NULL, NULL, NULL, NULL, NULL),
(261, '81', 12, 2023, '0', 'NA', 'NA', NULL, NULL, NULL, NULL, NULL),
(262, '82', 12, 2023, '0', 'NA', 'NA', NULL, NULL, NULL, NULL, NULL),
(263, '83', 12, 2023, '0', 'NA', 'NA', NULL, NULL, NULL, NULL, NULL),
(264, '84', 12, 2023, '0', 'NA', 'NA', NULL, NULL, NULL, NULL, NULL),
(265, '85', 12, 2023, '0', 'NA', 'NA', NULL, NULL, NULL, NULL, NULL),
(266, '86', 12, 2023, '0', 'NA', 'NA', NULL, NULL, NULL, NULL, NULL),
(267, '90', 12, 2023, '0', 'NA', 'NA', NULL, NULL, NULL, NULL, NULL),
(268, '91', 12, 2023, 'NA', 'NA', 'NA', NULL, NULL, NULL, NULL, NULL),
(269, '77', 1, 2024, 'NA', 'NA', 'NA', NULL, NULL, NULL, NULL, NULL),
(270, '78', 1, 2024, 'NA', 'NA', 'NA', NULL, NULL, NULL, NULL, NULL),
(271, '79', 1, 2024, 'NA', 'NA', 'NA', NULL, NULL, NULL, NULL, NULL),
(272, '80', 1, 2024, 'NA', 'NA', 'NA', NULL, NULL, NULL, NULL, NULL),
(273, '81', 1, 2024, 'NA', 'NA', 'NA', NULL, NULL, NULL, NULL, NULL),
(274, '82', 1, 2024, 'NA', 'NA', 'NA', NULL, NULL, NULL, NULL, NULL),
(275, '83', 1, 2024, 'NA', 'NA', 'NA', NULL, NULL, NULL, NULL, NULL),
(276, '84', 1, 2024, 'NA', 'NA', 'NA', NULL, NULL, NULL, NULL, NULL),
(277, '85', 1, 2024, 'NA', 'NA', 'NA', NULL, NULL, NULL, NULL, NULL),
(278, '86', 1, 2024, 'NA', 'NA', 'NA', NULL, NULL, NULL, NULL, NULL),
(279, '90', 1, 2024, 'NA', 'NA', 'NA', NULL, NULL, NULL, NULL, NULL),
(280, '91', 1, 2024, 'NA', 'NA', 'NA', NULL, NULL, NULL, NULL, NULL);

-- --------------------------------------------------------

--
-- Table structure for table `report_summary`
--

DROP TABLE IF EXISTS `report_summary`;
CREATE TABLE IF NOT EXISTS `report_summary` (
  `id` int NOT NULL,
  `month_number` int NOT NULL,
  `year` int NOT NULL,
  `summary_desc` varchar(255) NOT NULL,
  `summary_type` varchar(255) NOT NULL,
  `add1` varchar(45) DEFAULT NULL,
  `add3` varchar(45) DEFAULT NULL,
  `add5` varchar(45) DEFAULT NULL
) ENGINE=InnoDB AUTO_INCREMENT=280 DEFAULT CHARSET=utf8mb4 COLLATE=utf8mb4_0900_ai_ci;

--
-- Dumping data for table `report_summary`
--

INSERT INTO `report_summary` (`id`, `month_number`, `year`, `summary_desc`, `summary_type`, `add1`, `add3`, `add5`) VALUES
(99, 5, 2023, '', '', NULL, NULL, NULL),
(100, 5, 2023, '', '', NULL, NULL, NULL),
(101, 5, 2023, '', '', NULL, NULL, NULL),
(102, 5, 2023, '', '', NULL, NULL, NULL),
(103, 5, 2023, '', '', NULL, NULL, NULL),
(104, 5, 2023, '', '', NULL, NULL, NULL),
(105, 5, 2023, '', '', NULL, NULL, NULL),
(106, 5, 2023, '', '', NULL, NULL, NULL),
(107, 5, 2023, '', '', NULL, NULL, NULL),
(108, 5, 2023, '', '', NULL, NULL, NULL),
(109, 6, 2023, '', '', NULL, NULL, NULL),
(111, 6, 2023, '', '', NULL, NULL, NULL),
(112, 6, 2023, '', '', NULL, NULL, NULL),
(113, 6, 2023, '', '', NULL, NULL, NULL),
(114, 6, 2023, '', '', NULL, NULL, NULL),
(115, 5, 2023, '', '', NULL, NULL, NULL),
(116, 6, 2023, '', '', NULL, NULL, NULL),
(117, 6, 2023, '', '', NULL, NULL, NULL),
(118, 6, 2023, '', '', NULL, NULL, NULL),
(119, 6, 2023, '', '', NULL, NULL, NULL),
(120, 6, 2023, '', '', NULL, NULL, NULL),
(121, 6, 2023, '', '', NULL, NULL, NULL),
(122, 6, 2023, '', '', NULL, NULL, NULL),
(123, 6, 2023, '', '', NULL, NULL, NULL),
(124, 6, 2023, '', '', NULL, NULL, NULL),
(125, 7, 2023, '', '', NULL, NULL, NULL),
(126, 7, 2023, '', '', NULL, NULL, NULL),
(127, 7, 2023, '', '', NULL, NULL, NULL),
(128, 1, 2023, 'MTNA', 'improvement', NULL, NULL, NULL),
(129, 1, 2023, 'NA', 'improvement', NULL, NULL, NULL),
(130, 1, 2023, 'NA', 'improvement', NULL, NULL, NULL),
(131, 1, 2023, 'NA', 'initiative', NULL, NULL, NULL),
(132, 1, 2023, '', '', NULL, NULL, NULL),
(133, 1, 2023, 'NA', 'improvement', NULL, NULL, NULL),
(134, 2, 2023, '', '', NULL, NULL, NULL),
(135, 1, 2023, 'NA', 'improvement', NULL, NULL, NULL),
(136, 2, 2023, '', '', NULL, NULL, NULL),
(137, 1, 2023, 'NA', 'improvement', NULL, NULL, NULL),
(138, 1, 2023, 'NA', 'initiative', NULL, NULL, NULL),
(139, 2, 2023, '', '', NULL, NULL, NULL),
(140, 1, 2023, 'NA', 'initiative', NULL, NULL, NULL),
(141, 2, 2023, '', '', NULL, NULL, NULL),
(142, 1, 2023, 'NA', 'improvement', NULL, NULL, NULL),
(143, 2, 2023, '', '', NULL, NULL, NULL),
(144, 2, 2023, '', '', NULL, NULL, NULL),
(145, 2, 2023, '', '', NULL, NULL, NULL),
(146, 2, 2023, '', '', NULL, NULL, NULL),
(147, 2, 2023, '', '', NULL, NULL, NULL),
(148, 2, 2023, '', '', NULL, NULL, NULL),
(149, 2, 2023, '', '', NULL, NULL, NULL),
(150, 7, 2023, 'NA', '', NULL, NULL, NULL),
(151, 7, 2023, 'NA', '', NULL, NULL, NULL),
(152, 2, 2023, '', '', NULL, NULL, NULL),
(153, 3, 2023, 'NA', 'initiative', NULL, NULL, NULL),
(154, 3, 2023, 'NA', 'initiative', NULL, NULL, NULL),
(155, 3, 2023, 'NA', 'initiative', NULL, NULL, NULL),
(156, 3, 2023, 'NA', 'initiative', NULL, NULL, NULL),
(157, 3, 2023, 'NA', 'initiative', NULL, NULL, NULL),
(158, 3, 2023, 'NA', 'improvement', NULL, NULL, NULL),
(159, 3, 2023, 'NA', 'initiative', NULL, NULL, NULL),
(160, 3, 2023, 'NA', 'initiative', NULL, NULL, NULL),
(161, 3, 2023, 'NA', 'initiative', NULL, NULL, NULL),
(162, 3, 2023, 'NA', 'initiative', NULL, NULL, NULL),
(163, 3, 2023, 'NA', 'improvement', NULL, NULL, NULL),
(164, 4, 2023, 'NA', 'initiative', NULL, NULL, NULL),
(165, 4, 2023, 'NA', 'improvement', NULL, NULL, NULL),
(166, 4, 2023, 'NA', 'initiative', NULL, NULL, NULL),
(167, 4, 2023, 'NA', 'critical_activitie', NULL, NULL, NULL),
(168, 4, 2023, 'NA', 'improvement', NULL, NULL, NULL),
(169, 4, 2023, 'NA', 'improvement', NULL, NULL, NULL),
(170, 4, 2023, 'NA', 'improvement', NULL, NULL, NULL),
(171, 4, 2023, 'NA', 'initiative', NULL, NULL, NULL),
(172, 4, 2023, 'NA', 'initiative', NULL, NULL, NULL),
(173, 4, 2023, 'NA', 'initiative', NULL, NULL, NULL),
(174, 4, 2023, 'NA', 'initiative', NULL, NULL, NULL),
(175, 7, 2023, 'NA', 'initiative', NULL, NULL, NULL),
(176, 7, 2023, 'NA', 'initiative', NULL, NULL, NULL),
(177, 7, 2023, 'NA', 'initiative', NULL, NULL, NULL),
(178, 7, 2023, 'NA', 'initiative', NULL, NULL, NULL),
(179, 7, 2023, 'NA', 'initiative', NULL, NULL, NULL),
(180, 7, 2023, 'NA', 'improvement', NULL, NULL, NULL),
(181, 7, 2023, 'NA', 'improvement', NULL, NULL, NULL),
(182, 7, 2023, 'NA', 'initiative', NULL, NULL, NULL),
(183, 7, 2023, 'NA', 'initiative', NULL, NULL, NULL),
(184, 7, 2023, 'NA', 'initiative', NULL, NULL, NULL),
(185, 7, 2023, 'NA', 'initiative', NULL, NULL, NULL),
(186, 7, 2023, '', '', NULL, NULL, NULL),
(187, 7, 2023, 'NA', 'initiative', NULL, NULL, NULL),
(188, 7, 2023, 'NA', 'initiative', NULL, NULL, NULL),
(189, 8, 2023, 'NA', 'improvement', NULL, NULL, NULL),
(190, 8, 2023, 'NA', 'improvement', NULL, NULL, NULL),
(191, 8, 2023, 'NA', 'improvement', NULL, NULL, NULL),
(192, 9, 2023, 'NA', 'improvement', NULL, NULL, NULL),
(193, 8, 2023, 'NA', 'improvement', NULL, NULL, NULL),
(194, 8, 2023, 'NA', 'improvement', NULL, NULL, NULL),
(195, 8, 2023, 'NA', 'initiative', NULL, NULL, NULL),
(196, 8, 2023, 'NA', 'initiative', NULL, NULL, NULL),
(197, 8, 2023, 'NA', 'initiative', NULL, NULL, NULL),
(198, 8, 2023, 'NA', 'initiative', NULL, NULL, NULL),
(199, 9, 2023, 'NA', 'improvement', NULL, NULL, NULL),
(200, 9, 2023, 'NA', 'improvement', NULL, NULL, NULL),
(201, 9, 2023, 'NA', 'improvement', NULL, NULL, NULL),
(202, 9, 2023, 'NA', 'improvement', NULL, NULL, NULL),
(203, 9, 2023, 'NA', 'improvement', NULL, NULL, NULL),
(204, 9, 2023, 'NA', 'improvement', NULL, NULL, NULL),
(205, 9, 2023, 'NA', 'improvement', NULL, NULL, NULL),
(206, 9, 2023, 'NA', 'improvement', NULL, NULL, NULL),
(207, 9, 2023, 'NA', 'improvement', NULL, NULL, NULL),
(208, 8, 2023, 'NA', 'improvement', NULL, NULL, NULL),
(209, 8, 2023, 'NA', 'improvement', NULL, NULL, NULL),
(210, 9, 2023, 'NA', 'improvement', NULL, NULL, NULL),
(211, 9, 2023, 'NA', 'improvement', NULL, NULL, NULL),
(212, 9, 2023, 'NA', 'improvement', NULL, NULL, NULL),
(213, 9, 2023, 'NA', 'improvement', NULL, NULL, NULL),
(214, 9, 2023, 'NA', 'improvement', NULL, NULL, NULL),
(215, 9, 2023, 'NA', 'improvement', NULL, NULL, NULL),
(216, 10, 2023, 'NA', 'improvement', NULL, NULL, NULL),
(217, 10, 2023, 'NA', 'improvement', NULL, NULL, NULL),
(218, 10, 2023, 'NA', 'improvement', NULL, NULL, NULL),
(219, 10, 2023, 'NA', 'improvement', NULL, NULL, NULL),
(220, 10, 2023, 'NA', 'improvement', NULL, NULL, NULL),
(221, 10, 2023, 'NA', 'improvement', NULL, NULL, NULL),
(222, 10, 2023, 'NA', 'improvement', NULL, NULL, NULL),
(223, 10, 2023, 'NA', 'improvement', NULL, NULL, NULL),
(224, 10, 2023, 'NA', 'improvement', NULL, NULL, NULL),
(225, 10, 2023, 'NA', 'improvement', NULL, NULL, NULL),
(226, 10, 2023, 'NA', 'improvement', NULL, NULL, NULL),
(227, 1, 2023, 'NA', 'improvement', NULL, NULL, NULL),
(228, 2, 2023, 'NA', 'improvement', NULL, NULL, NULL),
(229, 3, 2023, 'NA', 'improvement', NULL, NULL, NULL),
(230, 4, 2023, 'NA', 'improvement', NULL, NULL, NULL),
(231, 7, 2023, 'NA', 'improvement', NULL, NULL, NULL),
(232, 8, 2023, 'NA', 'improvement', NULL, NULL, NULL),
(233, 9, 2023, 'NA', 'improvement', NULL, NULL, NULL),
(234, 10, 2023, 'NA', 'improvement', NULL, NULL, NULL),
(242, 11, 2023, 'NA', 'improvement', NULL, NULL, NULL),
(243, 11, 2023, 'NA', 'improvement', NULL, NULL, NULL),
(244, 11, 2023, 'NA', 'improvement', NULL, NULL, NULL),
(245, 11, 2023, 'NA', 'improvement', NULL, NULL, NULL),
(246, 11, 2023, 'NA', 'improvement', NULL, NULL, NULL),
(247, 11, 2023, 'NA', 'improvement', NULL, NULL, NULL),
(248, 11, 2023, 'NA', 'improvement', NULL, NULL, NULL),
(249, 11, 2023, 'NA', 'improvement', NULL, NULL, NULL),
(250, 11, 2023, 'NA', 'improvement', NULL, NULL, NULL),
(251, 11, 2020, '0', 'improvement', NULL, NULL, NULL),
(252, 11, 2023, '0', '', NULL, NULL, NULL),
(253, 10, 2023, 'NA', 'improvement', NULL, NULL, NULL),
(254, 11, 2023, '1', '', NULL, NULL, NULL),
(255, 11, 2023, 'NA', 'improvement', NULL, NULL, NULL),
(256, 12, 2023, 'NA', 'improvement', NULL, NULL, NULL),
(257, 12, 2023, 'NA', 'improvement', NULL, NULL, NULL),
(258, 12, 2023, 'NA', 'improvement', NULL, NULL, NULL),
(259, 12, 2023, 'NA', 'improvement', NULL, NULL, NULL),
(260, 12, 2023, 'NA', 'improvement', NULL, NULL, NULL),
(261, 12, 2023, 'NA', 'improvement', NULL, NULL, NULL),
(262, 12, 2023, 'NA', 'improvement', NULL, NULL, NULL),
(263, 12, 2023, 'NA', 'improvement', NULL, NULL, NULL),
(264, 12, 2023, 'NA', 'improvement', NULL, NULL, NULL),
(265, 12, 2023, 'NA', 'improvement', NULL, NULL, NULL),
(266, 12, 2023, 'NA', 'improvement', NULL, NULL, NULL),
(267, 12, 2023, 'NA', 'improvement', NULL, NULL, NULL),
(268, 1, 2024, 'NA', 'improvement', NULL, NULL, NULL),
(269, 1, 2024, 'NA', 'improvement', NULL, NULL, NULL),
(270, 1, 2024, 'NA', 'improvement', NULL, NULL, NULL),
(271, 1, 2024, 'NA', 'improvement', NULL, NULL, NULL),
(272, 1, 2024, 'NA', 'improvement', NULL, NULL, NULL),
(273, 1, 2024, 'NA', 'improvement', NULL, NULL, NULL),
(274, 1, 2024, 'NA', 'improvement', NULL, NULL, NULL),
(275, 1, 2024, 'na', 'improvement', NULL, NULL, NULL),
(276, 1, 2024, 'NA', 'improvement', NULL, NULL, NULL),
(277, 1, 2024, 'NA', 'improvement', NULL, NULL, NULL),
(278, 1, 2024, 'NA', 'improvement', NULL, NULL, NULL),
(279, 1, 2024, 'NA', 'improvement', NULL, NULL, NULL);

-- --------------------------------------------------------

--
-- Table structure for table `service_request_summary`
--

DROP TABLE IF EXISTS `service_request_summary`;
CREATE TABLE IF NOT EXISTS `service_request_summary` (
  `id` int NOT NULL,
  `opcos_list_id` int NOT NULL,
  `month_number` int NOT NULL,
  `year` int NOT NULL,
  `s1_sr_count` int NOT NULL,
  `s1_sr_sla_met_count` int NOT NULL,
  `s2_sr_count` int NOT NULL,
  `s2_sr_sla_met_count` int NOT NULL,
  `s3_sr_count` int NOT NULL,
  `s3_sr_sla_met_count` int NOT NULL,
  `s4_sr_count` int NOT NULL,
  `s4_sr_sla_met_count` int NOT NULL,
  `summary_key_findings` varchar(255) DEFAULT NULL,
  `sla_key_findings` varchar(255) DEFAULT NULL,
  `mean_time_to_fulfill` varchar(45) NOT NULL,
  `add2` varchar(45) DEFAULT NULL,
  `add3` varchar(45) DEFAULT NULL,
  `add5` varchar(45) DEFAULT NULL
) ENGINE=InnoDB AUTO_INCREMENT=412 DEFAULT CHARSET=utf8mb4 COLLATE=utf8mb4_0900_ai_ci;

--
-- Dumping data for table `service_request_summary`
--

INSERT INTO `service_request_summary` (`id`, `opcos_list_id`, `month_number`, `year`, `s1_sr_count`, `s1_sr_sla_met_count`, `s2_sr_count`, `s2_sr_sla_met_count`, `s3_sr_count`, `s3_sr_sla_met_count`, `s4_sr_count`, `s4_sr_sla_met_count`, `summary_key_findings`, `sla_key_findings`, `mean_time_to_fulfill`, `add2`, `add3`, `add5`) VALUES
(97, 76, 5, 2023, 0, 0, 0, 0, 0, 0, 115, 115, '', '', '00:00:00', NULL, NULL, NULL),
(98, 77, 5, 2023, 0, 0, 0, 0, 0, 0, 85, 85, '', '', '00:00:00', NULL, NULL, NULL),
(99, 78, 5, 2023, 0, 0, 0, 0, 12, 12, 73, 68, '', '', '00:00:00', NULL, NULL, NULL),
(100, 79, 5, 2023, 0, 0, 0, 0, 0, 0, 43, 43, '', '', '00:00:00', NULL, NULL, NULL),
(101, 80, 5, 2023, 4, 4, 0, 0, 0, 0, 162, 162, '', '', '00:00:00', NULL, NULL, NULL),
(102, 81, 5, 2023, 0, 0, 0, 0, 0, 0, 12, 12, '', '', '00:00:00', NULL, NULL, NULL),
(103, 82, 5, 2023, 0, 0, 0, 0, 0, 0, 29, 29, '', '', '00:00:00', NULL, NULL, NULL),
(104, 83, 5, 2023, 0, 0, 0, 0, 0, 0, 691, 667, '', '', '00:00:00', NULL, NULL, NULL),
(105, 85, 5, 2023, 0, 0, 0, 0, 0, 0, 2708, 2708, '', '', '00:00:00', NULL, NULL, NULL),
(106, 91, 5, 2023, 0, 0, 0, 0, 0, 0, 74, 74, '', '', '00:00:00', NULL, NULL, NULL),
(108, 76, 6, 2023, 0, 0, 0, 0, 0, 0, 65, 65, '', '', '00:00:00', NULL, NULL, NULL),
(109, 80, 6, 2023, 2, 2, 0, 0, 0, 0, 123, 123, '', '', '00:00:00', NULL, NULL, NULL),
(110, 83, 6, 2023, 0, 0, 0, 0, 0, 0, 519, 505, '', '', '00:00:00', NULL, NULL, NULL),
(111, 84, 6, 2023, 0, 0, 0, 0, 0, 0, 426, 417, '', '', '00:00:00', NULL, NULL, NULL),
(112, 90, 5, 2023, 5, 5, 0, 0, 1, 1, 223, 223, '', '', '00:00:00', NULL, NULL, NULL),
(113, 78, 6, 2023, 0, 0, 0, 0, 7, 6, 73, 68, '', '', '00:00:00', NULL, NULL, NULL),
(114, 82, 6, 2023, 0, 0, 0, 0, 0, 0, 31, 31, '', '', '00:00:00', NULL, NULL, NULL),
(115, 86, 6, 2023, 0, 0, 0, 0, 0, 0, 130, 130, '', '', '00:00:00', NULL, NULL, NULL),
(116, 85, 6, 2023, 0, 0, 0, 0, 0, 0, 2434, 2434, '', '', '00:00:00', NULL, NULL, NULL),
(117, 79, 6, 2023, 0, 0, 0, 0, 0, 0, 46, 46, '', '', '00:00:00', NULL, NULL, NULL),
(118, 77, 6, 2023, 0, 0, 0, 0, 0, 0, 89, 89, '', '', '00:00:00', NULL, NULL, NULL),
(119, 81, 6, 2023, 0, 0, 0, 0, 0, 0, 16, 16, '', '', '00:00:00', NULL, NULL, NULL),
(120, 90, 6, 2023, 5, 5, 0, 0, 1, 1, 223, 223, '', '', '00:00:00', NULL, NULL, NULL),
(121, 91, 6, 2023, 0, 0, 0, 0, 0, 0, 12, 12, '', '', '00:00:00', NULL, NULL, NULL),
(124, 76, 1, 2023, 0, 0, 0, 0, 0, 0, 71, 71, '', '', '00:00:00', NULL, NULL, NULL),
(125, 77, 1, 2023, 0, 0, 0, 0, 0, 0, 79, 79, '', '', '00:00:00', NULL, NULL, NULL),
(126, 78, 1, 2023, 0, 0, 0, 0, 8, 7, 185, 179, '', '', '00:00:00', NULL, NULL, NULL),
(127, 79, 1, 2023, 0, 0, 0, 0, 0, 0, 31, 31, '', '', '00:00:00', NULL, NULL, NULL),
(128, 80, 1, 2023, 1, 1, 1, 1, 0, 0, 101, 101, '', '', '00:00:00', NULL, NULL, NULL),
(129, 81, 1, 2023, 0, 0, 0, 0, 0, 0, 9, 9, '', '', '00:00:00', NULL, NULL, NULL),
(130, 76, 2, 2023, 0, 0, 0, 0, 0, 0, 88, 88, '', '', '00:00:00', NULL, NULL, NULL),
(131, 82, 1, 2023, 0, 0, 0, 0, 0, 0, 31, 31, '', '', '00:00:00', NULL, NULL, NULL),
(132, 77, 2, 2023, 0, 0, 0, 0, 0, 0, 69, 69, '', '', '00:00:00', NULL, NULL, NULL),
(133, 83, 1, 2023, 0, 0, 0, 0, 0, 0, 953, 946, '', '', '00:00:00', NULL, NULL, NULL),
(134, 84, 1, 2023, 0, 0, 0, 0, 0, 0, 246, 246, '', '', '00:00:00', NULL, NULL, NULL),
(135, 78, 2, 2023, 0, 0, 0, 0, 41, 35, 155, 142, '', '', '00:00:00', NULL, NULL, NULL),
(136, 85, 1, 2023, 0, 0, 0, 0, 0, 0, 1932, 1932, '', '', '00:00:00', NULL, NULL, NULL),
(137, 79, 2, 2023, 0, 0, 0, 0, 0, 0, 18, 18, '', '', '00:00:00', NULL, NULL, NULL),
(138, 86, 1, 2023, 0, 0, 0, 0, 0, 0, 197, 197, '', '', '00:00:00', NULL, NULL, NULL),
(139, 80, 2, 2023, 5, 5, 0, 0, 0, 0, 169, 169, '', '', '00:00:00', NULL, NULL, NULL),
(140, 81, 2, 2023, 0, 0, 0, 0, 0, 0, 13, 13, '', '', '00:00:00', NULL, NULL, NULL),
(141, 82, 2, 2023, 0, 0, 0, 0, 0, 0, 37, 37, '', '', '00:00:00', NULL, NULL, NULL),
(142, 83, 2, 2023, 0, 0, 0, 0, 0, 0, 555, 539, '', '', '00:00:00', NULL, NULL, NULL),
(143, 84, 2, 2023, 0, 0, 0, 0, 0, 0, 243, 243, '', '', '00:00:00', NULL, NULL, NULL),
(144, 85, 2, 2023, 0, 0, 0, 0, 0, 0, 2212, 2212, '', '', '00:00:00', NULL, NULL, NULL),
(145, 86, 2, 2023, 0, 0, 0, 0, 0, 0, 201, 201, '', '', '00:00:00', NULL, NULL, NULL),
(146, 76, 7, 2023, 0, 0, 0, 0, 0, 0, 90, 90, '', '', '00:00:00', NULL, NULL, NULL),
(147, 90, 2, 2023, 0, 0, 0, 0, 2, 2, 256, 256, '', '', '00:00:00', NULL, NULL, NULL),
(148, 76, 3, 2023, 0, 0, 0, 0, 0, 0, 90, 90, '', '', '00:00:00', NULL, NULL, NULL),
(149, 77, 3, 2023, 0, 0, 0, 0, 0, 0, 91, 91, '', '', '00:00:00', NULL, NULL, NULL),
(150, 78, 3, 2023, 0, 0, 0, 0, 78, 71, 438, 408, '', '', '00:00:00', NULL, NULL, NULL),
(151, 79, 3, 2023, 0, 0, 0, 0, 0, 0, 54, 54, '', '', '00:00:00', NULL, NULL, NULL),
(152, 80, 3, 2023, 1, 1, 3, 3, 0, 0, 164, 164, '', '', '00:00:00', NULL, NULL, NULL),
(153, 81, 3, 2023, 0, 0, 0, 0, 0, 0, 21, 21, '', '', '00:00:00', NULL, NULL, NULL),
(154, 82, 3, 2023, 0, 0, 0, 0, 0, 0, 39, 39, '', '', '00:00:00', NULL, NULL, NULL),
(155, 83, 3, 2023, 0, 0, 0, 0, 0, 0, 593, 572, '', '', '00:00:00', NULL, NULL, NULL),
(156, 84, 3, 2023, 0, 0, 0, 0, 0, 0, 303, 303, '', '', '00:00:00', NULL, NULL, NULL),
(157, 85, 3, 2023, 0, 0, 0, 0, 0, 0, 2579, 2579, '', '', '00:00:00', NULL, NULL, NULL),
(158, 86, 3, 2023, 0, 0, 0, 0, 0, 0, 161, 161, '', '', '00:00:00', NULL, NULL, NULL),
(159, 76, 4, 2023, 0, 0, 0, 0, 0, 0, 82, 82, '', '', '00:00:00', NULL, NULL, NULL),
(160, 77, 4, 2023, 0, 0, 0, 0, 0, 0, 78, 78, '', '', '00:00:00', NULL, NULL, NULL),
(161, 78, 4, 2023, 0, 0, 0, 0, 10, 7, 93, 86, '', '', '00:00:00', NULL, NULL, NULL),
(162, 79, 4, 2023, 0, 0, 0, 0, 0, 0, 40, 40, '', '', '00:00:00', NULL, NULL, NULL),
(163, 80, 4, 2023, 1, 1, 0, 0, 0, 0, 115, 115, '', '', '00:00:00', NULL, NULL, NULL),
(164, 81, 4, 2023, 0, 0, 0, 0, 0, 0, 8, 8, '', '', '00:00:00', NULL, NULL, NULL),
(165, 82, 4, 2023, 0, 0, 0, 0, 0, 0, 34, 34, '', '', '00:00:00', NULL, NULL, NULL),
(166, 83, 4, 2023, 0, 0, 0, 0, 1, 1, 508, 493, '', '', '00:00:00', NULL, NULL, NULL),
(167, 84, 4, 2023, 0, 0, 0, 0, 0, 0, 337, 337, '', '', '00:00:00', NULL, NULL, NULL),
(168, 85, 4, 2023, 0, 0, 0, 0, 0, 0, 1565, 1565, '', '', '00:00:00', NULL, NULL, NULL),
(169, 86, 4, 2023, 0, 0, 0, 0, 0, 0, 133, 133, '', '', '00:00:00', NULL, NULL, NULL),
(170, 86, 7, 2023, 0, 0, 0, 0, 0, 0, 95, 95, '', '', '00', NULL, NULL, NULL),
(171, 85, 7, 2023, 0, 0, 0, 0, 0, 0, 2084, 2084, '', '', '00', NULL, NULL, NULL),
(172, 77, 7, 2023, 0, 0, 0, 0, 0, 0, 91, 91, '', '', '00:00:00', NULL, NULL, NULL),
(173, 84, 7, 2023, 0, 0, 0, 0, 0, 0, 536, 472, '', '', '00', NULL, NULL, NULL),
(174, 83, 7, 2023, 0, 0, 0, 0, 0, 0, 545, 533, '', '', '00', NULL, NULL, NULL),
(175, 82, 7, 2023, 0, 0, 0, 0, 0, 0, 38, 38, '', '', '00', NULL, NULL, NULL),
(176, 81, 7, 2023, 0, 0, 0, 0, 0, 0, 8, 8, '', '', '00', NULL, NULL, NULL),
(177, 80, 7, 2023, 0, 0, 0, 0, 0, 0, 53, 53, '', '', '00', NULL, NULL, NULL),
(178, 79, 7, 2023, 0, 0, 0, 0, 0, 0, 28, 28, '', '', '00', NULL, NULL, NULL),
(179, 78, 7, 2023, 0, 0, 0, 0, 2, 2, 68, 65, '', '', '00', NULL, NULL, NULL),
(180, 76, 8, 2023, 0, 0, 0, 0, 0, 0, 71, 71, '', '', '00:00:00', NULL, NULL, NULL),
(181, 77, 8, 2023, 0, 0, 0, 0, 0, 0, 69, 69, '', '', '00:00:00', NULL, NULL, NULL),
(182, 78, 8, 2023, 0, 0, 0, 0, 0, 0, 62, 44, '', '', '00:00:00', NULL, NULL, NULL),
(183, 79, 9, 2023, 0, 0, 0, 0, 0, 0, 33, 33, '', '', '00:00:00', NULL, NULL, NULL),
(184, 80, 8, 2023, 2, 2, 0, 0, 2, 2, 38, 38, '', '', '00:00:00', NULL, NULL, NULL),
(185, 81, 8, 2023, 0, 0, 0, 0, 0, 0, 0, 0, '', '', '00:00:00', NULL, NULL, NULL),
(186, 86, 8, 2023, 0, 0, 0, 0, 0, 0, 136, 136, '', '', '0', NULL, NULL, NULL),
(187, 85, 8, 2023, 0, 0, 0, 0, 0, 0, 2981, 2981, '', '', '00', NULL, NULL, NULL),
(188, 84, 8, 2023, 0, 0, 0, 0, 0, 0, 406, 374, '', '', '00', NULL, NULL, NULL),
(189, 83, 8, 2023, 0, 0, 0, 0, 0, 0, 531, 509, '', '', '00', NULL, NULL, NULL),
(190, 76, 9, 2023, 0, 0, 0, 0, 0, 0, 58, 58, '', '', '00:00:00', NULL, NULL, NULL),
(191, 77, 9, 2023, 0, 0, 0, 0, 0, 0, 72, 72, '', '', '00:00:00', NULL, NULL, NULL),
(192, 78, 9, 2023, 0, 0, 0, 0, 0, 0, 30, 33, '', '', '00:00:00', NULL, NULL, NULL),
(193, 80, 9, 2023, 0, 0, 0, 0, 3, 3, 25, 25, '', '', '00:00:00', NULL, NULL, NULL),
(194, 81, 9, 2023, 0, 0, 0, 0, 0, 0, 17, 17, '', '', '00:00:00', NULL, NULL, NULL),
(195, 82, 8, 2023, 0, 0, 0, 0, 0, 0, 32, 32, '', '', '00:00:00', NULL, NULL, NULL),
(196, 79, 8, 2023, 0, 0, 0, 0, 0, 0, 22, 22, '', '', '00:00:00', NULL, NULL, NULL),
(197, 82, 9, 2023, 0, 0, 0, 0, 0, 0, 36, 36, '', '', '00:00:00', NULL, NULL, NULL),
(198, 83, 9, 2023, 0, 0, 0, 0, 0, 0, 486, 476, '', '', '00:00:00', NULL, NULL, NULL),
(199, 84, 9, 2023, 0, 0, 0, 0, 0, 0, 235, 201, '', '', '00:00:00', NULL, NULL, NULL),
(200, 85, 9, 2023, 0, 0, 0, 0, 0, 0, 1755, 1755, '', '', '00:00:00', NULL, NULL, NULL),
(201, 86, 9, 2023, 0, 0, 0, 0, 0, 0, 71, 71, '', '', '00:00:00', NULL, NULL, NULL),
(202, 76, 10, 2023, 0, 0, 0, 0, 0, 0, 58, 58, '', '', '00:00:00', NULL, NULL, NULL),
(203, 77, 10, 2023, 0, 0, 0, 0, 0, 0, 45, 45, '', '', '0', NULL, NULL, NULL),
(204, 78, 10, 2023, 0, 0, 0, 0, 0, 0, 33, 30, '', '', '00:00:00', NULL, NULL, NULL),
(205, 79, 10, 2023, 0, 0, 0, 0, 0, 0, 33, 33, '', '', '00:00:00', NULL, NULL, NULL),
(206, 80, 10, 2023, 0, 0, 0, 0, 3, 3, 25, 25, '', '', '00:00:00', NULL, NULL, NULL),
(207, 81, 10, 2023, 0, 0, 0, 0, 0, 0, 10, 10, '', '', '00:00:00', NULL, NULL, NULL),
(208, 82, 10, 2023, 0, 0, 0, 0, 0, 0, 39, 39, '', '', '00:00:00', NULL, NULL, NULL),
(209, 83, 10, 2023, 0, 0, 0, 0, 0, 0, 418, 407, '', '', '00:00:00', NULL, NULL, NULL),
(210, 84, 10, 2023, 0, 0, 0, 0, 0, 0, 228, 216, '', '', '00:00:00', NULL, NULL, NULL),
(211, 86, 10, 2023, 0, 0, 0, 0, 0, 0, 69, 69, '', '', '00:00:00', NULL, NULL, NULL),
(212, 85, 10, 2023, 0, 0, 0, 0, 0, 0, 1471, 1471, '', '', '00:00:00', NULL, NULL, NULL),
(213, 91, 1, 2023, 0, 0, 0, 0, 3, 3, 78, 77, '', '', '0', NULL, NULL, NULL),
(214, 91, 2, 2023, 0, 0, 0, 0, 0, 0, 78, 78, '', '', '0', NULL, NULL, NULL),
(215, 91, 3, 2023, 0, 0, 0, 0, 0, 0, 72, 72, '', '', '0', NULL, NULL, NULL),
(216, 91, 4, 2023, 0, 0, 0, 0, 0, 0, 70, 70, '', '', '0', NULL, NULL, NULL),
(217, 91, 7, 2023, 0, 0, 0, 0, 0, 0, 7, 7, '', '', '0', NULL, NULL, NULL),
(218, 91, 8, 2023, 0, 0, 0, 0, 0, 0, 12, 12, '', '', '0', NULL, NULL, NULL),
(219, 91, 9, 2023, 0, 0, 0, 0, 0, 0, 128, 128, '', '', '0', NULL, NULL, NULL),
(220, 91, 10, 2023, 0, 0, 0, 0, 0, 0, 74, 74, '', '', '0', NULL, NULL, NULL),
(221, 91, 11, 2023, 0, 0, 0, 0, 0, 0, 0, 0, '', '', '0', NULL, NULL, NULL),
(225, 81, 11, 2023, 0, 0, 0, 0, 0, 0, 46, 46, '', '', '0', NULL, NULL, NULL),
(226, 82, 11, 2023, 0, 0, 0, 0, 0, 0, 37, 37, '', '', '0', NULL, NULL, NULL),
(227, 84, 11, 2023, 0, 0, 0, 0, 0, 0, 144, 129, '', '', '0', NULL, NULL, NULL),
(228, 86, 11, 2023, 0, 0, 0, 0, 0, 0, 220, 213, '', '', '0', NULL, NULL, NULL),
(229, 90, 11, 2023, 0, 0, 0, 0, 2, 2, 295, 295, '', '', '0', NULL, NULL, NULL),
(230, 80, 11, 2023, 2, 2, 0, 0, 0, 0, 24, 24, '', '', '0', NULL, NULL, NULL),
(231, 83, 11, 2023, 0, 0, 0, 0, 0, 0, 424, 403, '', '', '0', NULL, NULL, NULL),
(232, 85, 11, 2023, 0, 0, 0, 0, 0, 0, 1937, 1937, '', '', '0', NULL, NULL, NULL),
(233, 91, 11, 2023, 0, 0, 0, 0, 0, 0, 68, 68, '', '', '0', NULL, NULL, NULL),
(234, 77, 11, 2023, 0, 0, 0, 0, 0, 0, 0, 0, '', '', '0', NULL, NULL, NULL),
(235, 78, 11, 2023, 0, 0, 0, 0, 0, 0, 59, 58, '', '', '0', NULL, NULL, NULL),
(236, 79, 11, 2023, 0, 0, 0, 0, 0, 0, 33, 33, '', '', '0', NULL, NULL, NULL),
(237, 77, 11, 2020, 0, 0, 0, 0, 0, 0, 0, 0, '', '', '0', NULL, NULL, NULL),
(238, 78, 11, 2023, 1, 1, 1, 1, 1, 1, 1, 1, '', '', '1', NULL, NULL, NULL),
(239, 77, 11, 2023, 0, 0, 0, 0, 0, 0, 55, 55, '', '', '0', NULL, NULL, NULL),
(240, 90, 1, 2023, 0, 0, 0, 0, 1, 1, 302, 302, NULL, NULL, '', NULL, NULL, NULL),
(241, 90, 10, 2023, 0, 0, 0, 0, 1, 1, 337, 337, NULL, NULL, '', NULL, NULL, NULL),
(242, 90, 10, 2023, 0, 0, 0, 0, 1, 1, 337, 337, NULL, NULL, '', NULL, NULL, NULL),
(243, 90, 9, 2023, 0, 0, 0, 0, 2, 2, 299, 299, NULL, NULL, '', NULL, NULL, NULL),
(244, 90, 8, 2023, 0, 0, 0, 0, 1, 1, 202, 202, NULL, NULL, '', NULL, NULL, NULL),
(245, 90, 7, 2023, 0, 0, 0, 0, 0, 0, 176, 176, NULL, NULL, '', NULL, NULL, NULL),
(246, 84, 5, 2023, 0, 0, 0, 0, 0, 0, 336, 333, NULL, NULL, '', NULL, NULL, NULL),
(247, 86, 5, 2023, 0, 0, 0, 0, 0, 0, 167, 167, NULL, NULL, '', NULL, NULL, NULL),
(248, 90, 4, 2023, 0, 0, 0, 0, 2, 2, 282, 282, NULL, NULL, '', NULL, NULL, NULL),
(249, 90, 3, 2023, 0, 0, 0, 0, 3, 3, 264, 264, NULL, NULL, '', NULL, NULL, NULL),
(250, 77, 12, 2023, 0, 0, 0, 0, 0, 0, 74, 74, '', '', '0', NULL, NULL, NULL),
(251, 78, 12, 2023, 0, 0, 0, 0, 0, 0, 60, 60, '', '', '0', NULL, NULL, NULL),
(252, 79, 12, 2023, 0, 0, 0, 0, 0, 0, 30, 30, '', '', '0', NULL, NULL, NULL),
(253, 80, 12, 2023, 1, 1, 0, 0, 0, 0, 38, 38, '', '', '0', NULL, NULL, NULL),
(254, 81, 12, 2023, 0, 0, 0, 0, 0, 0, 13, 13, '', '', '0', NULL, NULL, NULL),
(255, 82, 12, 2023, 0, 0, 0, 0, 0, 0, 38, 38, '', '', '0', NULL, NULL, NULL),
(256, 83, 12, 2023, 0, 0, 0, 0, 0, 0, 277, 276, '', '', '0', NULL, NULL, NULL),
(257, 84, 12, 2023, 0, 0, 0, 0, 0, 0, 68, 61, '', '', '0', NULL, NULL, NULL),
(258, 85, 12, 2023, 0, 0, 0, 0, 0, 0, 1381, 1381, '', '', '0', NULL, NULL, NULL),
(259, 86, 12, 2023, 0, 0, 0, 0, 0, 0, 277, 261, '', '', '0', NULL, NULL, NULL),
(260, 90, 12, 2023, 0, 0, 0, 0, 4, 4, 374, 374, '', '', '0', NULL, NULL, NULL),
(261, 91, 12, 2023, 0, 0, 0, 0, 0, 0, 46, 46, '', '', '0', NULL, NULL, NULL),
(262, 77, 1, 2024, 0, 0, 0, 0, 0, 0, 66, 66, '', '', '00', NULL, NULL, NULL),
(263, 78, 1, 2024, 0, 0, 0, 0, 0, 0, 60, 60, '', '', '00', NULL, NULL, NULL),
(264, 79, 1, 2024, 0, 0, 0, 0, 0, 0, 22, 22, '', '', '00', NULL, NULL, NULL),
(265, 80, 1, 2024, 2, 2, 0, 0, 0, 0, 31, 31, '', '', '0', NULL, NULL, NULL),
(266, 81, 1, 2024, 0, 0, 0, 0, 0, 0, 10, 10, '', '', '0', NULL, NULL, NULL),
(267, 82, 1, 2024, 0, 0, 0, 0, 0, 0, 35, 35, '', '', '0', NULL, NULL, NULL),
(268, 83, 1, 2024, 0, 0, 0, 0, 0, 0, 424, 422, '', '', '0', NULL, NULL, NULL),
(269, 84, 1, 2024, 0, 0, 0, 0, 0, 0, 216, 178, '', '', '0', NULL, NULL, NULL),
(270, 85, 1, 2024, 0, 0, 0, 0, 0, 0, 1531, 1531, '', '', '0', NULL, NULL, NULL),
(271, 86, 1, 2024, 0, 0, 0, 0, 0, 0, 333, 328, '', '', '0', NULL, NULL, NULL),
(272, 90, 1, 2024, 0, 0, 0, 0, 0, 0, 272, 272, '', '', '0', NULL, NULL, NULL),
(273, 91, 1, 2024, 0, 0, 0, 0, 0, 0, 71, 71, '', '', '0', NULL, NULL, NULL),
(274, 80, 2, 2024, 1, 1, 0, 0, 0, 0, 22, 22, '', '', '0', NULL, NULL, NULL),
(275, 81, 2, 2024, 0, 0, 0, 0, 0, 0, 12, 12, '', '', '0', NULL, NULL, NULL),
(276, 77, 2, 2024, 0, 0, 0, 0, 0, 0, 59, 59, '', '', '0', NULL, NULL, NULL),
(277, 78, 2, 2024, 0, 0, 0, 0, 0, 0, 79, 79, '', '', '0', NULL, NULL, NULL),
(278, 79, 2, 2024, 0, 0, 0, 0, 0, 0, 27, 27, '', '', '0', NULL, NULL, NULL),
(279, 82, 2, 2024, 0, 0, 0, 0, 0, 0, 38, 38, '', '', '0', NULL, NULL, NULL),
(280, 83, 2, 2024, 0, 0, 0, 0, 0, 0, 485, 485, '', '', '0', NULL, NULL, NULL),
(281, 84, 2, 2024, 0, 0, 0, 0, 0, 0, 385, 167, '', '', '0', NULL, NULL, NULL),
(282, 85, 2, 2024, 0, 0, 0, 0, 0, 0, 1395, 1395, '', '', '0', NULL, NULL, NULL),
(283, 86, 2, 2024, 0, 0, 0, 0, 0, 0, 423, 407, '', '', '0', NULL, NULL, NULL),
(284, 90, 2, 2024, 1, 1, 0, 0, 0, 0, 371, 371, '', '', '0', NULL, NULL, NULL),
(285, 91, 2, 2024, 0, 0, 0, 0, 0, 0, 48, 48, '', '', '0', NULL, NULL, NULL),
(287, 78, 3, 2024, 0, 0, 0, 0, 0, 0, 61, 57, '', '', '00:00:00', NULL, NULL, NULL),
(288, 79, 3, 2024, 0, 0, 0, 0, 0, 0, 59, 59, '', '', '00:00:00', NULL, NULL, NULL),
(289, 80, 3, 2024, 1, 1, 0, 0, 0, 0, 0, 0, '', '', '00:00:00', NULL, NULL, NULL),
(290, 81, 3, 2024, 0, 0, 0, 0, 0, 0, 14, 14, '', '', '00:00:00', NULL, NULL, NULL),
(291, 82, 3, 2024, 0, 0, 0, 0, 0, 0, 34, 34, '', '', '00:00:00', NULL, NULL, NULL),
(292, 83, 3, 2024, 0, 0, 0, 0, 0, 0, 446, 446, '', '', '00:00:00', NULL, NULL, NULL),
(293, 84, 3, 2024, 0, 0, 0, 0, 0, 0, 446, 310, '', '', '00:00:00', NULL, NULL, NULL),
(294, 85, 3, 2024, 0, 0, 0, 0, 0, 0, 1322, 1322, '', '', '00:00:00', NULL, NULL, NULL),
(295, 86, 3, 2024, 0, 0, 0, 0, 0, 0, 446, 446, '', '', '00:00:00', NULL, NULL, NULL),
(296, 90, 3, 2024, 3, 3, 0, 0, 0, 0, 447, 447, '', '', '00:00:00', NULL, NULL, NULL),
(297, 91, 3, 2024, 0, 0, 0, 0, 0, 0, 50, 50, '', '', '00:00:00', NULL, NULL, NULL),
(319, 77, 3, 2024, 0, 0, 0, 0, 0, 0, 47, 47, '', '', '00:00:00', NULL, NULL, NULL),
(320, 77, 4, 2024, 0, 0, 0, 0, 0, 0, 52, 52, '', '', '00:00:00', NULL, NULL, NULL),
(321, 78, 4, 2024, 0, 0, 0, 0, 0, 0, 74, 70, '', '', '00:00:00', NULL, NULL, NULL),
(322, 79, 4, 2024, 0, 0, 0, 0, 0, 0, 74, 74, '', '', '00:00:00', NULL, NULL, NULL),
(323, 80, 4, 2024, 1, 1, 0, 0, 0, 0, 23, 23, '', '', '00:00:00', NULL, NULL, NULL),
(324, 81, 4, 2024, 0, 0, 0, 0, 0, 0, 14, 14, '', '', '00:00:00', NULL, NULL, NULL),
(325, 82, 4, 2024, 0, 0, 0, 0, 0, 0, 37, 37, '', '', '00:00:00', NULL, NULL, NULL),
(326, 83, 4, 2024, 0, 0, 0, 0, 0, 0, 364, 364, '', '', '00:00:00', NULL, NULL, NULL),
(327, 84, 4, 2024, 0, 0, 0, 0, 0, 0, 429, 429, '', '', '00:00:00', NULL, NULL, NULL),
(328, 85, 4, 2024, 0, 0, 0, 0, 0, 0, 1725, 1725, '', '', '00:00:00', NULL, NULL, NULL),
(329, 86, 4, 2024, 0, 0, 0, 0, 0, 0, 484, 312, '', '', '00:00:00', NULL, NULL, NULL),
(330, 90, 4, 2024, 2, 2, 0, 0, 0, 0, 474, 474, '', '', '00:00:00', NULL, NULL, NULL),
(331, 91, 4, 2024, 0, 0, 0, 0, 0, 0, 38, 37, '', '', '00:00:00', NULL, NULL, NULL),
(332, 77, 5, 2024, 0, 0, 0, 0, 0, 0, 59, 59, '', '', '0', NULL, NULL, NULL),
(333, 78, 5, 2024, 0, 0, 0, 0, 0, 0, 61, 54, '', '', '00:00:00', NULL, NULL, NULL),
(334, 79, 5, 2024, 0, 0, 0, 0, 0, 0, 114, 114, '', '', '00:00:00', NULL, NULL, NULL),
(335, 80, 5, 2024, 1, 1, 0, 0, 0, 0, 21, 21, '', '', '00:00:00', NULL, NULL, NULL),
(336, 81, 5, 2024, 0, 0, 0, 0, 0, 0, 12, 12, '', '', '00:00:00', NULL, NULL, NULL),
(337, 82, 5, 2024, 0, 0, 0, 0, 0, 0, 39, 39, '', '', '00:00:00', NULL, NULL, NULL),
(338, 83, 5, 2024, 0, 0, 0, 0, 0, 0, 329, 329, '', '', '00:00:00', NULL, NULL, NULL),
(339, 84, 5, 2024, 0, 0, 0, 0, 0, 0, 202, 194, '', '', '00:00:00', NULL, NULL, NULL),
(340, 85, 5, 2024, 0, 0, 0, 0, 0, 0, 1520, 1520, '', '', '00:00:00', NULL, NULL, NULL),
(341, 86, 5, 2024, 0, 0, 0, 0, 0, 0, 492, 389, '', '', '00:00:00', NULL, NULL, NULL),
(342, 90, 5, 2024, 2, 2, 1, 1, 3, 3, 445, 445, '', '', '00:00:00', NULL, NULL, NULL),
(343, 91, 5, 2024, 0, 0, 0, 0, 16, 16, 0, 0, '', '', '00:00:00', NULL, NULL, NULL),
(344, 77, 6, 2024, 0, 0, 0, 0, 0, 0, 40, 40, '', '', '00:00:00', NULL, NULL, NULL),
(345, 78, 6, 2024, 0, 0, 0, 0, 0, 0, 55, 53, '', '', '00:00:00', NULL, NULL, NULL),
(346, 79, 6, 2024, 0, 0, 0, 0, 0, 0, 59, 59, '', '', '00:00:00', NULL, NULL, NULL),
(347, 80, 6, 2024, 0, 0, 0, 0, 0, 0, 21, 21, '', '', '00:00:00', NULL, NULL, NULL),
(348, 81, 6, 2024, 0, 0, 0, 0, 0, 0, 1, 1, '', '', '00:00:00', NULL, NULL, NULL),
(349, 82, 6, 2024, 0, 0, 0, 0, 0, 0, 37, 37, '', '', '00:00:00', NULL, NULL, NULL),
(350, 83, 6, 2024, 0, 0, 0, 0, 0, 0, 254, 253, '', '', '00:00:00', NULL, NULL, NULL),
(351, 84, 6, 2024, 0, 0, 0, 0, 0, 0, 98, 47, '', '', '00:00:00', NULL, NULL, NULL),
(352, 85, 6, 2024, 0, 0, 0, 0, 0, 0, 1385, 1283, '', '', '00:00:00', NULL, NULL, NULL),
(353, 86, 6, 2024, 0, 0, 0, 0, 0, 0, 360, 331, '', '', '00:00:00', NULL, NULL, NULL),
(354, 90, 6, 2024, 0, 0, 0, 0, 1, 1, 364, 364, '', '', '00:00:00', NULL, NULL, NULL),
(355, 91, 6, 2024, 0, 0, 0, 0, 23, 22, 0, 0, '', '', '00:00:00', NULL, NULL, NULL),
(356, 78, 7, 2024, 0, 0, 0, 0, 0, 0, 71, 70, '', '', '00:00:00', NULL, NULL, NULL),
(357, 77, 7, 2024, 0, 0, 0, 0, 0, 0, 45, 45, '', '', '00:00:00', NULL, NULL, NULL),
(358, 79, 7, 2024, 0, 0, 0, 0, 0, 0, 87, 87, '', '', '00:00:00', NULL, NULL, NULL),
(359, 80, 7, 2024, 0, 0, 0, 0, 0, 0, 22, 22, '', '', '00:00:00', NULL, NULL, NULL),
(360, 81, 7, 2024, 0, 0, 0, 0, 0, 0, 25, 25, '', '', '00:00:00', NULL, NULL, NULL),
(361, 82, 7, 0, 0, 0, 0, 0, 0, 0, 39, 39, '', '', '00:00:00', NULL, NULL, NULL),
(362, 83, 7, 2024, 0, 0, 0, 0, 0, 0, 337, 336, '', '', '00:00:00', NULL, NULL, NULL),
(363, 84, 7, 2024, 0, 0, 0, 0, 0, 0, 137, 120, '', '', '00:00:00', NULL, NULL, NULL),
(364, 85, 7, 2024, 0, 0, 0, 0, 0, 0, 1546, 1419, '', '', '00:00:00', NULL, NULL, NULL),
(365, 90, 7, 2024, 0, 0, 0, 0, 0, 0, 385, 385, '', '', '00:00:00', NULL, NULL, NULL),
(366, 91, 7, 2024, 0, 0, 0, 0, 21, 21, 0, 0, '', '', '00:00:00', NULL, NULL, NULL),
(367, 77, 8, 2024, 0, 0, 0, 0, 0, 0, 498, 498, '', '', '00:00:00', NULL, NULL, NULL),
(368, 78, 8, 2024, 0, 0, 0, 0, 0, 0, 62, 53, '', '', '00:00:00', NULL, NULL, NULL),
(369, 79, 8, 2024, 0, 0, 0, 0, 0, 0, 70, 70, '', '', '00:00:00', NULL, NULL, NULL),
(370, 80, 8, 2024, 0, 0, 1, 1, 0, 0, 22, 22, '', '', '00:00:00', NULL, NULL, NULL),
(371, 81, 8, 2024, 0, 0, 0, 0, 0, 0, 18, 18, '', '', '00:00:00', NULL, NULL, NULL),
(372, 82, 8, 2024, 0, 0, 0, 0, 0, 0, 36, 36, '', '', '00:00:00', NULL, NULL, NULL),
(373, 83, 8, 2024, 0, 0, 0, 0, 0, 0, 368, 367, '', '', '00:00:00', NULL, NULL, NULL),
(374, 84, 8, 2024, 0, 0, 0, 0, 0, 0, 113, 87, '', '', '00:00:00', NULL, NULL, NULL),
(375, 85, 8, 2024, 0, 0, 0, 0, 0, 0, 1339, 1198, '', '', '00:00:00', NULL, NULL, NULL),
(376, 90, 8, 2024, 0, 0, 0, 0, 1, 1, 314, 314, '', '', '00:00:00', NULL, NULL, NULL),
(377, 91, 8, 2024, 0, 0, 0, 0, 30, 30, 0, 0, '', '', '00:00:00', NULL, NULL, NULL),
(378, 77, 9, 2024, 0, 0, 0, 0, 0, 0, 384, 384, '', '', '00:00:00', NULL, NULL, NULL),
(379, 78, 9, 2024, 0, 0, 0, 0, 0, 0, 58, 53, '', '', '00:00:00', NULL, NULL, NULL),
(380, 79, 9, 2024, 0, 0, 0, 0, 0, 0, 110, 110, '', '', '00:00:00', NULL, NULL, NULL),
(381, 80, 9, 2024, 0, 0, 1, 1, 0, 0, 24, 24, '', '', '00:00:00', NULL, NULL, NULL),
(382, 81, 9, 2024, 0, 0, 0, 0, 0, 0, 23, 23, '', '', '00:00:00', NULL, NULL, NULL),
(383, 82, 9, 2024, 0, 0, 0, 0, 0, 0, 41, 41, '', '', '00:00:00', NULL, NULL, NULL),
(384, 83, 9, 2024, 0, 0, 0, 0, 0, 0, 431, 431, '', '', '00', NULL, NULL, NULL),
(385, 84, 9, 2024, 0, 0, 0, 0, 0, 0, 160, 149, '', '', '0', NULL, NULL, NULL),
(386, 85, 9, 2024, 0, 0, 0, 0, 0, 0, 1274, 1097, '', '', '0', NULL, NULL, NULL),
(387, 90, 9, 2024, 1, 1, 0, 0, 0, 0, 347, 347, '', '', '0', NULL, NULL, NULL),
(388, 91, 9, 2024, 0, 0, 0, 0, 39, 39, 0, 0, '', '', '0', NULL, NULL, NULL),
(389, 77, 10, 2024, 0, 0, 0, 0, 0, 0, 363, 363, '', '', '00:00:00', NULL, NULL, NULL),
(390, 78, 10, 2024, 0, 0, 0, 0, 0, 0, 60, 56, '', '', '00:00:00', NULL, NULL, NULL),
(391, 79, 10, 2024, 0, 0, 0, 0, 0, 0, 123, 123, '', '', '00:00:00', NULL, NULL, NULL),
(392, 80, 10, 2024, 0, 0, 0, 0, 0, 0, 28, 28, '', '', '00:00:00', NULL, NULL, NULL),
(393, 81, 10, 2024, 0, 0, 0, 0, 0, 0, 27, 27, '', '', '00:00:00', NULL, NULL, NULL),
(394, 82, 10, 2024, 0, 0, 0, 0, 0, 0, 38, 38, '', '', '00:00:00', NULL, NULL, NULL),
(395, 83, 10, 2024, 0, 0, 0, 0, 0, 0, 369, 369, '', '', '00:00:00', NULL, NULL, NULL),
(396, 84, 10, 2024, 0, 0, 0, 0, 0, 0, 125, 118, '', '', '00:00:00', NULL, NULL, NULL),
(397, 85, 10, 2024, 0, 0, 0, 0, 0, 0, 1267, 1062, '', '', '00:00:00', NULL, NULL, NULL),
(398, 90, 10, 2024, 1, 1, 0, 0, 1, 1, 332, 332, '', '', '00:00:00', NULL, NULL, NULL),
(399, 91, 10, 2024, 0, 0, 0, 0, 38, 38, 0, 0, '', '', '00:00:00', NULL, NULL, NULL),
(400, 77, 11, 2024, 0, 0, 0, 0, 0, 0, 237, 237, '', '', '00:00:00', NULL, NULL, NULL),
(401, 78, 11, 2024, 0, 0, 0, 0, 0, 0, 58, 53, '', '', '00:00:00', NULL, NULL, NULL),
(402, 79, 11, 2024, 0, 0, 0, 0, 0, 0, 123, 123, '', '', '00:00:00', NULL, NULL, NULL),
(403, 80, 10, 2024, 0, 0, 0, 0, 0, 0, 25, 25, '', '', '00:00:00', NULL, NULL, NULL),
(404, 80, 11, 2024, 0, 0, 0, 0, 0, 0, 25, 25, '', '', '00:00:00', NULL, NULL, NULL),
(405, 81, 11, 2024, 0, 0, 0, 0, 0, 0, 21, 21, '', '', '00:00:00', NULL, NULL, NULL),
(406, 82, 11, 2024, 0, 0, 0, 0, 0, 0, 41, 41, '', '', '00:00:00', NULL, NULL, NULL),
(407, 83, 11, 2024, 0, 0, 0, 0, 0, 0, 424, 422, '', '', '00:00:00', NULL, NULL, NULL),
(408, 84, 11, 2024, 0, 0, 0, 0, 0, 0, 102, 86, '', '', '00:00:00', NULL, NULL, NULL),
(409, 85, 11, 2024, 0, 0, 0, 0, 0, 0, 1121, 987, '', '', '00:00:00', NULL, NULL, NULL),
(410, 90, 11, 2024, 2, 2, 0, 0, 0, 0, 311, 311, '', '', '00:00:00', NULL, NULL, NULL),
(411, 91, 11, 2024, 0, 0, 0, 0, 18, 13, 0, 0, '', '', '00:00:00', NULL, NULL, NULL),
(412, 77, 12, 2024, 0, 0, 0, 0, 0, 0, 253, 253, '', '', '00:00:00', NULL, NULL, NULL),
(413, 78, 12, 2024, 0, 0, 0, 0, 0, 0, 54, 45, '', '', '00:00:00', NULL, NULL, NULL),
(414, 79, 12, 2024, 0, 0, 0, 0, 0, 0, 106, 106, '', '', '00:00:00', NULL, NULL, NULL),
(415, 80, 12, 2024, 0, 0, 0, 0, 0, 0, 35, 35, '', '', '00:00:00', NULL, NULL, NULL),
(416, 81, 12, 2024, 0, 0, 0, 0, 0, 0, 14, 14, '', '', '00:00:00', NULL, NULL, NULL),
(417, 82, 12, 2024, 0, 0, 0, 0, 0, 0, 47, 47, '', '', '00:00:00', NULL, NULL, NULL),
(418, 83, 12, 2024, 0, 0, 0, 0, 0, 0, 478, 478, '', '', '00:00:00', NULL, NULL, NULL),
(419, 84, 12, 2024, 0, 0, 0, 0, 0, 0, 72, 43, '', '', '00:00:00', NULL, NULL, NULL),
(420, 85, 12, 2024, 0, 0, 0, 0, 0, 0, 1221, 1054, '', '', '00:00:00', NULL, NULL, NULL),
(421, 90, 12, 2024, 0, 0, 0, 0, 0, 0, 249, 249, '', '', '00:00:00', NULL, NULL, NULL),
(422, 91, 12, 2024, 0, 0, 0, 0, 29, 26, 0, 0, '', '', '00:00:00', NULL, NULL, NULL);

-- --------------------------------------------------------

--
-- Table structure for table `si_dashboard_child`
--

DROP TABLE IF EXISTS `si_dashboard_child`;
CREATE TABLE IF NOT EXISTS `si_dashboard_child` (
  `id` int NOT NULL,
  `si_dashboard_id` int DEFAULT NULL,
  `si_name` varchar(255) DEFAULT NULL,
  `si_desc` varchar(255) DEFAULT NULL
) ENGINE=InnoDB AUTO_INCREMENT=230 DEFAULT CHARSET=utf8mb4 COLLATE=utf8mb4_0900_ai_ci;

--
-- Dumping data for table `si_dashboard_child`
--

INSERT INTO `si_dashboard_child` (`id`, `si_dashboard_id`, `si_name`, `si_desc`) VALUES
(1, 1, '', ''),
(2, 2, '', ''),
(3, 3, '', ''),
(4, 4, '', ''),
(5, 5, '', ''),
(6, 6, '', ''),
(7, 7, '', ''),
(8, 8, '', ''),
(9, 9, '', ''),
(10, 10, '', ''),
(60, 59, '', ''),
(61, 60, '', ''),
(62, 61, '', ''),
(63, 62, '', ''),
(64, 63, '', ''),
(65, 64, '', ''),
(66, 65, '', ''),
(67, 66, '', ''),
(68, 67, '', ''),
(69, 68, '', ''),
(70, 69, '', ''),
(71, 70, '', ''),
(72, 71, '', ''),
(73, 72, '', ''),
(74, 73, '', ''),
(75, 74, '', ''),
(76, 75, '', ''),
(77, 76, '', ''),
(78, 77, 'MTNA', 'MTNA'),
(79, 78, 'NA', 'NA'),
(80, 79, 'NA', 'NA'),
(81, 80, 'NA', 'NA'),
(82, 81, 'NA', 'NA'),
(83, 82, 'NA', 'NA'),
(84, 83, '', ''),
(85, 84, 'NA', 'NA'),
(86, 85, '', ''),
(87, 86, 'NA', 'NA'),
(88, 87, 'NA', 'NA'),
(89, 88, '', ''),
(90, 89, 'NA', 'NA'),
(91, 90, '', ''),
(92, 91, 'NA', 'NA'),
(93, 92, '', ''),
(94, 93, '', ''),
(95, 94, '', ''),
(96, 95, '', ''),
(97, 96, '', ''),
(98, 97, '', ''),
(99, 98, '', ''),
(100, 99, 'NA', 'NA'),
(101, 100, 'NA', 'NA'),
(102, 101, '', ''),
(103, 102, 'NA', 'NA'),
(104, 103, 'NA', 'NA'),
(105, 104, 'NA', 'NA'),
(106, 105, 'NA', 'NA'),
(107, 106, 'NA', 'NA'),
(108, 107, 'NA', 'NA'),
(109, 108, 'NA', 'NA'),
(110, 109, 'NA', 'NA'),
(111, 110, 'NA', 'NA'),
(112, 111, 'NA', 'NA'),
(113, 112, 'NA', 'NA'),
(114, 113, 'NA', 'NA'),
(115, 114, 'NA', 'NA'),
(116, 115, 'NA', 'NA'),
(117, 116, 'NA', 'NA'),
(118, 117, 'NA', 'NA'),
(119, 118, 'NA', 'NA'),
(120, 119, 'NA', 'NA'),
(121, 120, 'NA', 'NA'),
(122, 121, 'NA', 'NA'),
(123, 122, 'NA', 'NA'),
(124, 123, 'NA', 'NA'),
(125, 124, 'NA', 'NA'),
(126, 125, 'NA', 'NA'),
(127, 126, 'NA', 'NA'),
(128, 127, 'NA', 'NA'),
(129, 128, 'NA', 'NA'),
(130, 129, 'NA', 'NA'),
(131, 130, 'NA', 'NA'),
(132, 131, 'NA', 'NA'),
(133, 132, 'NA', 'NA'),
(134, 133, 'NA', 'NA'),
(135, 134, 'NA', 'NA'),
(136, 135, 'NA', 'NA'),
(137, 136, 'NA', 'NA'),
(138, 137, 'NA', 'NA'),
(139, 138, 'NA', 'NA'),
(140, 139, 'NA', 'NA'),
(141, 140, 'NA', 'NA'),
(142, 141, 'NA', 'NA'),
(143, 142, 'NA', 'NA'),
(144, 143, 'NA', 'NA'),
(145, 144, 'NA', 'NA'),
(146, 145, 'NA', 'NA'),
(147, 146, 'NA', 'NA'),
(148, 147, 'NA', 'NA'),
(149, 148, 'NA', 'NA'),
(150, 149, 'NA', 'NA'),
(151, 150, 'NA', 'NA'),
(152, 151, 'NA', 'NA'),
(153, 152, 'NA', 'NA'),
(154, 153, 'NA', 'NA'),
(155, 154, 'NA', 'NA'),
(156, 155, 'NA', 'NA'),
(157, 156, 'NA', 'NA'),
(158, 157, 'NA', 'NA'),
(159, 158, 'NA', 'NA'),
(160, 159, 'NA', 'NA'),
(161, 160, 'NA', 'NA'),
(162, 161, 'NA', 'NA'),
(163, 162, 'NA', 'NA'),
(164, 163, 'NA', 'NA'),
(165, 164, 'NA', 'NA'),
(166, 165, 'NA', 'NA'),
(167, 166, 'NA', 'NA'),
(168, 167, 'NA', 'NA'),
(169, 168, 'NA', 'NA'),
(170, 169, 'NA', 'NA'),
(171, 170, 'NA', 'NA'),
(172, 171, 'NA', 'NA'),
(173, 172, 'NA', 'NA'),
(174, 173, 'NA', 'NA'),
(175, 174, 'NA', 'NA'),
(176, 175, 'NA', 'NA'),
(177, 176, 'NA', 'NA'),
(178, 177, 'NA', 'NA'),
(179, 178, 'NA', 'NA'),
(180, 179, 'NA', 'NA'),
(181, 180, 'NA', 'NA'),
(182, 181, 'NA', 'NA'),
(183, 182, 'NA', ''),
(184, 183, 'NA', 'NA'),
(185, 184, 'NA', 'NA'),
(186, 185, 'NA', 'NA'),
(187, 186, 'NA', 'NA'),
(188, 187, 'NA', 'NA'),
(189, 188, 'NA', 'NA'),
(190, 189, 'NA', 'NA'),
(191, 190, 'NA', 'NA'),
(192, 191, 'NA', 'NA'),
(193, 192, 'NA', 'NA'),
(194, 193, 'NA', 'NA'),
(195, 194, 'NA', 'NA'),
(196, 195, 'NA', 'NA'),
(197, 196, 'NA', 'NA'),
(198, 197, 'NA', 'NA'),
(199, 198, 'NA', 'NA'),
(200, 199, 'NA', 'NA'),
(201, 200, '00', '0'),
(202, 201, '0', '0'),
(203, 202, 'NA', 'NA'),
(204, 203, '1', '1'),
(205, 204, 'NA', 'NA'),
(206, 205, 'NA', 'NA'),
(207, 206, 'NA', 'NA'),
(208, 207, 'NA', 'NA'),
(209, 208, 'NA', 'NA'),
(210, 209, 'NA', 'NA'),
(211, 210, 'NA', 'NA'),
(212, 211, 'NA', 'NA'),
(213, 212, 'NA', 'NA'),
(214, 213, 'NA', 'NA'),
(215, 214, 'NA', 'NA'),
(216, 215, 'NA', 'NA'),
(217, 216, 'NA', 'NA'),
(218, 217, 'NA', 'NA'),
(219, 218, 'NA', 'NA'),
(220, 219, 'NA', 'NA'),
(221, 220, 'NA', 'NA'),
(222, 221, 'NA', 'NA'),
(223, 222, 'NA', 'NA'),
(224, 223, 'NA', 'NA'),
(225, 224, 'NA', 'NA'),
(226, 225, 'NA', 'NA'),
(227, 226, 'NA', 'NA'),
(228, 227, 'NA', 'NA'),
(229, 228, 'NA', 'NA');

-- --------------------------------------------------------

--
-- Table structure for table `si_dashboard_master`
--

DROP TABLE IF EXISTS `si_dashboard_master`;
CREATE TABLE IF NOT EXISTS `si_dashboard_master` (
  `id` int NOT NULL,
  `opcos_list_id` varchar(45) NOT NULL,
  `month_number` int NOT NULL,
  `year` int NOT NULL,
  `si_count` int NOT NULL,
  `add1` varchar(45) DEFAULT NULL,
  `add2` varchar(45) DEFAULT NULL,
  `add3` varchar(45) DEFAULT NULL,
  `add4` varchar(45) DEFAULT NULL
) ENGINE=InnoDB AUTO_INCREMENT=229 DEFAULT CHARSET=utf8mb4 COLLATE=utf8mb4_0900_ai_ci;

--
-- Dumping data for table `si_dashboard_master`
--

INSERT INTO `si_dashboard_master` (`id`, `opcos_list_id`, `month_number`, `year`, `si_count`, `add1`, `add2`, `add3`, `add4`) VALUES
(1, '76', 5, 2023, 1, NULL, NULL, NULL, NULL),
(2, '77', 5, 2023, 0, NULL, NULL, NULL, NULL),
(3, '78', 5, 2023, 0, NULL, NULL, NULL, NULL),
(4, '79', 5, 2023, 0, NULL, NULL, NULL, NULL),
(5, '80', 5, 2023, 0, NULL, NULL, NULL, NULL),
(6, '81', 5, 2023, 0, NULL, NULL, NULL, NULL),
(7, '82', 5, 2023, 0, NULL, NULL, NULL, NULL),
(8, '83', 5, 2023, 0, NULL, NULL, NULL, NULL),
(9, '85', 5, 2023, 0, NULL, NULL, NULL, NULL),
(10, '91', 5, 2023, 0, NULL, NULL, NULL, NULL),
(60, '76', 6, 2023, 0, NULL, NULL, NULL, NULL),
(61, '80', 6, 2023, 0, NULL, NULL, NULL, NULL),
(62, '83', 6, 2023, 0, NULL, NULL, NULL, NULL),
(63, '84', 6, 2023, 0, NULL, NULL, NULL, NULL),
(64, '90', 5, 2023, 0, NULL, NULL, NULL, NULL),
(65, '78', 6, 2023, 0, NULL, NULL, NULL, NULL),
(66, '82', 6, 2023, 0, NULL, NULL, NULL, NULL),
(67, '86', 6, 2023, 0, NULL, NULL, NULL, NULL),
(68, '85', 6, 2023, 0, NULL, NULL, NULL, NULL),
(69, '79', 6, 2023, 0, NULL, NULL, NULL, NULL),
(70, '77', 6, 2023, 0, NULL, NULL, NULL, NULL),
(71, '81', 6, 2023, 0, NULL, NULL, NULL, NULL),
(72, '90', 6, 2023, 0, NULL, NULL, NULL, NULL),
(73, '91', 6, 2023, 0, NULL, NULL, NULL, NULL),
(76, '76', 7, 2023, 0, NULL, NULL, NULL, NULL),
(77, '76', 1, 2023, 1, NULL, NULL, NULL, NULL),
(78, '77', 1, 2023, 1, NULL, NULL, NULL, NULL),
(79, '78', 1, 2023, 1, NULL, NULL, NULL, NULL),
(80, '79', 1, 2023, 1, NULL, NULL, NULL, NULL),
(81, '80', 1, 2023, 1, NULL, NULL, NULL, NULL),
(82, '81', 1, 2023, 1, NULL, NULL, NULL, NULL),
(83, '76', 2, 2023, 0, NULL, NULL, NULL, NULL),
(84, '82', 1, 2023, 1, NULL, NULL, NULL, NULL),
(85, '77', 3, 2023, 0, NULL, NULL, NULL, NULL),
(86, '83', 1, 2023, 1, NULL, NULL, NULL, NULL),
(87, '84', 1, 2023, 1, NULL, NULL, NULL, NULL),
(88, '78', 2, 2023, 0, NULL, NULL, NULL, NULL),
(89, '85', 1, 2023, 1, NULL, NULL, NULL, NULL),
(90, '79', 2, 2023, 0, NULL, NULL, NULL, NULL),
(91, '86', 1, 2023, 1, NULL, NULL, NULL, NULL),
(92, '80', 2, 2023, 0, NULL, NULL, NULL, NULL),
(93, '81', 2, 2023, 0, NULL, NULL, NULL, NULL),
(94, '82', 2, 2023, 0, NULL, NULL, NULL, NULL),
(95, '83', 2, 2023, 0, NULL, NULL, NULL, NULL),
(96, '84', 2, 2023, 0, NULL, NULL, NULL, NULL),
(97, '85', 2, 2023, 0, NULL, NULL, NULL, NULL),
(98, '86', 2, 2023, 0, NULL, NULL, NULL, NULL),
(99, '76', 7, 2023, 1, NULL, NULL, NULL, NULL),
(100, '76', 7, 2023, 1, NULL, NULL, NULL, NULL),
(101, '90', 2, 2023, 0, NULL, NULL, NULL, NULL),
(102, '76', 3, 2023, 1, NULL, NULL, NULL, NULL),
(103, '77', 3, 2023, 0, NULL, NULL, NULL, NULL),
(104, '78', 3, 2023, 0, NULL, NULL, NULL, NULL),
(105, '79', 3, 2023, 0, NULL, NULL, NULL, NULL),
(106, '80', 3, 2023, 0, NULL, NULL, NULL, NULL),
(107, '81', 3, 2023, 0, NULL, NULL, NULL, NULL),
(108, '82', 3, 2023, 0, NULL, NULL, NULL, NULL),
(109, '83', 3, 2023, 0, NULL, NULL, NULL, NULL),
(110, '84', 3, 2023, 0, NULL, NULL, NULL, NULL),
(111, '85', 3, 2023, 0, NULL, NULL, NULL, NULL),
(112, '86', 3, 2023, 0, NULL, NULL, NULL, NULL),
(113, '76', 4, 2023, 0, NULL, NULL, NULL, NULL),
(114, '77', 4, 2023, 0, NULL, NULL, NULL, NULL),
(115, '78', 4, 2023, 0, NULL, NULL, NULL, NULL),
(116, '79', 4, 2023, 0, NULL, NULL, NULL, NULL),
(117, '80', 4, 2023, 0, NULL, NULL, NULL, NULL),
(118, '81', 4, 2023, 0, NULL, NULL, NULL, NULL),
(119, '82', 4, 2023, 0, NULL, NULL, NULL, NULL),
(120, '83', 4, 2023, 0, NULL, NULL, NULL, NULL),
(121, '84', 4, 2023, 0, NULL, NULL, NULL, NULL),
(122, '85', 4, 2023, 0, NULL, NULL, NULL, NULL),
(123, '86', 4, 2023, 0, NULL, NULL, NULL, NULL),
(124, '76', 7, 2023, 0, NULL, NULL, NULL, NULL),
(125, '76', 7, 2023, 0, NULL, NULL, NULL, NULL),
(126, '86', 7, 2023, 0, NULL, NULL, NULL, NULL),
(127, '85', 7, 2023, 0, NULL, NULL, NULL, NULL),
(128, '76', 7, 2023, 0, NULL, NULL, NULL, NULL),
(129, '76', 7, 2023, 0, NULL, NULL, NULL, NULL),
(130, '77', 7, 2023, 0, NULL, NULL, NULL, NULL),
(131, '84', 7, 2023, 0, NULL, NULL, NULL, NULL),
(132, '83', 7, 2023, 0, NULL, NULL, NULL, NULL),
(133, '82', 7, 2023, 0, NULL, NULL, NULL, NULL),
(134, '81', 7, 2023, 0, NULL, NULL, NULL, NULL),
(135, '80', 7, 2023, 0, NULL, NULL, NULL, NULL),
(136, '79', 7, 2023, 0, NULL, NULL, NULL, NULL),
(137, '78', 7, 2023, 0, NULL, NULL, NULL, NULL),
(138, '76', 8, 2023, 0, NULL, NULL, NULL, NULL),
(139, '77', 8, 2023, 0, NULL, NULL, NULL, NULL),
(140, '78', 8, 2023, 0, NULL, NULL, NULL, NULL),
(141, '79', 9, 2023, 0, NULL, NULL, NULL, NULL),
(142, '80', 8, 2023, 0, NULL, NULL, NULL, NULL),
(143, '81', 8, 2023, 0, NULL, NULL, NULL, NULL),
(144, '86', 8, 2023, 0, NULL, NULL, NULL, NULL),
(145, '85', 8, 2023, 0, NULL, NULL, NULL, NULL),
(146, '84', 8, 2023, 0, NULL, NULL, NULL, NULL),
(147, '83', 8, 2023, 0, NULL, NULL, NULL, NULL),
(148, '76', 9, 2023, 0, NULL, NULL, NULL, NULL),
(149, '77', 9, 2023, 0, NULL, NULL, NULL, NULL),
(150, '78', 9, 2023, 0, NULL, NULL, NULL, NULL),
(151, '79', 9, 2023, 0, NULL, NULL, NULL, NULL),
(152, '79', 9, 2023, 0, NULL, NULL, NULL, NULL),
(153, '79', 9, 2023, 0, NULL, NULL, NULL, NULL),
(154, '80', 9, 2023, 0, NULL, NULL, NULL, NULL),
(155, '80', 9, 2023, 0, NULL, NULL, NULL, NULL),
(156, '81', 9, 2023, 0, NULL, NULL, NULL, NULL),
(157, '82', 8, 2023, 0, NULL, NULL, NULL, NULL),
(158, '79', 8, 2023, 0, NULL, NULL, NULL, NULL),
(159, '81', 9, 2023, 0, NULL, NULL, NULL, NULL),
(160, '82', 9, 2023, 0, NULL, NULL, NULL, NULL),
(161, '83', 9, 2023, 0, NULL, NULL, NULL, NULL),
(162, '84', 9, 2023, 0, NULL, NULL, NULL, NULL),
(163, '85', 9, 2023, 0, NULL, NULL, NULL, NULL),
(164, '86', 9, 2023, 0, NULL, NULL, NULL, NULL),
(165, '76', 10, 2023, 0, NULL, NULL, NULL, NULL),
(166, '77', 10, 2023, 0, NULL, NULL, NULL, NULL),
(167, '78', 10, 2023, 0, NULL, NULL, NULL, NULL),
(168, '79', 10, 2023, 0, NULL, NULL, NULL, NULL),
(169, '80', 10, 2023, 0, NULL, NULL, NULL, NULL),
(170, '81', 10, 2023, 0, NULL, NULL, NULL, NULL),
(171, '82', 10, 2023, 0, NULL, NULL, NULL, NULL),
(172, '83', 10, 2023, 0, NULL, NULL, NULL, NULL),
(173, '84', 10, 2023, 0, NULL, NULL, NULL, NULL),
(174, '86', 10, 2023, 0, NULL, NULL, NULL, NULL),
(175, '85', 10, 2023, 0, NULL, NULL, NULL, NULL),
(176, '91', 1, 2023, 0, NULL, NULL, NULL, NULL),
(177, '91', 2, 2023, 0, NULL, NULL, NULL, NULL),
(178, '91', 3, 2023, 0, NULL, NULL, NULL, NULL),
(179, '91', 4, 2023, 0, NULL, NULL, NULL, NULL),
(180, '91', 7, 2023, 0, NULL, NULL, NULL, NULL),
(181, '91', 8, 2023, 0, NULL, NULL, NULL, NULL),
(182, '91', 9, 2023, 0, NULL, NULL, NULL, NULL),
(183, '91', 10, 2023, 0, NULL, NULL, NULL, NULL),
(184, '91', 11, 2023, 0, NULL, NULL, NULL, NULL),
(188, '81', 11, 2023, 0, NULL, NULL, NULL, NULL),
(189, '82', 11, 2023, 0, NULL, NULL, NULL, NULL),
(190, '84', 11, 2023, 0, NULL, NULL, NULL, NULL),
(191, '86', 11, 2023, 0, NULL, NULL, NULL, NULL),
(192, '90', 11, 2023, 0, NULL, NULL, NULL, NULL),
(193, '80', 11, 2023, 0, NULL, NULL, NULL, NULL),
(194, '83', 11, 2023, 0, NULL, NULL, NULL, NULL),
(195, '85', 11, 2023, 0, NULL, NULL, NULL, NULL),
(196, '91', 11, 2023, 0, NULL, NULL, NULL, NULL),
(197, '77', 11, 2023, 0, NULL, NULL, NULL, NULL),
(198, '78', 11, 2023, 0, NULL, NULL, NULL, NULL),
(199, '79', 11, 2023, 0, NULL, NULL, NULL, NULL),
(200, '77', 11, 2020, 0, NULL, NULL, NULL, NULL),
(201, '77', 11, 2023, 0, NULL, NULL, NULL, NULL),
(202, '77', 10, 2023, 0, NULL, NULL, NULL, NULL),
(203, '78', 11, 2023, 1, NULL, NULL, NULL, NULL),
(204, '77', 11, 2023, 0, NULL, NULL, NULL, NULL),
(205, '77', 12, 2023, 0, NULL, NULL, NULL, NULL),
(206, '78', 12, 2023, 0, NULL, NULL, NULL, NULL),
(207, '79', 12, 2023, 0, NULL, NULL, NULL, NULL),
(208, '80', 12, 2023, 0, NULL, NULL, NULL, NULL),
(209, '81', 12, 2023, 0, NULL, NULL, NULL, NULL),
(210, '82', 12, 2023, 0, NULL, NULL, NULL, NULL),
(211, '83', 12, 2023, 0, NULL, NULL, NULL, NULL),
(212, '84', 12, 2023, 0, NULL, NULL, NULL, NULL),
(213, '85', 12, 2023, 0, NULL, NULL, NULL, NULL),
(214, '86', 12, 2023, 0, NULL, NULL, NULL, NULL),
(215, '90', 12, 2023, 0, NULL, NULL, NULL, NULL),
(216, '91', 12, 2023, 0, NULL, NULL, NULL, NULL),
(217, '77', 1, 2024, 0, NULL, NULL, NULL, NULL),
(218, '78', 1, 2024, 0, NULL, NULL, NULL, NULL),
(219, '79', 1, 2024, 0, NULL, NULL, NULL, NULL),
(220, '80', 1, 2024, 0, NULL, NULL, NULL, NULL),
(221, '81', 1, 2024, 0, NULL, NULL, NULL, NULL),
(222, '82', 1, 2024, 0, NULL, NULL, NULL, NULL),
(223, '83', 1, 2024, 0, NULL, NULL, NULL, NULL),
(224, '84', 1, 2024, 0, NULL, NULL, NULL, NULL),
(225, '85', 1, 2024, 0, NULL, NULL, NULL, NULL),
(226, '86', 1, 2024, 0, NULL, NULL, NULL, NULL),
(227, '90', 1, 2024, 0, NULL, NULL, NULL, NULL),
(228, '91', 1, 2024, 0, NULL, NULL, NULL, NULL);

-- --------------------------------------------------------

--
-- Table structure for table `team_size`
--

DROP TABLE IF EXISTS `team_size`;
CREATE TABLE IF NOT EXISTS `team_size` (
  `id` int NOT NULL,
  `opcos_list_id` int NOT NULL,
  `month_number` int NOT NULL,
  `year` int NOT NULL,
  `onsite_local_count` int NOT NULL,
  `onsite_expat_count` int NOT NULL,
  `offshore_local_count` int NOT NULL,
  `offshore_expat_count` int NOT NULL,
  `add1` varchar(45) DEFAULT NULL,
  `add2` varchar(45) DEFAULT NULL,
  `add3` varchar(45) DEFAULT NULL,
  `add4` varchar(45) DEFAULT NULL
) ENGINE=InnoDB AUTO_INCREMENT=2 DEFAULT CHARSET=utf8mb4 COLLATE=utf8mb4_0900_ai_ci;

--
-- Dumping data for table `team_size`
--

INSERT INTO `team_size` (`id`, `opcos_list_id`, `month_number`, `year`, `onsite_local_count`, `onsite_expat_count`, `offshore_local_count`, `offshore_expat_count`, `add1`, `add2`, `add3`, `add4`) VALUES
(1, 0, 5, 2022, 10, 3, 25, 0, NULL, NULL, NULL, NULL);

-- --------------------------------------------------------

--
-- Table structure for table `users`
--

DROP TABLE IF EXISTS `users`;
CREATE TABLE IF NOT EXISTS `users` (
  `id` int NOT NULL,
  `username` varchar(255) NOT NULL,
  `password` varchar(255) DEFAULT NULL
) ENGINE=InnoDB AUTO_INCREMENT=5 DEFAULT CHARSET=utf8mb4 COLLATE=utf8mb4_0900_ai_ci;

--
-- Dumping data for table `users`
--

INSERT INTO `users` (`id`, `username`, `password`) VALUES
(1, 'yashas', 'yashas'),
(2, 'anupam', 'anupam'),
(3, 'evigan', '@Tecnotree2023'),
(4, 'saravanan', 'saravanan');

-- --------------------------------------------------------

--
-- Table structure for table `user_details`
--

DROP TABLE IF EXISTS `user_details`;
CREATE TABLE IF NOT EXISTS `user_details` (
  `emp_id` int NOT NULL,
  `first_name` varchar(100) CHARACTER SET latin1 COLLATE latin1_swedish_ci DEFAULT NULL,
  `last_name` varchar(100) NOT NULL,
  `email` varchar(100) DEFAULT NULL,
  `designation` varchar(50) DEFAULT NULL,
  `manager` varchar(100) DEFAULT NULL,
  `nova_id` varchar(20) DEFAULT NULL,
  `opco_name` varchar(100) DEFAULT NULL,
  `user_role` varchar(50) DEFAULT NULL,
  `user_password` varchar(20) DEFAULT NULL,
  `read_permission` varchar(5) DEFAULT NULL,
  `write_permission` varchar(5) DEFAULT NULL
) ENGINE=InnoDB DEFAULT CHARSET=latin1;

--
-- Dumping data for table `user_details`
--

INSERT INTO `user_details` (`emp_id`, `first_name`, `last_name`, `email`, `designation`, `manager`, `nova_id`, `opco_name`, `user_role`, `user_password`, `read_permission`, `write_permission`) VALUES
(10513, 'Vinodkumar ', 'Puravankara', 'Vinod.puravankara@tecnotree.com', 'Director', 'Ramaseshan Suthamally Subramanian', 'puravvi', 'ALLOPCOS', 'Admin', 'puravvi', 'YES', 'No'),
(11935, 'Ramakrishna', 'Mallya', 'ramakrishna.mallya@tecnotree.com', 'Associate Technical Support Engineer', 'Praveen Bagare', 'mallyra', 'Service Desk', 'Admin', 'ramakrishna', 'YES', 'YES'),
(20148, 'Saravanan', 'Balan', 'saravanan.balan@tecnotree.com', 'Consultant', 'Praveen Bagare', 'balansa', 'Service Desk', 'Admin', 'Saravanan', 'YES', 'YES'),
(20870, 'Akash', 'HD', 'akash.devaraj@tecnotree.com', 'NOC', 'Praveen', 'devarak', 'NOC', 'User', 'akash', 'YES', 'YES'),
(23456, 'Pradeep', 'kumar', 'pradeepkumar.ramachandran@tecnotree.com', 'Consultant', 'Praveen Bagare', 'ramacpr', 'Service Desk', 'Admin', 'pradeep', 'YES', 'YES');

-- --------------------------------------------------------

--
-- Table structure for table `user_opco`
--

DROP TABLE IF EXISTS `user_opco`;
CREATE TABLE IF NOT EXISTS `user_opco` (
  `id` int NOT NULL,
  `nova_id` varchar(20) DEFAULT NULL,
  `opco_name` varchar(20) DEFAULT NULL
) ENGINE=InnoDB DEFAULT CHARSET=latin1;

--
-- Dumping data for table `user_opco`
--

INSERT INTO `user_opco` (`id`, `nova_id`, `opco_name`) VALUES
(1, 'kumarpr', 'MTN Uganda'),
(2, 'kumarpr', 'MTN Zambia'),
(3, 'kumarpr', 'MTN Guinea Conakry'),
(4, 'balansa', 'MTN Nigeria'),
(5, 'balansa', 'MTN Uganda');

-- --------------------------------------------------------

--
-- Table structure for table `workorder_count_by_group`
--

DROP TABLE IF EXISTS `workorder_count_by_group`;
CREATE TABLE IF NOT EXISTS `workorder_count_by_group` (
  `id` int NOT NULL,
  `opcos_list_id` int NOT NULL,
  `month_number` int NOT NULL,
  `year` int NOT NULL,
  `Service_desk` int NOT NULL,
  `L1_MSO_count` int NOT NULL,
  `L2_count` int NOT NULL,
  `L3_count` int NOT NULL,
  `L4_count` int NOT NULL,
  `add2` varchar(45) DEFAULT NULL,
  `add3` varchar(45) DEFAULT NULL,
  `add4` varchar(45) DEFAULT NULL
) ENGINE=InnoDB AUTO_INCREMENT=351 DEFAULT CHARSET=latin1;

--
-- Dumping data for table `workorder_count_by_group`
--

INSERT INTO `workorder_count_by_group` (`id`, `opcos_list_id`, `month_number`, `year`, `Service_desk`, `L1_MSO_count`, `L2_count`, `L3_count`, `L4_count`, `add2`, `add3`, `add4`) VALUES
(3, 78, 5, 2023, 0, 85, 0, 0, 0, NULL, NULL, NULL),
(5, 80, 9, 2023, 0, 27, 0, 0, 0, NULL, NULL, NULL),
(6, 81, 9, 2023, 0, 17, 0, 0, 0, NULL, NULL, NULL),
(7, 82, 5, 2023, 0, 29, 0, 0, 0, NULL, NULL, NULL),
(8, 83, 5, 2023, 0, 691, 0, 0, 0, NULL, NULL, NULL),
(9, 85, 5, 2023, 0, 2790, 0, 0, 0, NULL, NULL, NULL),
(10, 91, 5, 2023, 0, 0, 0, 0, 0, NULL, NULL, NULL),
(13, 80, 9, 2023, 0, 27, 0, 0, 0, NULL, NULL, NULL),
(14, 83, 6, 2023, 0, 591, 0, 0, 0, NULL, NULL, NULL),
(15, 84, 6, 2023, 0, 426, 0, 0, 0, NULL, NULL, NULL),
(16, 90, 5, 2023, 0, 287, 0, 0, 0, NULL, NULL, NULL),
(17, 78, 6, 2023, 0, 80, 0, 0, 0, NULL, NULL, NULL),
(18, 82, 6, 2023, 0, 31, 0, 0, 0, NULL, NULL, NULL),
(19, 86, 6, 2023, 19, 111, 0, 0, 0, NULL, NULL, NULL),
(20, 85, 6, 2023, 0, 2434, 0, 0, 0, NULL, NULL, NULL),
(23, 81, 9, 2023, 0, 17, 0, 0, 0, NULL, NULL, NULL),
(24, 90, 6, 2023, 0, 229, 0, 0, 0, NULL, NULL, NULL),
(25, 91, 6, 2023, 0, 12, 0, 0, 0, NULL, NULL, NULL),
(29, 78, 1, 2023, 0, 193, 0, 0, 0, NULL, NULL, NULL),
(31, 80, 9, 2023, 0, 27, 0, 0, 0, NULL, NULL, NULL),
(32, 81, 9, 2023, 0, 17, 0, 0, 0, NULL, NULL, NULL),
(34, 82, 1, 2023, 0, 31, 0, 0, 0, NULL, NULL, NULL),
(35, 77, 11, 2023, 0, 0, 0, 0, 0, NULL, NULL, NULL),
(36, 83, 1, 2023, 0, 953, 0, 0, 0, NULL, NULL, NULL),
(37, 84, 1, 2023, 0, 247, 0, 0, 0, NULL, NULL, NULL),
(39, 85, 1, 2023, 0, 1932, 0, 0, 0, NULL, NULL, NULL),
(41, 86, 1, 2023, 1, 193, 3, 0, 0, NULL, NULL, NULL),
(42, 80, 9, 2023, 0, 27, 0, 0, 0, NULL, NULL, NULL),
(43, 81, 9, 2023, 0, 17, 0, 0, 0, NULL, NULL, NULL),
(44, 82, 2, 2023, 0, 37, 0, 0, 0, NULL, NULL, NULL),
(45, 83, 2, 2023, 0, 555, 0, 0, 0, NULL, NULL, NULL),
(46, 84, 2, 2023, 0, 243, 0, 0, 0, NULL, NULL, NULL),
(47, 85, 2, 2023, 0, 2212, 0, 0, 0, NULL, NULL, NULL),
(48, 86, 2, 2023, 8, 191, 0, 0, 0, NULL, NULL, NULL),
(49, 76, 7, 2023, 0, 71, 0, 0, 0, NULL, NULL, NULL),
(50, 90, 2, 2023, 0, 258, 0, 0, 0, NULL, NULL, NULL),
(51, 76, 7, 2023, 0, 71, 0, 0, 0, NULL, NULL, NULL),
(52, 78, 3, 2023, 0, 516, 0, 0, 0, NULL, NULL, NULL),
(54, 80, 9, 2023, 0, 27, 0, 0, 0, NULL, NULL, NULL),
(55, 81, 9, 2023, 0, 17, 0, 0, 0, NULL, NULL, NULL),
(56, 82, 3, 2023, 0, 39, 0, 0, 0, NULL, NULL, NULL),
(57, 83, 3, 2023, 0, 593, 0, 0, 0, NULL, NULL, NULL),
(58, 84, 3, 2023, 0, 303, 0, 0, 0, NULL, NULL, NULL),
(59, 85, 3, 2023, 0, 2579, 0, 0, 0, NULL, NULL, NULL),
(60, 86, 3, 2023, 0, 161, 0, 0, 0, NULL, NULL, NULL),
(61, 76, 7, 2023, 0, 71, 0, 0, 0, NULL, NULL, NULL),
(62, 77, 11, 2023, 0, 0, 0, 0, 0, NULL, NULL, NULL),
(63, 78, 4, 2023, 0, 0, 0, 10, 93, NULL, NULL, NULL),
(65, 80, 9, 2023, 0, 27, 0, 0, 0, NULL, NULL, NULL),
(66, 81, 9, 2023, 0, 17, 0, 0, 0, NULL, NULL, NULL),
(67, 82, 4, 2023, 0, 34, 0, 0, 0, NULL, NULL, NULL),
(68, 83, 4, 2023, 0, 509, 0, 0, 0, NULL, NULL, NULL),
(69, 84, 4, 2023, 0, 0, 0, 0, 337, NULL, NULL, NULL),
(70, 85, 4, 2023, 0, 1559, 0, 0, 0, NULL, NULL, NULL),
(71, 86, 4, 2023, 20, 113, 0, 0, 0, NULL, NULL, NULL),
(72, 86, 7, 2023, 12, 83, 0, 0, 0, NULL, NULL, NULL),
(73, 85, 7, 2023, 0, 2981, 0, 0, 0, NULL, NULL, NULL),
(74, 77, 11, 2023, 0, 0, 0, 0, 0, NULL, NULL, NULL),
(75, 84, 7, 2023, 0, 536, 0, 0, 0, NULL, NULL, NULL),
(76, 83, 7, 2023, 0, 545, 0, 0, 0, NULL, NULL, NULL),
(77, 82, 7, 2023, 0, 38, 0, 0, 0, NULL, NULL, NULL),
(78, 81, 9, 2023, 0, 17, 0, 0, 0, NULL, NULL, NULL),
(79, 80, 9, 2023, 0, 27, 0, 0, 0, NULL, NULL, NULL),
(81, 78, 7, 2023, 0, 70, 0, 0, 0, NULL, NULL, NULL),
(82, 76, 8, 2023, 0, 71, 0, 0, 0, NULL, NULL, NULL),
(83, 77, 11, 2023, 0, 0, 0, 0, 0, NULL, NULL, NULL),
(84, 78, 8, 2023, 0, 62, 0, 0, 0, NULL, NULL, NULL),
(85, 79, 9, 2023, 0, 48, 0, 0, 0, NULL, NULL, NULL),
(86, 80, 9, 2023, 0, 27, 0, 0, 0, NULL, NULL, NULL),
(87, 81, 9, 2023, 0, 17, 0, 0, 0, NULL, NULL, NULL),
(88, 86, 8, 2023, 19, 116, 1, 0, 0, NULL, NULL, NULL),
(89, 85, 8, 2023, 0, 2975, 0, 0, 0, NULL, NULL, NULL),
(90, 84, 8, 2023, 0, 406, 0, 0, 0, NULL, NULL, NULL),
(91, 83, 8, 2023, 0, 531, 0, 0, 0, NULL, NULL, NULL),
(92, 76, 9, 2023, 0, 37, 0, 0, 0, NULL, NULL, NULL),
(93, 77, 11, 2023, 0, 0, 0, 0, 0, NULL, NULL, NULL),
(94, 78, 9, 2023, 0, 70, 0, 0, 0, NULL, NULL, NULL),
(95, 80, 9, 2023, 0, 27, 0, 0, 0, NULL, NULL, NULL),
(96, 81, 9, 2023, 0, 17, 0, 0, 0, NULL, NULL, NULL),
(97, 82, 8, 2023, 0, 32, 0, 0, 0, NULL, NULL, NULL),
(98, 79, 8, 2023, 0, 22, 0, 0, 0, NULL, NULL, NULL),
(99, 82, 9, 2023, 0, 36, 0, 0, 0, NULL, NULL, NULL),
(100, 83, 9, 2023, 0, 486, 0, 0, 0, NULL, NULL, NULL),
(101, 84, 9, 2023, 0, 235, 0, 0, 0, NULL, NULL, NULL),
(102, 85, 9, 2023, 0, 1737, 0, 0, 0, NULL, NULL, NULL),
(103, 86, 9, 2023, 0, 71, 0, 0, 0, NULL, NULL, NULL),
(104, 76, 10, 2023, 0, 0, 0, 0, 58, NULL, NULL, NULL),
(105, 77, 11, 2023, 0, 0, 0, 0, 0, NULL, NULL, NULL),
(106, 78, 10, 2023, 0, 33, 0, 0, 0, NULL, NULL, NULL),
(107, 79, 10, 2023, 0, 33, 0, 0, 0, NULL, NULL, NULL),
(108, 80, 10, 2023, 0, 28, 0, 0, 0, NULL, NULL, NULL),
(109, 81, 10, 2023, 0, 10, 0, 0, 0, NULL, NULL, NULL),
(110, 82, 10, 2023, 0, 39, 0, 0, 0, NULL, NULL, NULL),
(111, 83, 10, 2023, 0, 418, 0, 0, 0, NULL, NULL, NULL),
(112, 84, 10, 2023, 0, 228, 0, 0, 0, NULL, NULL, NULL),
(113, 86, 10, 2023, 0, 69, 0, 0, 0, NULL, NULL, NULL),
(114, 85, 10, 2023, 0, 1462, 0, 0, 0, NULL, NULL, NULL),
(115, 91, 1, 2023, 0, 81, 0, 0, 0, NULL, NULL, NULL),
(116, 91, 2, 2023, 0, 78, 0, 0, 0, NULL, NULL, NULL),
(117, 91, 3, 2023, 0, 72, 0, 0, 0, NULL, NULL, NULL),
(118, 91, 4, 2023, 0, 70, 0, 0, 0, NULL, NULL, NULL),
(119, 91, 7, 2023, 0, 7, 0, 0, 0, NULL, NULL, NULL),
(120, 91, 8, 2023, 0, 12, 0, 0, 0, NULL, NULL, NULL),
(121, 91, 9, 2023, 0, 128, 0, 0, 0, NULL, NULL, NULL),
(122, 91, 10, 2023, 0, 74, 0, 0, 0, NULL, NULL, NULL),
(123, 91, 11, 2023, 0, 0, 0, 0, 0, NULL, NULL, NULL),
(127, 81, 11, 2023, 0, 46, 0, 0, 0, NULL, NULL, NULL),
(128, 82, 11, 2023, 6, 22, 9, 0, 0, NULL, NULL, NULL),
(129, 84, 11, 2023, 0, 144, 0, 0, 0, NULL, NULL, NULL),
(130, 86, 11, 2023, 0, 209, 0, 0, 0, NULL, NULL, NULL),
(131, 90, 11, 2023, 0, 297, 0, 0, 0, NULL, NULL, NULL),
(132, 80, 11, 2023, 0, 26, 0, 0, 0, NULL, NULL, NULL),
(133, 83, 11, 2023, 0, 424, 0, 0, 0, NULL, NULL, NULL),
(134, 85, 11, 2023, 0, 1930, 0, 0, 0, NULL, NULL, NULL),
(135, 91, 11, 2023, 0, 68, 0, 0, 0, NULL, NULL, NULL),
(136, 77, 11, 2023, 0, 0, 0, 0, 0, NULL, NULL, NULL),
(137, 78, 11, 2023, 0, 59, 0, 0, 0, NULL, NULL, NULL),
(138, 79, 11, 2023, 0, 33, 0, 0, 0, NULL, NULL, NULL),
(139, 77, 11, 2023, 0, 0, 0, 0, 0, NULL, NULL, NULL),
(140, 77, 10, 2023, 0, 0, 0, 0, 45, NULL, NULL, NULL),
(142, 77, 11, 2023, 0, 55, 0, 0, 0, NULL, NULL, NULL),
(143, 77, 1, 2023, 0, 79, 0, 0, 0, NULL, NULL, NULL),
(144, 79, 1, 2023, 0, 31, 0, 0, 0, NULL, NULL, NULL),
(145, 80, 1, 2023, 0, 103, 0, 0, 0, NULL, NULL, NULL),
(146, 81, 1, 2023, 0, 9, 0, 0, 0, NULL, NULL, NULL),
(147, 77, 2, 2023, 0, 69, 0, 0, 0, NULL, NULL, NULL),
(148, 78, 2, 2023, 0, 196, 0, 0, 0, NULL, NULL, NULL),
(149, 79, 2, 2023, 0, 18, 0, 0, 0, NULL, NULL, NULL),
(150, 80, 2, 2023, 0, 174, 0, 0, 0, NULL, NULL, NULL),
(151, 81, 2, 2023, 0, 13, 0, 0, 0, NULL, NULL, NULL),
(152, 90, 1, 2023, 0, 303, 0, 0, 0, NULL, NULL, NULL),
(153, 77, 3, 2023, 0, 91, 0, 0, 0, NULL, NULL, NULL),
(154, 90, 10, 2023, 0, 338, 0, 0, 0, NULL, NULL, NULL),
(155, 90, 10, 2023, 0, 338, 0, 0, 0, NULL, NULL, NULL),
(156, 77, 9, 2023, 0, 72, 0, 0, 0, NULL, NULL, NULL),
(158, 90, 9, 2023, 0, 301, 0, 0, 0, NULL, NULL, NULL),
(159, 77, 8, 2023, 0, 69, 0, 0, 0, NULL, NULL, NULL),
(160, 80, 8, 2023, 0, 42, 0, 0, 0, NULL, NULL, NULL),
(161, 90, 8, 2023, 0, 203, 0, 0, 0, NULL, NULL, NULL),
(162, 77, 7, 2023, 0, 87, 0, 0, 0, NULL, NULL, NULL),
(163, 79, 7, 2023, 0, 28, 0, 0, 0, NULL, NULL, NULL),
(164, 80, 7, 2023, 0, 0, 0, 0, 53, NULL, NULL, NULL),
(165, 81, 7, 2023, 0, 0, 0, 0, 8, NULL, NULL, NULL),
(166, 90, 7, 2023, 0, 176, 0, 0, 0, NULL, NULL, NULL),
(167, 77, 6, 2023, 0, 89, 0, 0, 0, NULL, NULL, NULL),
(168, 79, 6, 2023, 0, 46, 0, 0, 0, NULL, NULL, NULL),
(169, 80, 6, 2023, 0, 125, 0, 0, 0, NULL, NULL, NULL),
(170, 81, 6, 2023, 0, 16, 0, 0, 0, NULL, NULL, NULL),
(171, 77, 5, 2023, 0, 85, 0, 0, 0, NULL, NULL, NULL),
(172, 79, 5, 2023, 0, 43, 0, 0, 0, NULL, NULL, NULL),
(173, 80, 5, 2023, 0, 166, 0, 0, 0, NULL, NULL, NULL),
(174, 81, 5, 2023, 0, 12, 0, 0, 0, NULL, NULL, NULL),
(175, 84, 5, 2023, 0, 336, 0, 0, 0, NULL, NULL, NULL),
(176, 86, 5, 2023, 12, 155, 0, 0, 0, NULL, NULL, NULL),
(177, 77, 4, 2023, 0, 78, 0, 0, 0, NULL, NULL, NULL),
(178, 79, 4, 2023, 0, 40, 0, 0, 0, NULL, NULL, NULL),
(179, 80, 4, 2023, 0, 116, 0, 0, 0, NULL, NULL, NULL),
(180, 81, 4, 2023, 0, 8, 0, 0, 0, NULL, NULL, NULL),
(181, 90, 4, 2023, 0, 284, 0, 0, 0, NULL, NULL, NULL),
(182, 79, 3, 2023, 0, 54, 0, 0, 0, NULL, NULL, NULL),
(183, 80, 3, 2023, 0, 168, 0, 0, 0, NULL, NULL, NULL),
(184, 81, 3, 2023, 0, 21, 0, 0, 0, NULL, NULL, NULL),
(185, 90, 3, 2023, 0, 267, 0, 0, 0, NULL, NULL, NULL),
(186, 77, 12, 2023, 0, 74, 0, 0, 0, NULL, NULL, NULL),
(187, 78, 12, 2023, 0, 60, 0, 0, 0, NULL, NULL, NULL),
(188, 79, 12, 2023, 0, 30, 0, 0, 0, NULL, NULL, NULL),
(189, 80, 12, 2023, 0, 39, 0, 0, 0, NULL, NULL, NULL),
(190, 81, 12, 2023, 0, 13, 0, 0, 0, NULL, NULL, NULL),
(191, 82, 12, 2023, 0, 38, 0, 0, 0, NULL, NULL, NULL),
(192, 83, 12, 2023, 0, 277, 0, 0, 0, NULL, NULL, NULL),
(193, 84, 12, 2023, 0, 68, 0, 0, 0, NULL, NULL, NULL),
(194, 85, 12, 2023, 0, 1381, 0, 0, 0, NULL, NULL, NULL),
(195, 86, 12, 2023, 0, 277, 0, 0, 0, NULL, NULL, NULL),
(196, 90, 12, 2023, 0, 378, 0, 0, 0, NULL, NULL, NULL),
(197, 91, 12, 2023, 0, 46, 0, 0, 0, NULL, NULL, NULL),
(198, 77, 1, 2024, 0, 66, 0, 0, 0, NULL, NULL, NULL),
(199, 78, 1, 2024, 0, 60, 0, 0, 0, NULL, NULL, NULL),
(200, 79, 1, 2024, 0, 22, 0, 0, 0, NULL, NULL, NULL),
(201, 80, 1, 2024, 0, 33, 0, 0, 0, NULL, NULL, NULL),
(202, 81, 1, 2024, 0, 10, 0, 0, 0, NULL, NULL, NULL),
(203, 82, 1, 2024, 0, 35, 0, 0, 0, NULL, NULL, NULL),
(204, 83, 1, 2024, 0, 424, 0, 0, 0, NULL, NULL, NULL),
(205, 84, 1, 2024, 0, 218, 0, 0, 0, NULL, NULL, NULL),
(206, 85, 1, 2024, 0, 1531, 0, 0, 0, NULL, NULL, NULL),
(207, 86, 1, 2024, 0, 317, 16, 0, 0, NULL, NULL, NULL),
(208, 90, 1, 2024, 0, 272, 0, 0, 0, NULL, NULL, NULL),
(209, 91, 1, 2024, 0, 71, 0, 0, 0, NULL, NULL, NULL),
(213, 80, 2, 2024, 0, 23, 0, 0, 0, NULL, NULL, NULL),
(214, 81, 2, 2024, 0, 12, 0, 0, 0, NULL, NULL, NULL),
(215, 77, 2, 2024, 0, 59, 0, 0, 0, NULL, NULL, NULL),
(216, 78, 2, 2024, 0, 79, 0, 0, 0, NULL, NULL, NULL),
(217, 79, 2, 2024, 0, 27, 0, 0, 0, NULL, NULL, NULL),
(218, 82, 2, 2024, 0, 38, 0, 0, 0, NULL, NULL, NULL),
(219, 83, 2, 2024, 0, 485, 0, 0, 0, NULL, NULL, NULL),
(220, 84, 2, 2024, 0, 385, 0, 0, 0, NULL, NULL, NULL),
(221, 85, 2, 2024, 0, 1395, 0, 0, 0, NULL, NULL, NULL),
(222, 86, 2, 2024, 0, 392, 31, 0, 0, NULL, NULL, NULL),
(223, 90, 2, 2024, 0, 372, 0, 0, 0, NULL, NULL, NULL),
(224, 91, 2, 2024, 0, 48, 0, 0, 0, NULL, NULL, NULL),
(226, 78, 3, 2024, 0, 61, 0, 0, 0, NULL, NULL, NULL),
(227, 79, 3, 2024, 0, 59, 0, 0, 0, NULL, NULL, NULL),
(228, 80, 3, 2024, 0, 21, 0, 0, 0, NULL, NULL, NULL),
(229, 81, 3, 2024, 0, 14, 0, 0, 0, NULL, NULL, NULL),
(230, 82, 3, 2024, 0, 34, 0, 0, 0, NULL, NULL, NULL),
(231, 83, 3, 2024, 0, 446, 0, 0, 0, NULL, NULL, NULL),
(232, 84, 3, 2024, 0, 446, 0, 0, 0, NULL, NULL, NULL),
(233, 85, 3, 2024, 0, 1322, 0, 0, 0, NULL, NULL, NULL),
(234, 86, 3, 2024, 0, 411, 35, 0, 0, NULL, NULL, NULL),
(235, 90, 3, 2024, 0, 450, 0, 0, 0, NULL, NULL, NULL),
(236, 91, 3, 2024, 0, 50, 0, 0, 0, NULL, NULL, NULL),
(258, 77, 3, 2024, 0, 47, 0, 0, 0, NULL, NULL, NULL),
(259, 77, 4, 2024, 0, 52, 0, 0, 0, NULL, NULL, NULL),
(260, 78, 4, 2024, 0, 74, 0, 0, 0, NULL, NULL, NULL),
(261, 79, 4, 2024, 0, 74, 0, 0, 0, NULL, NULL, NULL),
(262, 80, 4, 2024, 0, 24, 0, 0, 0, NULL, NULL, NULL),
(263, 81, 4, 2024, 0, 14, 0, 0, 0, NULL, NULL, NULL),
(264, 82, 4, 2024, 0, 37, 0, 0, 0, NULL, NULL, NULL),
(265, 83, 4, 2024, 0, 364, 0, 0, 0, NULL, NULL, NULL),
(266, 84, 4, 2024, 0, 429, 0, 0, 0, NULL, NULL, NULL),
(267, 85, 4, 2024, 0, 1725, 0, 0, 0, NULL, NULL, NULL),
(268, 86, 4, 2024, 0, 295, 189, 0, 0, NULL, NULL, NULL),
(269, 90, 4, 2024, 0, 476, 0, 0, 0, NULL, NULL, NULL),
(270, 91, 4, 2024, 0, 38, 0, 0, 0, NULL, NULL, NULL),
(271, 77, 5, 2024, 0, 59, 0, 0, 0, NULL, NULL, NULL),
(272, 78, 5, 2024, 0, 61, 0, 0, 0, NULL, NULL, NULL),
(273, 79, 5, 2024, 0, 114, 0, 0, 0, NULL, NULL, NULL),
(274, 80, 5, 2024, 0, 22, 0, 0, 0, NULL, NULL, NULL),
(275, 81, 5, 2024, 0, 12, 0, 0, 0, NULL, NULL, NULL),
(276, 82, 5, 2024, 0, 39, 0, 0, 0, NULL, NULL, NULL),
(277, 83, 5, 2024, 0, 329, 0, 0, 0, NULL, NULL, NULL),
(278, 84, 5, 2024, 0, 202, 0, 0, 0, NULL, NULL, NULL),
(279, 85, 5, 2024, 0, 1520, 0, 0, 0, NULL, NULL, NULL),
(280, 86, 5, 2024, 40, 416, 36, 0, 0, NULL, NULL, NULL),
(281, 90, 5, 2024, 0, 451, 0, 0, 0, NULL, NULL, NULL),
(282, 91, 5, 2024, 0, 16, 0, 0, 0, NULL, NULL, NULL),
(283, 77, 6, 2024, 0, 40, 0, 0, 0, NULL, NULL, NULL),
(284, 78, 6, 2024, 0, 55, 0, 0, 0, NULL, NULL, NULL),
(285, 79, 6, 2024, 0, 59, 0, 0, 0, NULL, NULL, NULL),
(286, 80, 6, 2024, 0, 21, 0, 0, 0, NULL, NULL, NULL),
(287, 81, 6, 2024, 0, 1, 0, 0, 0, NULL, NULL, NULL),
(288, 82, 6, 2024, 0, 37, 0, 0, 0, NULL, NULL, NULL),
(289, 83, 6, 2024, 0, 245, 0, 0, 0, NULL, NULL, NULL),
(290, 84, 6, 2024, 0, 98, 0, 0, 0, NULL, NULL, NULL),
(291, 85, 6, 2024, 0, 1385, 0, 0, 0, NULL, NULL, NULL),
(292, 86, 6, 2024, 31, 292, 37, 0, 0, NULL, NULL, NULL),
(293, 90, 6, 2024, 0, 365, 0, 0, 0, NULL, NULL, NULL),
(294, 91, 6, 2024, 0, 23, 0, 0, 0, NULL, NULL, NULL),
(295, 78, 7, 2024, 0, 71, 0, 0, 0, NULL, NULL, NULL),
(296, 77, 7, 2024, 0, 45, 0, 0, 0, NULL, NULL, NULL),
(297, 79, 7, 2024, 0, 87, 0, 0, 0, NULL, NULL, NULL),
(298, 80, 7, 2024, 0, 22, 0, 0, 0, NULL, NULL, NULL),
(299, 81, 7, 2024, 0, 25, 0, 0, 0, NULL, NULL, NULL),
(300, 82, 7, 0, 0, 39, 0, 0, 0, NULL, NULL, NULL),
(301, 83, 7, 2024, 0, 337, 0, 0, 0, NULL, NULL, NULL),
(302, 84, 7, 2024, 0, 137, 0, 0, 0, NULL, NULL, NULL),
(303, 85, 7, 2024, 0, 1546, 0, 0, 0, NULL, NULL, NULL),
(304, 90, 7, 2024, 0, 385, 0, 0, 0, NULL, NULL, NULL),
(305, 91, 7, 2024, 0, 21, 0, 0, 0, NULL, NULL, NULL),
(306, 77, 8, 2024, 0, 498, 0, 0, 0, NULL, NULL, NULL),
(307, 78, 8, 2024, 0, 62, 0, 0, 0, NULL, NULL, NULL),
(308, 79, 8, 2024, 0, 70, 0, 0, 0, NULL, NULL, NULL),
(309, 80, 8, 2024, 0, 23, 0, 0, 0, NULL, NULL, NULL),
(310, 81, 8, 2024, 0, 18, 0, 0, 0, NULL, NULL, NULL),
(311, 82, 8, 2024, 0, 36, 0, 0, 0, NULL, NULL, NULL),
(312, 83, 8, 2024, 0, 368, 0, 0, 0, NULL, NULL, NULL),
(313, 84, 8, 2024, 0, 113, 0, 0, 0, NULL, NULL, NULL),
(314, 85, 8, 2024, 0, 1339, 0, 0, 0, NULL, NULL, NULL),
(315, 90, 8, 2024, 0, 315, 0, 0, 0, NULL, NULL, NULL),
(316, 91, 8, 2024, 0, 30, 0, 0, 0, NULL, NULL, NULL),
(317, 77, 9, 2024, 0, 384, 0, 0, 0, NULL, NULL, NULL),
(318, 78, 9, 2024, 0, 58, 0, 0, 0, NULL, NULL, NULL),
(319, 79, 9, 2024, 0, 110, 0, 0, 0, NULL, NULL, NULL),
(320, 80, 9, 2024, 0, 25, 0, 0, 0, NULL, NULL, NULL),
(321, 81, 9, 2024, 0, 23, 0, 0, 0, NULL, NULL, NULL),
(322, 82, 9, 2024, 0, 41, 0, 0, 0, NULL, NULL, NULL),
(323, 83, 9, 2024, 0, 431, 0, 0, 0, NULL, NULL, NULL),
(324, 84, 9, 2024, 0, 160, 0, 0, 0, NULL, NULL, NULL),
(325, 85, 9, 2024, 0, 1274, 0, 0, 0, NULL, NULL, NULL),
(326, 90, 9, 2024, 0, 348, 0, 0, 0, NULL, NULL, NULL),
(327, 91, 9, 2024, 0, 39, 0, 0, 0, NULL, NULL, NULL),
(328, 77, 10, 2024, 0, 363, 0, 0, 0, NULL, NULL, NULL),
(329, 78, 10, 2024, 0, 60, 0, 0, 0, NULL, NULL, NULL),
(330, 79, 10, 2024, 0, 123, 0, 0, 0, NULL, NULL, NULL),
(331, 80, 10, 2024, 0, 28, 0, 0, 0, NULL, NULL, NULL),
(332, 81, 10, 2024, 0, 27, 0, 0, 0, NULL, NULL, NULL),
(333, 82, 10, 2024, 0, 38, 0, 0, 0, NULL, NULL, NULL),
(334, 83, 10, 2024, 0, 369, 0, 0, 0, NULL, NULL, NULL),
(335, 84, 10, 2024, 0, 125, 0, 0, 0, NULL, NULL, NULL),
(336, 85, 10, 2024, 0, 1267, 0, 0, 0, NULL, NULL, NULL),
(337, 90, 10, 2024, 0, 334, 0, 0, 0, NULL, NULL, NULL),
(338, 91, 10, 2024, 0, 38, 0, 0, 0, NULL, NULL, NULL),
(339, 77, 11, 2024, 0, 237, 0, 0, 0, NULL, NULL, NULL),
(340, 78, 11, 2024, 0, 58, 0, 0, 0, NULL, NULL, NULL),
(341, 79, 11, 2024, 0, 123, 0, 0, 0, NULL, NULL, NULL),
(342, 80, 10, 2024, 0, 25, 0, 0, 0, NULL, NULL, NULL),
(343, 80, 11, 2024, 0, 25, 0, 0, 0, NULL, NULL, NULL),
(344, 81, 11, 2024, 0, 21, 0, 0, 0, NULL, NULL, NULL),
(345, 82, 11, 2024, 0, 41, 0, 0, 0, NULL, NULL, NULL),
(346, 83, 11, 2024, 0, 424, 0, 0, 0, NULL, NULL, NULL),
(347, 84, 11, 2024, 0, 102, 0, 0, 0, NULL, NULL, NULL),
(348, 85, 11, 2024, 0, 1121, 0, 0, 0, NULL, NULL, NULL),
(349, 90, 11, 2024, 0, 311, 0, 0, 0, NULL, NULL, NULL),
(350, 91, 11, 2024, 0, 18, 0, 0, 0, NULL, NULL, NULL),
(351, 77, 12, 2024, 0, 253, 0, 0, 0, NULL, NULL, NULL),
(352, 78, 12, 2024, 0, 54, 0, 0, 0, NULL, NULL, NULL),
(353, 79, 12, 2024, 0, 106, 0, 0, 0, NULL, NULL, NULL),
(354, 80, 12, 2024, 0, 35, 0, 0, 0, NULL, NULL, NULL),
(355, 81, 12, 2024, 0, 14, 0, 0, 0, NULL, NULL, NULL),
(356, 82, 12, 2024, 0, 47, 0, 0, 0, NULL, NULL, NULL),
(357, 83, 12, 2024, 0, 478, 0, 0, 0, NULL, NULL, NULL),
(358, 84, 12, 2024, 0, 72, 0, 0, 0, NULL, NULL, NULL),
(359, 85, 12, 2024, 0, 1221, 0, 0, 0, NULL, NULL, NULL),
(360, 90, 12, 2024, 0, 249, 0, 0, 0, NULL, NULL, NULL),
(361, 91, 12, 2024, 0, 29, 0, 0, 0, NULL, NULL, NULL);

-- --------------------------------------------------------

--
-- Table structure for table `work_order_summary`
--

DROP TABLE IF EXISTS `work_order_summary`;
CREATE TABLE IF NOT EXISTS `work_order_summary` (
  `id` int NOT NULL,
  `opcos_list_id` int NOT NULL,
  `month_number` int NOT NULL,
  `year` int NOT NULL,
  `app_issue_count` int NOT NULL,
  `fun_issue_count` int NOT NULL,
  `data_issue_count` int NOT NULL,
  `plat_issue_count` int NOT NULL,
  `NFR_issue_count` int NOT NULL,
  `tec_issue_count` int NOT NULL,
  `3pp_issue_count` int NOT NULL,
  `clar_issue_count` int NOT NULL,
  `no_fcr_count` varchar(255) DEFAULT NULL,
  `process_gap_count` varchar(255) DEFAULT NULL,
  `know_gap_count` varchar(45) NOT NULL,
  `service_request_count` varchar(45) DEFAULT NULL,
  `add3` varchar(45) DEFAULT NULL,
  `add5` varchar(45) DEFAULT NULL
) ENGINE=InnoDB AUTO_INCREMENT=316 DEFAULT CHARSET=latin1;

--
-- Dumping data for table `work_order_summary`
--

INSERT INTO `work_order_summary` (`id`, `opcos_list_id`, `month_number`, `year`, `app_issue_count`, `fun_issue_count`, `data_issue_count`, `plat_issue_count`, `NFR_issue_count`, `tec_issue_count`, `3pp_issue_count`, `clar_issue_count`, `no_fcr_count`, `process_gap_count`, `know_gap_count`, `service_request_count`, `add3`, `add5`) VALUES
(1, 76, 5, 2023, 5, 0, 0, 0, 30, 0, 0, 0, '0', '0', '0', '80', NULL, NULL),
(2, 77, 5, 2023, 0, 19, 6, 0, 0, 0, 0, 2, '0', '0', '0', '58', NULL, NULL),
(3, 78, 5, 2023, 2, 2, 20, 0, 5, 0, 3, 4, '0', '0', '0', '49', NULL, NULL),
(4, 79, 5, 2023, 0, 0, 0, 0, 0, 0, 3, 0, '0', '0', '0', '40', NULL, NULL),
(5, 80, 5, 2023, 0, 0, 18, 0, 145, 0, 0, 0, '0', '0', '0', '3', NULL, NULL),
(6, 81, 5, 2023, 0, 0, 0, 0, 0, 0, 0, 0, '0', '0', '0', '12', NULL, NULL),
(7, 82, 5, 2023, 0, 0, 15, 0, 7, 0, 3, 4, '0', '0', '0', '0', NULL, NULL),
(8, 83, 5, 2023, 100, 100, 200, 0, 0, 0, 41, 100, '0', '0', '150', '0', NULL, NULL),
(9, 85, 5, 2023, 89, 1374, 133, 0, 0, 0, 0, 0, '0', '978', '216', '0', NULL, NULL),
(10, 91, 5, 2023, 0, 0, 0, 0, 0, 0, 0, 0, '0', '0', '0', '74', NULL, NULL),
(12, 76, 6, 2023, 2, 0, 6, 0, 32, 0, 0, 0, '0', '0', '0', '25', NULL, NULL),
(13, 80, 6, 2023, 0, 0, 12, 0, 96, 0, 0, 0, '0', '0', '0', '17', NULL, NULL),
(14, 83, 6, 2023, 100, 100, 100, 0, 0, 0, 91, 100, '0', '0', '100', '0', NULL, NULL),
(15, 84, 6, 2023, 0, 0, 0, 0, 0, 0, 0, 0, '0', '426', '0', '0', NULL, NULL),
(16, 90, 5, 2023, 0, 0, 0, 0, 54, 0, 0, 0, '0', '0', '0', '175', NULL, NULL),
(17, 78, 6, 2023, 6, 0, 14, 0, 0, 0, 33, 0, '0', '0', '0', '27', NULL, NULL),
(18, 82, 6, 2023, 12, 0, 8, 0, 3, 0, 8, 0, '0', '0', '0', '0', NULL, NULL),
(19, 86, 6, 2023, 2, 45, 0, 0, 0, 0, 0, 0, '0', '83', '0', '0', NULL, NULL),
(20, 85, 6, 2023, 78, 1121, 223, 0, 0, 0, 0, 0, '0', '774', '238', '0', NULL, NULL),
(21, 79, 6, 2023, 0, 0, 15, 0, 0, 0, 0, 0, '0', '0', '0', '31', NULL, NULL),
(22, 77, 6, 2023, 0, 0, 0, 0, 0, 0, 0, 0, '0', '0', '0', '89', NULL, NULL),
(23, 81, 6, 2023, 0, 0, 0, 0, 0, 0, 0, 0, '0', '0', '0', '16', NULL, NULL),
(24, 90, 6, 2023, 0, 0, 0, 0, 54, 0, 0, 0, '0', '0', '0', '175', NULL, NULL),
(25, 91, 6, 2023, 0, 0, 1, 0, 0, 0, 0, 0, '0', '0', '0', '11', NULL, NULL),
(28, 76, 1, 2023, 0, 0, 0, 0, 3, 0, 0, 0, '0', '0', '0', '65', NULL, NULL),
(29, 77, 1, 2023, 0, 0, 19, 0, 0, 0, 60, 0, '0', '0', '0', '0', NULL, NULL),
(30, 78, 1, 2023, 10, 14, 39, 0, 0, 0, 27, 0, '0', '24', '2', '74', NULL, NULL),
(31, 79, 1, 2023, 0, 0, 0, 0, 0, 0, 0, 0, '0', '0', '0', '31', NULL, NULL),
(32, 80, 1, 2023, 0, 0, 0, 0, 84, 0, 0, 0, '0', '0', '0', '19', NULL, NULL),
(33, 81, 1, 2023, 0, 0, 0, 0, 0, 0, 0, 0, '0', '0', '0', '9', NULL, NULL),
(34, 76, 2, 2023, 0, 0, 0, 0, 0, 0, 0, 0, '0', '0', '0', '88', NULL, NULL),
(35, 82, 1, 2023, 0, 0, 0, 0, 17, 0, 0, 5, '0', '0', '0', '0', NULL, NULL),
(36, 77, 2, 2023, 0, 0, 0, 0, 0, 0, 0, 0, '0', '0', '0', '69', NULL, NULL),
(37, 83, 1, 2023, 200, 200, 200, 0, 0, 0, 0, 300, '0', '0', '53', '0', NULL, NULL),
(38, 84, 1, 2023, 0, 0, 0, 0, 0, 0, 0, 0, '0', '247', '0', '0', NULL, NULL),
(39, 78, 2, 2023, 13, 12, 44, 71, 0, 0, 24, 6, '0', '22', '4', '0', NULL, NULL),
(40, 85, 1, 2023, 0, 248, 0, 0, 0, 0, 787, 72, '0', '538', '287', '0', NULL, NULL),
(41, 79, 2, 2023, 0, 0, 0, 0, 3, 0, 0, 0, '0', '0', '0', '18', NULL, NULL),
(42, 86, 1, 2023, 1, 45, 41, 0, 0, 0, 0, 0, '0', '110', '0', '0', NULL, NULL),
(43, 80, 2, 2023, 0, 0, 0, 0, 165, 0, 0, 0, '0', '0', '0', '9', NULL, NULL),
(44, 81, 2, 2023, 0, 0, 0, 0, 0, 0, 0, 0, '0', '0', '0', '13', NULL, NULL),
(45, 82, 2, 2023, 0, 0, 11, 0, 13, 0, 8, 5, '0', '0', '0', '0', NULL, NULL),
(46, 83, 2, 2023, 100, 100, 200, 0, 0, 0, 0, 100, '0', '0', '55', '0', NULL, NULL),
(47, 84, 2, 2023, 0, 0, 0, 0, 0, 0, 0, 0, '0', '243', '0', '0', NULL, NULL),
(48, 85, 2, 2023, 0, 388, 0, 0, 0, 0, 891, 78, '0', '568', '287', '0', NULL, NULL),
(49, 86, 2, 2023, 0, 58, 48, 1, 0, 0, 0, 0, '0', '90', '2', '0', NULL, NULL),
(50, 76, 7, 2023, 12, 2, 4, 0, 8, 0, 0, 0, '0', '0', '0', '45', NULL, NULL),
(51, 90, 2, 2023, 0, 0, 0, 60, 0, 0, 0, 0, '0', '0', '0', '198', NULL, NULL),
(52, 76, 3, 2023, 0, 0, 0, 0, 40, 0, 0, 0, '0', '0', '0', '48', NULL, NULL),
(53, 77, 3, 2023, 0, 0, 0, 0, 0, 0, 0, 0, '0', '0', '0', '91', NULL, NULL),
(54, 78, 3, 2023, 11, 16, 53, 0, 0, 0, 56, 155, '0', '11', '3', '211', NULL, NULL),
(55, 79, 3, 2023, 0, 0, 0, 0, 0, 0, 0, 0, '0', '0', '0', '54', NULL, NULL),
(56, 80, 3, 2023, 0, 0, 0, 0, 162, 0, 0, 0, '0', '0', '0', '6', NULL, NULL),
(57, 81, 3, 2023, 0, 0, 0, 0, 162, 0, 0, 0, '0', '0', '0', '6', NULL, NULL),
(58, 82, 3, 2023, 0, 0, 19, 9, 0, 0, 5, 6, '0', '0', '0', '0', NULL, NULL),
(59, 83, 3, 2023, 100, 100, 200, 0, 0, 0, 0, 100, '0', '0', '93', '0', NULL, NULL),
(60, 84, 3, 2023, 0, 0, 0, 0, 0, 0, 0, 0, '0', '303', '0', '0', NULL, NULL),
(61, 85, 3, 2023, 0, 586, 0, 0, 0, 0, 956, 78, '0', '761', '198', '0', NULL, NULL),
(62, 86, 3, 2023, 6, 0, 3, 2, 0, 0, 0, 0, '0', '150', '0', '0', NULL, NULL),
(63, 76, 4, 2023, 0, 0, 0, 0, 2, 0, 0, 0, '0', '0', '0', '80', NULL, NULL),
(64, 77, 4, 2023, 0, 0, 0, 0, 2, 0, 0, 0, '0', '0', '0', '80', NULL, NULL),
(65, 78, 4, 2023, 5, 3, 24, 0, 3, 0, 3, 5, '0', '4', '1', '55', NULL, NULL),
(66, 79, 4, 2023, 0, 0, 0, 0, 0, 0, 0, 0, '0', '0', '0', '40', NULL, NULL),
(67, 80, 4, 2023, 0, 0, 4, 0, 97, 0, 0, 0, '0', '0', '0', '15', NULL, NULL),
(68, 81, 4, 2023, 0, 0, 0, 0, 0, 0, 0, 0, '0', '0', '0', '8', NULL, NULL),
(69, 82, 4, 2023, 0, 0, 17, 0, 10, 0, 4, 3, '0', '0', '0', '0', NULL, NULL),
(70, 83, 4, 2023, 100, 100, 200, 0, 0, 0, 0, 80, '0', '0', '29', '0', NULL, NULL),
(71, 84, 4, 2023, 0, 0, 0, 0, 0, 0, 0, 0, '0', '337', '0', '0', NULL, NULL),
(72, 85, 4, 2023, 78, 489, 33, 0, 0, 0, 0, 0, '0', '761', '198', '0', NULL, NULL),
(73, 86, 4, 2023, 0, 27, 45, 1, 0, 0, 0, 0, '0', '56', '4', '0', NULL, NULL),
(74, 86, 7, 2023, 1, 48, 2, 1, 0, 0, 0, 0, '0', '43', '0', '0', NULL, NULL),
(75, 85, 7, 2023, 101, 1374, 221, 0, 0, 0, 0, 0, '0', '984', '301', '0', NULL, NULL),
(76, 77, 7, 2023, 0, 0, 0, 0, 0, 0, 0, 0, '0', '0', '0', '87', NULL, NULL),
(77, 84, 7, 2023, 0, 0, 0, 0, 0, 0, 0, 0, '0', '536', '0', '0', NULL, NULL),
(78, 83, 7, 2023, 100, 100, 100, 0, 0, 0, 45, 100, '0', '0', '100', '0', NULL, NULL),
(79, 82, 7, 2023, 0, 0, 6, 0, 4, 0, 0, 11, '0', '0', '0', '17', NULL, NULL),
(80, 81, 7, 2023, 0, 0, 0, 0, 0, 0, 0, 0, '0', '0', '0', '8', NULL, NULL),
(81, 80, 7, 2023, 0, 0, 0, 0, 51, 0, 0, 0, '0', '0', '0', '2', NULL, NULL),
(82, 79, 7, 2023, 0, 0, 20, 0, 0, 0, 0, 0, '0', '0', '0', '20', NULL, NULL),
(83, 78, 7, 2023, 0, 1, 9, 30, 0, 0, 30, 0, '0', '0', '0', '0', NULL, NULL),
(84, 76, 8, 2023, 0, 0, 0, 0, 0, 0, 0, 0, '0', '0', '0', '71', NULL, NULL),
(85, 77, 8, 2023, 0, 0, 0, 0, 0, 0, 0, 0, '0', '0', '0', '69', NULL, NULL),
(86, 78, 8, 2023, 0, 10, 4, 0, 0, 0, 9, 0, '0', '0', '1', '38', NULL, NULL),
(87, 79, 9, 2023, 0, 0, 10, 0, 0, 0, 0, 0, '0', '0', '0', '38', NULL, NULL),
(88, 80, 8, 2023, 0, 0, 9, 0, 2, 0, 0, 0, '0', '0', '0', '13', NULL, NULL),
(89, 81, 8, 2023, 0, 0, 0, 0, 0, 0, 0, 0, '0', '0', '0', '0', NULL, NULL),
(90, 86, 8, 2023, 1, 148, 2, 2, 0, 0, 0, 0, '0', '83', '0', '0', NULL, NULL),
(91, 85, 8, 2023, 95, 1375, 224, 0, 0, 0, 0, 0, '0', '983', '298', '0', NULL, NULL),
(92, 84, 8, 2023, 0, 0, 0, 0, 0, 0, 0, 0, '0', '406', '0', '0', NULL, NULL),
(93, 83, 8, 2023, 100, 100, 100, 0, 0, 0, 31, 100, '0', '0', '100', '0', NULL, NULL),
(94, 76, 9, 2023, 0, 0, 2, 0, 25, 0, 0, 0, '0', '0', '0', '10', NULL, NULL),
(95, 77, 9, 2023, 0, 0, 0, 0, 0, 0, 0, 0, '0', '0', '0', '72', NULL, NULL),
(96, 78, 9, 2023, 5, 4, 7, 0, 0, 0, 17, 0, '0', '0', '2', '35', NULL, NULL),
(97, 80, 9, 2023, 0, 0, 0, 0, 18, 0, 0, 0, '0', '0', '0', '9', NULL, NULL),
(98, 81, 9, 2023, 0, 0, 0, 0, 0, 0, 0, 0, '0', '0', '0', '17', NULL, NULL),
(99, 82, 8, 2023, 11, 3, 8, 0, 0, 0, 0, 6, '0', '0', '0', '4', NULL, NULL),
(100, 79, 8, 2023, 0, 0, 15, 0, 0, 0, 0, 0, '0', '0', '0', '7', NULL, NULL),
(101, 82, 9, 2023, 14, 4, 0, 0, 0, 0, 0, 3, '0', '0', '0', '6', NULL, NULL),
(102, 83, 9, 2023, 100, 100, 50, 0, 0, 0, 86, 100, '0', '0', '50', '0', NULL, NULL),
(103, 84, 9, 2023, 0, 0, 0, 0, 0, 0, 0, 0, '0', '235', '0', '0', NULL, NULL),
(104, 85, 9, 2023, 54, 952, 92, 0, 0, 0, 0, 0, '0', '561', '78', '0', NULL, NULL),
(105, 86, 9, 2023, 5, 14, 2, 5, 0, 0, 3, 0, '0', '38', '4', '0', NULL, NULL),
(106, 76, 10, 2023, 4, 0, 5, 0, 9, 0, 0, 0, '0', '0', '0', '40', NULL, NULL),
(107, 77, 10, 2023, 0, 0, 0, 0, 0, 0, 0, 0, '0', '0', '0', '45', NULL, NULL),
(108, 78, 10, 2023, 2, 0, 10, 0, 0, 0, 2, 0, '0', '0', '0', '19', NULL, NULL),
(109, 79, 10, 2023, 0, 0, 20, 0, 0, 0, 0, 0, '00', '0', '0', '13', NULL, NULL),
(110, 80, 10, 2023, 0, 0, 0, 0, 20, 0, 0, 0, '0', '0', '0', '8', NULL, NULL),
(111, 81, 10, 2023, 0, 0, 0, 0, 0, 0, 0, 0, '0', '0', '0', '10', NULL, NULL),
(112, 82, 10, 2023, 18, 12, 1, 0, 0, 0, 0, 5, '0', '0', '0', '13', NULL, NULL),
(113, 83, 10, 2023, 100, 100, 50, 0, 0, 0, 38, 80, '0', '0', '50', '0', NULL, NULL),
(114, 84, 10, 2023, 0, 0, 0, 0, 0, 0, 0, 0, '0', '228', '0', '0', NULL, NULL),
(115, 86, 10, 2023, 4, 0, 25, 0, 4, 0, 0, 0, '0', '30', '6', '0', NULL, NULL),
(116, 85, 10, 2023, 45, 680, 110, 0, 0, 0, 0, 0, '0', '580', '47', '0', NULL, NULL),
(117, 91, 1, 2023, 8, 5, 10, 6, 0, 0, 4, 48, '0', '0', '0', '0', NULL, NULL),
(118, 91, 2, 2023, 0, 18, 20, 0, 0, 0, 0, 40, '0', '0', '0', '0', NULL, NULL),
(119, 91, 3, 2023, 2, 5, 13, 3, 0, 0, 1, 45, '0', '0', '0', '0', NULL, NULL),
(120, 91, 4, 2023, 15, 0, 13, 1, 18, 0, 0, 23, '0', '0', '0', '0', NULL, NULL),
(121, 91, 7, 2023, 0, 0, 0, 0, 0, 0, 0, 0, '0', '0', '0', '7', NULL, NULL),
(122, 91, 8, 2023, 0, 0, 0, 0, 0, 0, 0, 0, '0', '0', '0', '12', NULL, NULL),
(123, 91, 9, 2023, 0, 0, 0, 0, 0, 0, 0, 0, '0', '0', '0', '128', NULL, NULL),
(124, 91, 10, 2023, 0, 0, 0, 0, 0, 0, 0, 0, '0', '0', '0', '74', NULL, NULL),
(125, 91, 11, 2023, 0, 0, 0, 0, 0, 0, 0, 0, '0', '0', '0', '0', NULL, NULL),
(129, 81, 11, 2023, 0, 0, 0, 0, 0, 0, 0, 0, '0', '0', '0', '46', NULL, NULL),
(130, 82, 11, 2023, 9, 12, 9, 0, 0, 0, 0, 0, '0', '0', '0', '7', NULL, NULL),
(131, 84, 11, 2023, 0, 0, 0, 0, 0, 0, 0, 0, '0', '144', '0', '0', NULL, NULL),
(132, 86, 11, 2023, 4, 105, 16, 0, 0, 0, 0, 51, '0', '25', '8', '0', NULL, NULL),
(133, 90, 11, 2023, 0, 0, 0, 0, 60, 0, 0, 0, '0', '0', '0', '239', NULL, NULL),
(134, 80, 11, 2023, 0, 0, 0, 0, 22, 0, 0, 0, '0', '0', '0', '4', NULL, NULL),
(135, 83, 11, 2023, 100, 100, 50, 0, 0, 0, 24, 100, '0', '0', '50', '0', NULL, NULL),
(136, 85, 11, 2023, 95, 880, 264, 0, 0, 0, 0, 0, '0', '610', '81', '0', NULL, NULL),
(137, 91, 11, 2023, 0, 0, 0, 0, 0, 0, 0, 0, '0', '0', '0', '68', NULL, NULL),
(138, 77, 11, 2023, 0, 0, 0, 0, 0, 0, 0, 0, '0', '0', '0', '0', NULL, NULL),
(139, 78, 11, 2023, 0, 0, 17, 0, 0, 0, 2, 8, '0', '0', '0', '32', NULL, NULL),
(140, 79, 11, 2023, 0, 0, 12, 0, 0, 0, 0, 0, '0', '0', '0', '21', NULL, NULL),
(141, 77, 11, 2020, 0, 0, 0, 0, 0, 0, 0, 0, '0', '0', '0', '0', NULL, NULL),
(142, 78, 11, 2023, 1, 1, 1, 1, 1, 1, 1, 1, '1', '1', '1', '1', NULL, NULL),
(143, 77, 11, 2023, 0, 0, 0, 0, 0, 0, 0, 0, '0', '0', '0', '55', NULL, NULL),
(144, 90, 1, 2023, 0, 0, 0, 0, 82, 0, 0, 0, '0', '0', '0', '221', NULL, NULL),
(145, 90, 10, 2023, 0, 0, 0, 99, 0, 0, 0, 0, NULL, NULL, '0', '239', NULL, NULL),
(146, 90, 10, 2023, 0, 0, 0, 99, 0, 0, 0, 0, NULL, NULL, '0', '239', NULL, NULL),
(147, 90, 9, 2023, 0, 0, 0, 0, 89, 0, 0, 0, NULL, NULL, '0', '212', NULL, NULL),
(148, 90, 8, 2023, 0, 0, 0, 0, 41, 0, 0, 0, NULL, NULL, '0', '162', NULL, NULL),
(149, 90, 7, 2023, 0, 0, 0, 0, 34, 0, 0, 0, NULL, NULL, '0', '142', NULL, NULL),
(150, 84, 5, 2023, 0, 0, 0, 0, 0, 0, 0, 0, NULL, '336', '0', NULL, NULL, NULL),
(151, 86, 5, 2023, 0, 26, 25, 3, 0, 0, 0, 0, '0', '113', '0', NULL, NULL, NULL),
(152, 90, 4, 2023, 0, 0, 0, 0, 71, 0, 0, 0, NULL, NULL, '0', '213', NULL, NULL),
(153, 90, 3, 2023, 0, 0, 0, 0, 64, 0, 0, 0, NULL, NULL, '0', '203', NULL, NULL),
(154, 77, 12, 2023, 0, 0, 0, 0, 0, 0, 0, 0, '0', '0', '0', '74', NULL, NULL),
(155, 78, 12, 2023, 0, 0, 0, 0, 0, 0, 0, 0, '0', '0', '0', '60', NULL, NULL),
(156, 79, 12, 2023, 0, 0, 15, 0, 0, 0, 0, 0, '0', '0', '0', '15', NULL, NULL),
(157, 80, 12, 2023, 0, 0, 0, 0, 26, 0, 0, 0, '0', '0', '0', '13', NULL, NULL),
(158, 81, 12, 2023, 0, 0, 0, 0, 0, 0, 0, 0, '0', '0', '0', '13', NULL, NULL),
(159, 82, 12, 2023, 11, 12, 15, 0, 0, 0, 0, 0, '0', '0', '0', '0', NULL, NULL),
(160, 83, 12, 2023, 50, 50, 50, 0, 0, 0, 27, 50, '0', '0', '50', '0', NULL, NULL),
(161, 84, 12, 2023, 0, 0, 0, 0, 0, 0, 0, 0, '0', '68', '0', '0', NULL, NULL),
(162, 85, 12, 2023, 34, 636, 107, 0, 0, 0, 0, 0, '0', '559', '45', '0', NULL, NULL),
(163, 86, 12, 2023, 9, 163, 60, 0, 0, 0, 12, 10, '0', '16', '7', '0', NULL, NULL),
(164, 90, 12, 2023, 0, 0, 0, 0, 109, 0, 0, 0, '0', '0', '0', '269', NULL, NULL),
(165, 91, 12, 2023, 0, 0, 0, 0, 0, 0, 0, 0, '0', '0', '0', '46', NULL, NULL),
(166, 77, 1, 2024, 0, 0, 0, 0, 0, 0, 0, 0, '0', '0', '0', '66', NULL, NULL),
(167, 78, 1, 2024, 0, 0, 0, 0, 0, 0, 0, 0, '0', '0', '0', '60', NULL, NULL),
(168, 79, 1, 2024, 0, 0, 0, 0, 0, 0, 0, 0, '0', '0', '0', '22', NULL, NULL),
(169, 80, 1, 2024, 0, 0, 0, 0, 24, 0, 0, 0, '0', '0', '0', '9', NULL, NULL),
(170, 81, 1, 2024, 0, 0, 10, 0, 0, 0, 0, 0, '0', '0', '0', '0', NULL, NULL),
(171, 82, 1, 2024, 2, 14, 0, 0, 0, 0, 0, 3, '0', '0', '0', '16', NULL, NULL),
(172, 83, 1, 2024, 50, 50, 100, 0, 0, 0, 24, 100, '0', '0', '100', '0', NULL, NULL),
(173, 84, 1, 2024, 0, 0, 0, 0, 0, 0, 0, 0, '0', '218', '0', '0', NULL, NULL),
(174, 85, 1, 2024, 49, 718, 119, 0, 0, 0, 0, 0, '0', '596', '49', '0', NULL, NULL),
(175, 86, 1, 2024, 14, 189, 43, 0, 0, 0, 8, 58, '0', '12', '9', '0', NULL, NULL),
(176, 90, 1, 2024, 0, 0, 0, 0, 59, 0, 0, 0, '0', '0', '0', '213', NULL, NULL),
(177, 91, 1, 2024, 0, 0, 0, 0, 0, 0, 0, 0, '0', '0', '0', '71', NULL, NULL),
(178, 80, 2, 2024, 0, 0, 0, 19, 0, 0, 0, 0, '0', '0', '0', '4', NULL, NULL),
(179, 81, 2, 2024, 0, 0, 12, 0, 0, 0, 0, 0, '0', '0', '0', '0', NULL, NULL),
(180, 77, 2, 2024, 0, 2, 0, 0, 0, 0, 0, 0, '0', '0', '0', '57', NULL, NULL),
(181, 78, 2, 2024, 0, 0, 0, 0, 0, 0, 0, 0, '0', '0', '0', '79', NULL, NULL),
(182, 79, 2, 2024, 0, 0, 10, 0, 0, 0, 0, 0, '0', '0', '0', '17', NULL, NULL),
(183, 82, 2, 2024, 9, 4, 6, 0, 0, 0, 0, 5, '0', '0', '0', '14', NULL, NULL),
(184, 83, 2, 2024, 50, 50, 100, 0, 0, 0, 85, 100, '0', '0', '100', '0', NULL, NULL),
(185, 84, 2, 2024, 0, 0, 0, 0, 0, 0, 0, 0, '0', '385', '0', '0', NULL, NULL),
(186, 85, 2, 2024, 65, 620, 97, 0, 0, 0, 0, 0, '0', '549', '64', '0', NULL, NULL),
(187, 86, 2, 2024, 19, 254, 48, 0, 0, 0, 16, 51, '0', '27', '8', '0', NULL, NULL),
(188, 90, 2, 2024, 0, 0, 0, 87, 0, 0, 0, 0, '0', '0', '0', '285', NULL, NULL),
(189, 91, 2, 2024, 0, 0, 0, 0, 0, 0, 0, 0, '0', '0', '0', '48', NULL, NULL),
(191, 78, 3, 2024, 0, 0, 0, 0, 0, 0, 0, 0, '0', '0', '0', '61', NULL, NULL),
(192, 79, 3, 2024, 0, 0, 30, 0, 0, 0, 0, 0, '0', '0', '0', '29', NULL, NULL),
(193, 80, 3, 2024, 0, 0, 0, 0, 15, 0, 0, 0, '0', '0', '0', '6', NULL, NULL),
(194, 81, 3, 2024, 0, 0, 14, 0, 0, 0, 0, 0, '0', '0', '0', '0', NULL, NULL),
(195, 82, 3, 2024, 14, 3, 5, 1, 0, 0, 0, 4, '0', '0', '0', '7', NULL, NULL),
(196, 83, 3, 2024, 50, 50, 100, 0, 0, 0, 46, 100, '0', '0', '100', '0', NULL, NULL),
(197, 84, 3, 2024, 0, 0, 0, 0, 0, 0, 0, 0, '0', '446', '0', '0', NULL, NULL),
(198, 85, 3, 2024, 54, 584, 91, 0, 0, 0, 0, 0, '0', '535', '58', '0', NULL, NULL),
(199, 86, 3, 2024, 17, 306, 48, 0, 0, 0, 11, 32, '0', '24', '8', '0', NULL, NULL),
(200, 90, 3, 2024, 0, 0, 0, 0, 115, 0, 0, 0, '0', '0', '0', '335', NULL, NULL),
(201, 91, 3, 2024, 0, 0, 0, 0, 0, 0, 0, 0, '0', '0', '0', '50', NULL, NULL),
(223, 77, 3, 2024, 0, 0, 0, 0, 0, 0, 0, 0, '0', '0', '0', '47', NULL, NULL),
(224, 77, 4, 2024, 0, 0, 0, 0, 0, 0, 0, 0, '0', '0', '0', '52', NULL, NULL),
(225, 78, 4, 2024, 0, 0, 0, 0, 0, 0, 0, 0, '0', '0', '0', '74', NULL, NULL),
(226, 79, 4, 2024, 0, 0, 34, 0, 0, 0, 0, 0, '0', '0', '0', '40', NULL, NULL),
(227, 80, 4, 2024, 0, 0, 0, 2, 18, 0, 0, 0, '0', '0', '0', '4', NULL, NULL),
(228, 81, 4, 2024, 0, 0, 9, 0, 0, 0, 0, 0, '0', '0', '0', '5', NULL, NULL),
(229, 82, 4, 2024, 16, 0, 12, 0, 0, 0, 0, 5, '0', '0', '0', '4', NULL, NULL),
(230, 83, 4, 2024, 50, 50, 100, 0, 0, 0, 14, 100, '0', '0', '0', '50', NULL, NULL),
(231, 84, 4, 2024, 0, 0, 0, 0, 0, 0, 0, 0, '0', '429', '0', '0', NULL, NULL),
(232, 85, 4, 2024, 92, 728, 126, 0, 0, 0, 0, 0, '0', '686', '93', '0', NULL, NULL),
(233, 86, 4, 2024, 122, 164, 92, 0, 0, 0, 17, 49, '0', '24', '16', '0', NULL, NULL),
(234, 90, 4, 2024, 0, 0, 0, 0, 122, 0, 0, 0, '0', '0', '0', '354', NULL, NULL),
(235, 91, 4, 2024, 0, 0, 0, 0, 0, 0, 0, 0, '0', '0', '0', '38', NULL, NULL),
(236, 77, 5, 2024, 0, 0, 0, 0, 0, 0, 0, 0, '0', '0', '0', '59', NULL, NULL),
(237, 78, 5, 2024, 0, 0, 0, 0, 0, 0, 0, 0, '0', '0', '0', '61', NULL, NULL),
(238, 79, 5, 2024, 0, 0, 0, 0, 0, 0, 0, 0, '0', '0', '0', '114', NULL, NULL),
(239, 80, 5, 2024, 0, 0, 0, 5, 14, 0, 0, 0, '0', '0', '0', '3', NULL, NULL),
(240, 81, 5, 2024, 0, 0, 8, 0, 0, 0, 0, 0, '0', '0', '0', '4', NULL, NULL),
(241, 82, 5, 2024, 14, 3, 5, 6, 0, 0, 0, 9, '0', '0', '0', '2', NULL, NULL),
(242, 83, 5, 2024, 50, 50, 100, 0, 0, 0, 19, 100, '0', '0', '10', '0', NULL, NULL),
(243, 84, 5, 2024, 0, 0, 0, 0, 0, 0, 0, 0, '0', '202', '0', '0', NULL, NULL),
(244, 85, 5, 2024, 64, 665, 106, 0, 0, 0, 0, 0, '0', '594', '91', '0', NULL, NULL),
(245, 86, 5, 2024, 116, 164, 109, 0, 0, 0, 7, 42, '0', '38', '16', '0', NULL, NULL),
(246, 90, 5, 2024, 0, 0, 0, 0, 109, 0, 0, 0, '0', '0', '0', '342', NULL, NULL),
(247, 91, 5, 2024, 0, 0, 0, 0, 0, 0, 0, 0, '0', '0', '0', '16', NULL, NULL),
(248, 77, 6, 2024, 0, 0, 0, 0, 0, 0, 0, 0, '0', '0', '0', '40', NULL, NULL),
(249, 78, 6, 2024, 0, 0, 0, 0, 0, 0, 0, 0, '0', '0', '0', '55', NULL, NULL),
(250, 79, 6, 2024, 5, 0, 5, 0, 0, 0, 0, 0, '0', '0', '0', '49', NULL, NULL),
(251, 80, 6, 2024, 0, 0, 0, 0, 18, 0, 0, 0, '0', '0', '0', '3', NULL, NULL),
(252, 81, 6, 2024, 0, 0, 0, 0, 0, 0, 0, 0, '0', '0', '0', '1', NULL, NULL),
(253, 82, 6, 2024, 13, 3, 3, 6, 0, 0, 0, 10, '0', '0', '0', '2', NULL, NULL),
(254, 83, 6, 2024, 25, 25, 50, 0, 0, 0, 24, 100, '0', '0', '30', '0', NULL, NULL),
(255, 84, 6, 2024, 0, 0, 0, 0, 0, 0, 0, 0, '0', '98', '0', '0', NULL, NULL),
(256, 85, 6, 2024, 61, 634, 89, 0, 0, 0, 0, 0, '0', '523', '78', '0', NULL, NULL),
(257, 86, 6, 2024, 133, 83, 62, 0, 0, 0, 14, 28, '0', '27', '13', '0', NULL, NULL),
(258, 90, 6, 2024, 0, 0, 0, 0, 82, 0, 0, 0, '0', '0', '0', '283', NULL, NULL),
(259, 91, 6, 2024, 0, 0, 0, 0, 0, 0, 0, 0, '0', '0', '0', '23', NULL, NULL),
(260, 78, 7, 2024, 0, 0, 0, 0, 0, 0, 0, 0, '0', '0', '0', '71', NULL, NULL),
(261, 77, 7, 2024, 0, 30, 0, 15, 0, 0, 0, 0, '0', '0', '0', '0', NULL, NULL),
(262, 79, 7, 2024, 0, 0, 0, 0, 0, 0, 0, 0, '0', '0', '0', '87', NULL, NULL),
(263, 80, 7, 2024, 0, 0, 0, 0, 18, 0, 0, 0, '0', '0', '0', '4', NULL, NULL),
(264, 81, 7, 2024, 0, 0, 0, 0, 0, 0, 0, 0, '0', '0', '0', '25', NULL, NULL),
(265, 82, 7, 0, 15, 4, 2, 6, 0, 0, 0, 9, '0', '0', '0', '3', NULL, NULL),
(266, 83, 7, 2024, 50, 50, 50, 0, 0, 0, 37, 100, '0', '0', '50', '0', NULL, NULL),
(267, 84, 7, 2024, 0, 0, 0, 0, 0, 0, 0, 0, '0', '137', '0', '0', NULL, NULL),
(268, 85, 7, 2024, 97, 698, 94, 0, 0, 0, 0, 0, '0', '571', '86', '0', NULL, NULL),
(269, 90, 7, 2024, 0, 0, 0, 90, 0, 0, 0, 0, '0', '0', '0', '295', NULL, NULL),
(270, 91, 7, 2024, 0, 0, 0, 0, 0, 0, 0, 0, '0', '0', '0', '21', NULL, NULL),
(271, 77, 8, 2024, 93, 307, 35, 42, 0, 0, 3, 0, '0', '0', '18', '0', NULL, NULL),
(272, 78, 8, 2024, 0, 0, 0, 0, 0, 0, 0, 0, '0', '0', '0', '62', NULL, NULL),
(273, 79, 8, 2024, 0, 0, 20, 0, 0, 0, 0, 0, '0', '0', '0', '50', NULL, NULL),
(274, 80, 8, 2024, 0, 0, 0, 0, 20, 0, 0, 0, '0', '0', '0', '3', NULL, NULL),
(275, 81, 8, 2024, 0, 0, 1, 0, 0, 0, 0, 0, '0', '0', '0', '17', NULL, NULL),
(276, 82, 8, 2024, 17, 5, 2, 0, 0, 0, 0, 7, '0', '0', '0', '5', NULL, NULL),
(277, 83, 8, 2024, 50, 50, 50, 0, 0, 0, 68, 97, '0', '0', '50', '0', NULL, NULL),
(278, 84, 8, 2024, 0, 0, 0, 0, 0, 0, 0, 0, '0', '113', '0', '0', NULL, NULL),
(279, 85, 8, 2024, 102, 587, 93, 0, 0, 0, 0, 0, '0', '471', '86', '0', NULL, NULL),
(280, 90, 8, 2024, 0, 0, 0, 0, 0, 0, 0, 0, '0', '0', '0', '239', NULL, NULL),
(281, 91, 8, 2024, 0, 0, 0, 0, 0, 0, 0, 0, '0', '0', '0', '30', NULL, NULL),
(282, 77, 9, 2024, 57, 211, 49, 0, 0, 0, 7, 0, '0', '0', '0', '60', NULL, NULL),
(283, 78, 9, 2024, 0, 0, 0, 0, 0, 0, 0, 0, '0', '0', '0', '58', NULL, NULL),
(284, 79, 9, 2024, 0, 0, 0, 0, 0, 0, 0, 0, '0', '0', '0', '110', NULL, NULL),
(285, 80, 9, 2024, 0, 0, 0, 0, 23, 0, 0, 0, '0', '0', '0', '2', NULL, NULL),
(286, 81, 9, 2024, 0, 0, 0, 0, 0, 0, 0, 0, '0', '0', '0', '23', NULL, NULL),
(287, 82, 9, 2024, 21, 4, 4, 0, 0, 0, 0, 5, '0', '0', '0', '7', NULL, NULL),
(288, 83, 9, 2024, 50, 75, 50, 0, 0, 0, 81, 100, '0', '0', '75', '0', NULL, NULL),
(289, 84, 9, 2024, 0, 0, 0, 0, 0, 0, 0, 0, '0', '160', '0', '0', NULL, NULL),
(290, 85, 9, 2024, 41, 714, 69, 0, 0, 0, 0, 0, '0', '396', '54', '0', NULL, NULL),
(291, 90, 9, 2024, 0, 0, 0, 0, 80, 0, 0, 0, '0', '0', '0', '268', NULL, NULL),
(292, 91, 9, 2024, 0, 0, 0, 0, 0, 0, 0, 0, '0', '0', '0', '39', NULL, NULL),
(293, 77, 10, 2024, 52, 209, 35, 0, 0, 4, 0, 0, '0', '0', '0', '63', NULL, NULL),
(294, 78, 10, 2024, 0, 0, 0, 0, 0, 0, 0, 0, '0', '0', '0', '60', NULL, NULL),
(295, 79, 10, 2024, 0, 0, 0, 0, 0, 0, 0, 0, '0', '0', '0', '123', NULL, NULL),
(296, 80, 10, 2024, 0, 0, 0, 21, 0, 0, 0, 0, '0', '0', '0', '7', NULL, NULL),
(297, 81, 10, 2024, 0, 0, 1, 0, 0, 0, 0, 0, '0', '0', '0', '27', NULL, NULL),
(298, 82, 10, 2024, 20, 4, 3, 0, 0, 0, 0, 5, '0', '0', '0', '6', NULL, NULL),
(299, 83, 10, 2024, 50, 69, 50, 0, 0, 0, 50, 100, '0', '0', '50', '0', NULL, NULL),
(300, 84, 10, 2024, 0, 0, 0, 0, 0, 0, 0, 0, '0', '125', '0', '0', NULL, NULL),
(301, 85, 10, 2024, 39, 713, 68, 0, 0, 0, 0, 0, '0', '394', '53', '0', NULL, NULL),
(302, 90, 10, 2024, 0, 0, 0, 74, 0, 0, 0, 0, '0', '0', '0', '260', NULL, NULL),
(303, 91, 10, 2024, 0, 0, 0, 0, 0, 0, 0, 0, '0', '0', '0', '38', NULL, NULL),
(304, 77, 11, 2024, 21, 151, 28, 0, 0, 0, 3, 0, '0', '0', '0', '34', NULL, NULL),
(305, 78, 11, 2024, 0, 0, 0, 0, 0, 0, 0, 0, '0', '0', '0', '58', NULL, NULL),
(306, 79, 11, 2024, 0, 0, 0, 0, 0, 0, 0, 0, '0', '0', '0', '123', NULL, NULL),
(307, 80, 10, 2024, 0, 0, 0, 0, 22, 0, 0, 0, '0', '0', '0', '3', NULL, NULL),
(308, 80, 11, 2024, 0, 0, 0, 0, 22, 0, 0, 0, '0', '0', '0', '3', NULL, NULL),
(309, 81, 11, 2024, 0, 0, 0, 0, 0, 0, 0, 0, '0', '0', '0', '21', NULL, NULL),
(310, 82, 11, 2024, 23, 3, 4, 0, 0, 0, 0, 6, '0', '0', '0', '5', NULL, NULL),
(311, 83, 11, 2024, 50, 24, 100, 0, 0, 0, 50, 100, '0', '0', '100', '0', NULL, NULL),
(312, 84, 11, 2024, 0, 0, 0, 0, 0, 0, 0, 0, '0', '102', '0', '0', NULL, NULL),
(313, 85, 11, 2024, 86, 453, 79, 0, 0, 0, 0, 0, '0', '432', '71', '0', NULL, NULL),
(314, 90, 11, 2024, 0, 0, 0, 0, 49, 0, 0, 0, '0', '0', '0', '262', NULL, NULL),
(315, 91, 11, 2024, 0, 0, 0, 0, 0, 0, 0, 0, '0', '0', '0', '18', NULL, NULL),
(316, 77, 12, 2024, 21, 176, 23, 0, 0, 0, 6, 0, '0', '0', '0', '27', NULL, NULL),
(317, 78, 12, 2024, 0, 0, 0, 0, 0, 0, 0, 0, '0', '0', '0', '54', NULL, NULL),
(318, 79, 12, 2024, 0, 0, 0, 0, 0, 0, 0, 0, '0', '0', '0', '106', NULL, NULL),
(319, 80, 12, 2024, 0, 0, 0, 0, 31, 0, 0, 0, '0', '0', '0', '4', NULL, NULL),
(320, 81, 12, 2024, 0, 0, 0, 0, 0, 0, 0, 0, '0', '0', '0', '14', NULL, NULL),
(321, 82, 12, 2024, 26, 2, 4, 0, 0, 0, 0, 8, '0', '0', '0', '7', NULL, NULL),
(322, 83, 12, 2024, 50, 78, 100, 0, 0, 0, 50, 100, '0', '0', '100', '0', NULL, NULL),
(323, 84, 12, 2024, 0, 0, 0, 0, 0, 0, 0, 0, '0', '72', '0', '0', NULL, NULL),
(324, 85, 12, 2024, 98, 523, 89, 0, 0, 0, 0, 0, '0', '430', '81', '0', NULL, NULL),
(325, 90, 12, 2024, 0, 0, 0, 0, 39, 0, 0, 0, '0', '0', '0', '210', NULL, NULL),
(326, 91, 12, 2024, 0, 0, 0, 0, 0, 0, 0, 0, '0', '0', '0', '29', NULL, NULL);

--
-- Indexes for dumped tables
--

--
-- Indexes for table `automation_dashboard_child`
--
ALTER TABLE `automation_dashboard_child`
  ADD PRIMARY KEY (`id`);

--
-- Indexes for table `automation_dashboard_master`
--
ALTER TABLE `automation_dashboard_master`
  ADD PRIMARY KEY (`id`);

--
-- Indexes for table `bill_cycle_period`
--
ALTER TABLE `bill_cycle_period`
  ADD PRIMARY KEY (`id`);

--
-- Indexes for table `bill_run_status`
--
ALTER TABLE `bill_run_status`
  ADD PRIMARY KEY (`id`);

--
-- Indexes for table `buiseness_kpi_dashboard`
--
ALTER TABLE `buiseness_kpi_dashboard`
  ADD PRIMARY KEY (`id`);

--
-- Indexes for table `comments_details`
--
ALTER TABLE `comments_details`
  ADD PRIMARY KEY (`id`);

--
-- Indexes for table `eup_details`
--
ALTER TABLE `eup_details`
  ADD PRIMARY KEY (`id`);

--
-- Indexes for table `incidents_outages`
--
ALTER TABLE `incidents_outages`
  ADD PRIMARY KEY (`id`);

--
-- Indexes for table `incidents_reason`
--
ALTER TABLE `incidents_reason`
  ADD PRIMARY KEY (`id`);

--
-- Indexes for table `incidents_summary`
--
ALTER TABLE `incidents_summary`
  ADD PRIMARY KEY (`id`);

--
-- Indexes for table `incident_count_by_group`
--
ALTER TABLE `incident_count_by_group`
  ADD PRIMARY KEY (`id`);

--
-- Indexes for table `km_dashboard_child`
--
ALTER TABLE `km_dashboard_child`
  ADD PRIMARY KEY (`id`);

--
-- Indexes for table `km_dashboard_master`
--
ALTER TABLE `km_dashboard_master`
  ADD PRIMARY KEY (`id`);

--
-- Indexes for table `oi_dashboard_child`
--
ALTER TABLE `oi_dashboard_child`
  ADD PRIMARY KEY (`id`);

--
-- Indexes for table `oi_dashboard_master`
--
ALTER TABLE `oi_dashboard_master`
  ADD PRIMARY KEY (`id`);

--
-- Indexes for table `ongoing_escalations`
--
ALTER TABLE `ongoing_escalations`
  ADD PRIMARY KEY (`id`);

--
-- Indexes for table `opcos_list`
--
ALTER TABLE `opcos_list`
  ADD PRIMARY KEY (`id`);

--
-- Indexes for table `repeat_ticket_details`
--
ALTER TABLE `repeat_ticket_details`
  ADD PRIMARY KEY (`id`);

--
-- Indexes for table `report_summary`
--
ALTER TABLE `report_summary`
  ADD PRIMARY KEY (`id`);

--
-- Indexes for table `service_request_summary`
--
ALTER TABLE `service_request_summary`
  ADD PRIMARY KEY (`id`);

--
-- Indexes for table `si_dashboard_child`
--
ALTER TABLE `si_dashboard_child`
  ADD PRIMARY KEY (`id`);

--
-- Indexes for table `si_dashboard_master`
--
ALTER TABLE `si_dashboard_master`
  ADD PRIMARY KEY (`id`);

--
-- Indexes for table `team_size`
--
ALTER TABLE `team_size`
  ADD PRIMARY KEY (`id`);

--
-- Indexes for table `users`
--
ALTER TABLE `users`
  ADD PRIMARY KEY (`id`);

--
-- Indexes for table `user_details`
--
ALTER TABLE `user_details`
  ADD PRIMARY KEY (`emp_id`);

--
-- Indexes for table `user_opco`
--
ALTER TABLE `user_opco`
  ADD PRIMARY KEY (`id`);

--
-- Indexes for table `workorder_count_by_group`
--
ALTER TABLE `workorder_count_by_group`
  ADD PRIMARY KEY (`id`);

--
-- Indexes for table `work_order_summary`
--
ALTER TABLE `work_order_summary`
  ADD PRIMARY KEY (`id`);

--
-- AUTO_INCREMENT for dumped tables
--

--
-- AUTO_INCREMENT for table `automation_dashboard_child`
--
ALTER TABLE `automation_dashboard_child`
  MODIFY `id` int NOT NULL AUTO_INCREMENT,AUTO_INCREMENT=230;
--
-- AUTO_INCREMENT for table `automation_dashboard_master`
--
ALTER TABLE `automation_dashboard_master`
  MODIFY `id` int NOT NULL AUTO_INCREMENT,AUTO_INCREMENT=229;
--
-- AUTO_INCREMENT for table `bill_cycle_period`
--
ALTER TABLE `bill_cycle_period`
  MODIFY `id` int NOT NULL AUTO_INCREMENT,AUTO_INCREMENT=92;
--
-- AUTO_INCREMENT for table `bill_run_status`
--
ALTER TABLE `bill_run_status`
  MODIFY `id` int NOT NULL AUTO_INCREMENT,AUTO_INCREMENT=411;
--
-- AUTO_INCREMENT for table `buiseness_kpi_dashboard`
--
ALTER TABLE `buiseness_kpi_dashboard`
  MODIFY `id` int NOT NULL AUTO_INCREMENT,AUTO_INCREMENT=281;
--
-- AUTO_INCREMENT for table `comments_details`
--
ALTER TABLE `comments_details`
  MODIFY `id` int NOT NULL AUTO_INCREMENT,AUTO_INCREMENT=2;
--
-- AUTO_INCREMENT for table `eup_details`
--
ALTER TABLE `eup_details`
  MODIFY `id` int NOT NULL AUTO_INCREMENT,AUTO_INCREMENT=2;
--
-- AUTO_INCREMENT for table `incidents_outages`
--
ALTER TABLE `incidents_outages`
  MODIFY `id` int NOT NULL AUTO_INCREMENT,AUTO_INCREMENT=322;
--
-- AUTO_INCREMENT for table `incidents_reason`
--
ALTER TABLE `incidents_reason`
  MODIFY `id` int NOT NULL AUTO_INCREMENT,AUTO_INCREMENT=378;
--
-- AUTO_INCREMENT for table `incidents_summary`
--
ALTER TABLE `incidents_summary`
  MODIFY `id` int NOT NULL AUTO_INCREMENT,AUTO_INCREMENT=427;
--
-- AUTO_INCREMENT for table `incident_count_by_group`
--
ALTER TABLE `incident_count_by_group`
  MODIFY `id` int NOT NULL AUTO_INCREMENT,AUTO_INCREMENT=447;
--
-- AUTO_INCREMENT for table `km_dashboard_child`
--
ALTER TABLE `km_dashboard_child`
  MODIFY `id` int NOT NULL AUTO_INCREMENT,AUTO_INCREMENT=280;
--
-- AUTO_INCREMENT for table `km_dashboard_master`
--
ALTER TABLE `km_dashboard_master`
  MODIFY `id` int NOT NULL AUTO_INCREMENT,AUTO_INCREMENT=278;
--
-- AUTO_INCREMENT for table `oi_dashboard_child`
--
ALTER TABLE `oi_dashboard_child`
  MODIFY `id` int NOT NULL AUTO_INCREMENT,AUTO_INCREMENT=280;
--
-- AUTO_INCREMENT for table `oi_dashboard_master`
--
ALTER TABLE `oi_dashboard_master`
  MODIFY `id` int NOT NULL AUTO_INCREMENT,AUTO_INCREMENT=278;
--
-- AUTO_INCREMENT for table `ongoing_escalations`
--
ALTER TABLE `ongoing_escalations`
  MODIFY `id` int NOT NULL AUTO_INCREMENT,AUTO_INCREMENT=2;
--
-- AUTO_INCREMENT for table `opcos_list`
--
ALTER TABLE `opcos_list`
  MODIFY `id` int NOT NULL AUTO_INCREMENT,AUTO_INCREMENT=762;
--
-- AUTO_INCREMENT for table `repeat_ticket_details`
--
ALTER TABLE `repeat_ticket_details`
  MODIFY `id` int NOT NULL AUTO_INCREMENT,AUTO_INCREMENT=281;
--
-- AUTO_INCREMENT for table `report_summary`
--
ALTER TABLE `report_summary`
  MODIFY `id` int NOT NULL AUTO_INCREMENT,AUTO_INCREMENT=280;
--
-- AUTO_INCREMENT for table `service_request_summary`
--
ALTER TABLE `service_request_summary`
  MODIFY `id` int NOT NULL AUTO_INCREMENT,AUTO_INCREMENT=423;
--
-- AUTO_INCREMENT for table `si_dashboard_child`
--
ALTER TABLE `si_dashboard_child`
  MODIFY `id` int NOT NULL AUTO_INCREMENT,AUTO_INCREMENT=230;
--
-- AUTO_INCREMENT for table `si_dashboard_master`
--
ALTER TABLE `si_dashboard_master`
  MODIFY `id` int NOT NULL AUTO_INCREMENT,AUTO_INCREMENT=229;
--
-- AUTO_INCREMENT for table `team_size`
--
ALTER TABLE `team_size`
  MODIFY `id` int NOT NULL AUTO_INCREMENT,AUTO_INCREMENT=2;
--
-- AUTO_INCREMENT for table `users`
--
ALTER TABLE `users`
  MODIFY `id` int NOT NULL AUTO_INCREMENT,AUTO_INCREMENT=5;
--
-- AUTO_INCREMENT for table `workorder_count_by_group`
--
ALTER TABLE `workorder_count_by_group`
  MODIFY `id` int NOT NULL AUTO_INCREMENT,AUTO_INCREMENT=362;
--
-- AUTO_INCREMENT for table `work_order_summary`
--
ALTER TABLE `work_order_summary`
  MODIFY `id` int NOT NULL AUTO_INCREMENT,AUTO_INCREMENT=327;
/*!40101 SET CHARACTER_SET_CLIENT=@OLD_CHARACTER_SET_CLIENT */;
/*!40101 SET CHARACTER_SET_RESULTS=@OLD_CHARACTER_SET_RESULTS */;
/*!40101 SET COLLATION_CONNECTION=@OLD_COLLATION_CONNECTION */;
